Workbook

Sheet 613 Agronomy All VIs + Thresh +
A1: fid | B1: Date | C1: Time | D1: Version | E1: Id | F1: Name | G1: UniqueID | H1: Plot Numbe | I1: BLOC | J1: SPACING | K1: DENSITY | L1: VARIETY | M1: Yield | N1: 618ExG_mean | O1: 618ExG_variance | P1: 618ExR_mean | Q1: 618ExR_variance | R1: 618gNDVI_mean | S1: 618gNDVI_variance | T1: 618NVI_mean | U1: 618NVI_variance | V1: 618HA_mean | W1: 618HA_variance | X1: 618THRESH_mean | Y1: 618THRESH_variance | Z1: 618NDRE_mean | AA1: 618NDRE_variance | AB1: PLTCOUNT
A2: 1123 | B2: 45448 | C2: 01:08:31pm | D2: 4.71 | E2: 905 | F2: D25 | G2: 5009399f124b0578 | H2: 14004 | I2: =VLOOKUP(H2,Sheet1!H:AE,2) -> 3 | J2: =VLOOKUP(H2,Sheet1!H:T,3,FALSE) -> 22" | K2: =VLOOKUP($H2,Sheet1!H:$AE,4,FALSE) -> 150000 | L2: =VLOOKUP($H2,Sheet1!$H:$AE,5,FALSE) -> Zorro | M2: =VLOOKUP($H2,Sheet1!$H:$AE,13,FALSE) -> 1985 | N2: 2648.5104 | O2: 1746098.5 | P2: 15820.179 | Q2: 20481070 | R2: 0.37416141 | S2: 0.0034667381 | T2: 0.24928036 | U2: 0.0049886167 | V2: 1 | W2: 0 | X2: 0.63461432 | Y2: 0.23187898 | Z2: 0.10079552 | AA2: 0.0011483677 | AB2: 95
A3: 1124 | B3: 45448 | C3: 01:09:45pm | D3: 4.71 | E3: 905 | F3: D23 | G3: 500939e974326067 | H3: 13004 | I3: =VLOOKUP(H3,Sheet1!H:AE,2) -> 3 | J3: =VLOOKUP(H3,Sheet1!H:T,3,FALSE) -> 22" | K3: =VLOOKUP($H3,Sheet1!H:$AE,4,FALSE) -> 150000 | L3: =VLOOKUP($H3,Sheet1!$H:$AE,5,FALSE) -> Redhawk | M3: =VLOOKUP($H3,Sheet1!$H:$AE,13,FALSE) -> 821 | N3: 2650.0769 | O3: 1204924.9 | P3: 16666.338 | Q3: 15995491 | R3: 0.35800444 | S3: 0.0024858345 | T3: 0.22809271 | U3: 0.0026127804 | V3: 0.98711135 | W3: 0.012722533 | X3: 0.56377741 | Y3: 0.24593244 | Z3: 0.10154143 | AA3: 0.00081137284 | AB3: 53
A4: 1125 | B4: 45448 | C4: 01:10:13pm | D4: 4.71 | E4: 905 | F4: D21 | G4: 50093a0530f42610 | H4: 12004 | I4: =VLOOKUP(H4,Sheet1!H:AE,2) -> 3 | J4: =VLOOKUP(H4,Sheet1!H:T,3,FALSE) -> 22" | K4: =VLOOKUP($H4,Sheet1!H:$AE,4,FALSE) -> 150000 | L4: =VLOOKUP($H4,Sheet1!$H:$AE,5,FALSE) -> Cayenne | M4: =VLOOKUP($H4,Sheet1!$H:$AE,13,FALSE) -> 1897 | N4: 2768.7995 | O4: 1359173.4 | P4: 16644.478 | Q4: 16886150 | R4: 0.35982636 | S4: 0.0030575287 | T4: 0.23004306 | U4: 0.0040955777 | V4: 0.85078054 | W4: 0.12695301 | X4: 0.36875719 | Y4: 0.23277532 | Z4: 0.11647585 | AA4: 0.00088454665 | AB4: 57
A5: 1126 | B5: 45448 | C5: 01:10:34pm | D5: 4.71 | E5: 905 | F5: D19 | G5: 50093a1a08b553e0 | H5: 11004 | I5: =VLOOKUP(H5,Sheet1!H:AE,2) -> 3 | J5: =VLOOKUP(H5,Sheet1!H:T,3,FALSE) -> 22" | K5: =VLOOKUP($H5,Sheet1!H:$AE,4,FALSE) -> 150000 | L5: =VLOOKUP($H5,Sheet1!$H:$AE,5,FALSE) -> Windbreaker | M5: =VLOOKUP($H5,Sheet1!$H:$AE,13,FALSE) -> 1964 | N5: 2623.8886 | O5: 2033207.2 | P5: 16174.961 | Q5: 19747834 | R5: 0.37351339 | S5: 0.0027929083 | T5: 0.23476086 | U5: 0.0044131266 | V5: 0.99985185 | W5: 0.00014812346 | X5: 0.67725905 | Y5: 0.21857923 | Z5: 0.13521569 | AA5: 0.00090151646 | AB5: 71
A6: 1127 | B6: 45448 | C6: 01:10:55pm | D6: 4.71 | E6: 905 | F6: D17 | G6: 50093a2f7621b22f | H6: 10004 | I6: =VLOOKUP(H6,Sheet1!H:AE,2) -> 3 | J6: =VLOOKUP(H6,Sheet1!H:T,3,FALSE) -> 22" | K6: =VLOOKUP($H6,Sheet1!H:$AE,4,FALSE) -> 150000 | L6: =VLOOKUP($H6,Sheet1!$H:$AE,5,FALSE) -> Eclipse | M6: =VLOOKUP($H6,Sheet1!$H:$AE,13,FALSE) -> 1693 | N6: 2341.0078 | O6: 1269082.1 | P6: 15830.24 | Q6: 17925003 | R6: 0.39021857 | S6: 0.0028976654 | T6: 0.23160747 | U6: 0.0037761625 | V6: 0.81030779 | W6: 0.15370908 | X6: 0.17085224 | Y6: 0.14166175 | Z6: 0.077678777 | AA6: 0.001123971 | AB6: 65
A7: 1128 | B7: 45448 | C7: 01:11:16pm | D7: 4.71 | E7: 905 | F7: D15 | G7: 50093a442aae9133 | H7: 9004 | I7: =VLOOKUP(H7,Sheet1!H:AE,2) -> 2 | J7: =VLOOKUP(H7,Sheet1!H:T,3,FALSE) -> 22" | K7: =VLOOKUP($H7,Sheet1!H:$AE,4,FALSE) -> 150000 | L7: =VLOOKUP($H7,Sheet1!$H:$AE,5,FALSE) -> CLERK | M7: =VLOOKUP($H7,Sheet1!$H:$AE,13,FALSE) -> 839 | N7: 2883.1388 | O7: 2522768.4 | P7: 16075.221 | Q7: 19682200 | R7: 0.37081627 | S7: 0.002956207 | T7: 0.23934029 | U7: 0.004982097 | V7: 1 | W7: 0 | X7: 0.90202177 | Y7: 0.088378494 | Z7: 0.10209412 | AA7: 0.00085563714 | AB7: 84
A8: 1129 | B8: 45448 | C8: 01:11:37pm | D8: 4.71 | E8: 905 | F8: D13 | G8: 50093a597a18dd17 | H8: 8004 | I8: =VLOOKUP(H8,Sheet1!H:AE,2) -> 2 | J8: =VLOOKUP(H8,Sheet1!H:T,3,FALSE) -> 22" | K8: =VLOOKUP($H8,Sheet1!H:$AE,4,FALSE) -> 150000 | L8: =VLOOKUP($H8,Sheet1!$H:$AE,5,FALSE) -> Red Rover | M8: =VLOOKUP($H8,Sheet1!$H:$AE,13,FALSE) -> 994 | N8: 2734.644 | O8: 2977435.5 | P8: 16039.588 | Q8: 24524407 | R8: 0.3734447 | S8: 0.0039762759 | T8: 0.24327959 | U8: 0.0065227014 | V8: 0.99994445 | W8: 5.555144e-05 | X8: 0.90578296 | Y8: 0.085340186 | Z8: 0.096373351 | AA8: 0.00091612187 | AB8: 84
A9: 1130 | B9: 45448 | C9: 01:11:58pm | D9: 4.71 | E9: 905 | F9: D11 | G9: 50093a6e39d14fbd | H9: 7004 | I9: =VLOOKUP(H9,Sheet1!H:AE,2) -> 2 | J9: =VLOOKUP(H9,Sheet1!H:T,3,FALSE) -> 22" | K9: =VLOOKUP($H9,Sheet1!H:$AE,4,FALSE) -> 150000 | L9: =VLOOKUP($H9,Sheet1!$H:$AE,5,FALSE) -> Red Dawn | M9: =VLOOKUP($H9,Sheet1!$H:$AE,13,FALSE) -> 700 | N9: 2865.1414 | O9: 2889644 | P9: 16264.204 | Q9: 18243755 | R9: 0.35610063 | S9: 0.0031595107 | T9: 0.23424732 | U9: 0.0056627159 | V9: 0.96777837 | W9: 0.031183392 | X9: 0.60827313 | Y9: 0.23827693 | Z9: 0.093056266 | AA9: 0.00093336124 | AB9: 63
A10: 1131 | B10: 45448 | C10: 01:12:19pm | D10: 4.71 | E10: 905 | F10: D9 | G10: 50093a832c9493fd | H10: 6004 | I10: =VLOOKUP(H10,Sheet1!H:AE,2) -> 2 | J10: =VLOOKUP(H10,Sheet1!H:T,3,FALSE) -> 22" | K10: =VLOOKUP($H10,Sheet1!H:$AE,4,FALSE) -> 150000 | L10: =VLOOKUP($H10,Sheet1!$H:$AE,5,FALSE) -> T9905 | M10: =VLOOKUP($H10,Sheet1!$H:$AE,13,FALSE) -> 2396 | N10: 2608.4308 | O10: 1315844.3 | P10: 16185.342 | Q10: 15835866 | R10: 0.35720251 | S10: 0.0025329642 | T10: 0.22171643 | U10: 0.003112249 | V10: 0.99727783 | W10: 0.0027147616 | X10: 0.5721306 | Y10: 0.24479718 | Z10: 0.08587291 | AA10: 0.00087433742 | AB10: 61
A11: 1132 | B11: 45448 | C11: 01:12:40pm | D11: 4.71 | E11: 905 | F11: D7 | G11: 50093a987f396412 | H11: 5004 | I11: =VLOOKUP(H11,Sheet1!H:AE,2) -> 1 | J11: =VLOOKUP(H11,Sheet1!H:T,3,FALSE) -> 22" | K11: =VLOOKUP($H11,Sheet1!H:$AE,4,FALSE) -> 150000 | L11: =VLOOKUP($H11,Sheet1!$H:$AE,5,FALSE) -> Ronnies red | M11: =VLOOKUP($H11,Sheet1!$H:$AE,13,FALSE) -> 988 | N11: 2967.8138 | O11: 3274480.3 | P11: 16174.791 | Q11: 18347066 | R11: 0.35419235 | S11: 0.0030469032 | T11: 0.23395861 | U11: 0.0055424892 | V11: 0.99990741 | W11: 9.2580591e-05 | X11: 0.70771255 | Y11: 0.2068555 | Z11: 0.090307155 | AA11: 0.00095910824 | AB11: 73
A12: 1133 | B12: 45448 | C12: 01:13:01pm | D12: 4.71 | E12: 905 | F12: D5 | G12: 50093aad1f4f98d9 | H12: 4004 | I12: =VLOOKUP(H12,Sheet1!H:AE,2) -> 1 | J12: =VLOOKUP(H12,Sheet1!H:T,3,FALSE) -> 22" | K12: =VLOOKUP($H12,Sheet1!H:$AE,4,FALSE) -> 150000 | L12: =VLOOKUP($H12,Sheet1!$H:$AE,5,FALSE) -> Merlot | M12: =VLOOKUP($H12,Sheet1!$H:$AE,13,FALSE) -> 2033 | N12: 2580.4687 | O12: 1069805.3 | P12: 16611.261 | Q12: 14939708 | R12: 0.35062413 | S12: 0.0025761499 | T12: 0.22588639 | U12: 0.003099408 | V12: 0.99931481 | W12: 0.00068471571 | X12: 0.57510836 | Y12: 0.24435873 | Z12: 0.094957034 | AA12: 0.00084252625 | AB12: 55
A13: 1134 | B13: 45448 | C13: 01:13:21pm | D13: 4.71 | E13: 905 | F13: D3 | G13: 50093ac156fbaaaa | H13: 3004 | I13: =VLOOKUP(H13,Sheet1!H:AE,2) -> 1 | J13: =VLOOKUP(H13,Sheet1!H:T,3,FALSE) -> 22" | K13: =VLOOKUP($H13,Sheet1!H:$AE,4,FALSE) -> 150000 | L13: =VLOOKUP($H13,Sheet1!$H:$AE,5,FALSE) -> Apex | M13: =VLOOKUP($H13,Sheet1!$H:$AE,13,FALSE) -> 2070 | N13: 2911.366 | O13: 2691615 | P13: 15834.873 | Q13: 18238243 | R13: 0.36419508 | S13: 0.0034112521 | T13: 0.24368605 | U13: 0.0066725625 | V13: 1 | W13: 0 | X13: 0.62852226 | Y13: 0.23348203 | Z13: 0.10455132 | AA13: 0.00099505154 | AB13: 84
... A58: 1181 | B58: 45448 | C58: 01:38:48pm | D58: 4.71 | E58: 905 | F58: U27 | G58: 500930b8015b0226 | H58: 15007 | I58: =VLOOKUP(H58,Sheet1!H:AE,2) -> 3 | J58: =VLOOKUP(H58,Sheet1!H:T,3,FALSE) -> 22" | K58: =VLOOKUP($H58,Sheet1!H:$AE,4,FALSE) -> 75000 | L58: =VLOOKUP($H58,Sheet1!$H:$AE,5,FALSE) -> Cayenne | M58: =VLOOKUP($H58,Sheet1!$H:$AE,13,FALSE) -> 2032 | N58: 2301.3513 | O58: 984438.27 | P58: 15773.065 | Q58: 16690309 | R58: 0.36603813 | S58: 0.0024000532 | T58: 0.23411301 | U58: 0.0024913176 | V58: 0.99896296 | W58: 0.0010359616 | X58: 0.50020245 | Y58: 0.24999996 | Z58: 0.084192932 | AA58: 0.0029695729 | AB58: 47
A59: 1182 | B59: 45448 | C59: 01:41:13pm | D59: 4.71 | E59: 905 | F59: D27 | G59: 5.009315e+15 | H59: 15008 | I59: =VLOOKUP(H59,Sheet1!H:AE,2) -> 3 | J59: =VLOOKUP(H59,Sheet1!H:T,3,FALSE) -> 22" | K59: =VLOOKUP($H59,Sheet1!H:$AE,4,FALSE) -> 150000 | L59: =VLOOKUP($H59,Sheet1!$H:$AE,5,FALSE) -> Windbreaker | M59: =VLOOKUP($H59,Sheet1!$H:$AE,13,FALSE) -> 1502 | N59: 2500.2492 | O59: 2216482.7 | P59: 16005.321 | Q59: 21312647 | R59: 0.38268686 | S59: 0.0027186556 | T59: 0.25268512 | U59: 0.003844162 | V59: 0.99992593 | W59: 7.4065844e-05 | X59: 0.60215895 | Y59: 0.23956355 | Z59: 0.084192932 | AA59: 0.0029695729 | AB59: 71
A60: 1184 | B60: 45448 | C60: 01:41:47pm | D60: 4.71 | E60: 905 | F60: D23 | G60: 5009316b170729f3 | H60: 13008 | I60: =VLOOKUP(H60,Sheet1!H:AE,2) -> 3 | J60: =VLOOKUP(H60,Sheet1!H:T,3,FALSE) -> 22" | K60: =VLOOKUP($H60,Sheet1!H:$AE,4,FALSE) -> 150000 | L60: =VLOOKUP($H60,Sheet1!$H:$AE,5,FALSE) -> Cayenne | M60: =VLOOKUP($H60,Sheet1!$H:$AE,13,FALSE) -> 2029 | N60: 2590.6995 | O60: 1216633 | P60: 16280.355 | Q60: 17463173 | R60: 0.36160577 | S60: 0.0031768468 | T60: 0.23414287 | U60: 0.0042061687 | V60: 1 | W60: 0 | X60: 0.45128101 | Y60: 0.24762646 | Z60: 0.10154143 | AA60: 0.00081137284 | AB60: 92
A61: 1185 | B61: 45448 | C61: 01:43:10pm | D61: 4.71 | E61: 905 | F61: D21 | G61: 500931be718e62fc | H61: 12008 | I61: =VLOOKUP(H61,Sheet1!H:AE,2) -> 3 | J61: =VLOOKUP(H61,Sheet1!H:T,3,FALSE) -> 22" | K61: =VLOOKUP($H61,Sheet1!H:$AE,4,FALSE) -> 150000 | L61: =VLOOKUP($H61,Sheet1!$H:$AE,5,FALSE) -> ETNA | M61: =VLOOKUP($H61,Sheet1!$H:$AE,13,FALSE) -> 218 | N61: 2627.6234 | O61: 1846395.2 | P61: 16646.071 | Q61: 16918247 | R61: 0.34245004 | S61: 0.0034181251 | T61: 0.21999205 | U61: 0.0046435246 | V61: 0.71509787 | W61: 0.20373291 | X61: 0.21651344 | Y61: 0.16963537 | Z61: 0.11647585 | AA61: 0.00088454665 | AB61: 34
A62: 1186 | B62: 45448 | C62: 01:43:27pm | D62: 4.71 | E62: 905 | F62: D19 | G62: 500931cf441ba1bb | H62: 11008 | I62: =VLOOKUP(H62,Sheet1!H:AE,2) -> 3 | J62: =VLOOKUP(H62,Sheet1!H:T,3,FALSE) -> 22" | K62: =VLOOKUP($H62,Sheet1!H:$AE,4,FALSE) -> 150000 | L62: =VLOOKUP($H62,Sheet1!$H:$AE,5,FALSE) -> Apex | M62: =VLOOKUP($H62,Sheet1!$H:$AE,13,FALSE) -> 1864 | N62: 2814.8537 | O62: 3529001.7 | P62: 16620.725 | Q62: 21238804 | R62: 0.35379896 | S62: 0.0047574319 | T62: 0.23627894 | U62: 0.00537333 | V62: 0.99896296 | W62: 0.0010359616 | X62: 0.43331738 | Y62: 0.24555343 | Z62: 0.13521569 | AA62: 0.00090151646 | AB62: 74
A63: 1187 | B63: 45448 | C63: 01:43:44pm | D63: 4.71 | E63: 905 | F63: D17 | G63: 500931e05692012d | H63: 10008 | I63: =VLOOKUP(H63,Sheet1!H:AE,2) -> 3 | J63: =VLOOKUP(H63,Sheet1!H:T,3,FALSE) -> 22" | K63: =VLOOKUP($H63,Sheet1!H:$AE,4,FALSE) -> 150000 | L63: =VLOOKUP($H63,Sheet1!$H:$AE,5,FALSE) -> Red Rover | M63: =VLOOKUP($H63,Sheet1!$H:$AE,13,FALSE) -> 1045 | N63: 2852.7317 | O63: 2730640.9 | P63: 15404.725 | Q63: 23674913 | R63: 0.40429088 | S63: 0.0037530744 | T63: 0.26479804 | U63: 0.0077084595 | V63: 1 | W63: 0 | X63: 0.61953491 | Y63: 0.23571141 | Z63: 0.077678777 | AA63: 0.001123971 | AB63: 87
A64: 1188 | B64: 45448 | C64: 01:44:01pm | D64: 4.71 | E64: 905 | F64: D15 | G64: 500931f15831b7e0 | H64: 9008 | I64: =VLOOKUP(H64,Sheet1!H:AE,2) -> 2 | J64: =VLOOKUP(H64,Sheet1!H:T,3,FALSE) -> 22" | K64: =VLOOKUP($H64,Sheet1!H:$AE,4,FALSE) -> 150000 | L64: =VLOOKUP($H64,Sheet1!$H:$AE,5,FALSE) -> Zorro | M64: =VLOOKUP($H64,Sheet1!$H:$AE,13,FALSE) -> 1911 | N64: 2933.2706 | O64: 2953666.4 | P64: 15980.673 | Q64: 20740896 | R64: 0.3665152 | S64: 0.0040269258 | T64: 0.24221883 | U64: 0.0071156065 | V64: 1 | W64: 0 | X64: 0.50837896 | Y64: 0.24992979 | Z64: 0.10209412 | AA64: 0.00085563714 | AB64: 96
A65: 1189 | B65: 45448 | C65: 01:44:18pm | D65: 4.71 | E65: 905 | F65: D13 | G65: 500932020f58c618 | H65: 8008 | I65: =VLOOKUP(H65,Sheet1!H:AE,2) -> 2 | J65: =VLOOKUP(H65,Sheet1!H:T,3,FALSE) -> 22" | K65: =VLOOKUP($H65,Sheet1!H:$AE,4,FALSE) -> 150000 | L65: =VLOOKUP($H65,Sheet1!$H:$AE,5,FALSE) -> black bear | M65: =VLOOKUP($H65,Sheet1!$H:$AE,13,FALSE) -> 2266 | N65: 2687.6418 | O65: 1766277.9 | P65: 16526.164 | Q65: 20729808 | R65: 0.32278798 | S65: 0.0039985792 | T65: 0.23495791 | U65: 0.0046124173 | V65: 1 | W65: 0 | X65: 0.60037178 | Y65: 0.23992551 | Z65: 0.096373351 | AA65: 0.00091612187 | AB65: 89
A66: 1190 | B66: 45448 | C66: 01:44:35pm | D66: 4.71 | E66: 905 | F66: D11 | G66: 5009321313b82097 | H66: 7008 | I66: =VLOOKUP(H66,Sheet1!H:AE,2) -> 2 | J66: =VLOOKUP(H66,Sheet1!H:T,3,FALSE) -> 22" | K66: =VLOOKUP($H66,Sheet1!H:$AE,4,FALSE) -> 150000 | L66: =VLOOKUP($H66,Sheet1!$H:$AE,5,FALSE) -> Eclipse | M66: =VLOOKUP($H66,Sheet1!$H:$AE,13,FALSE) -> 2113 | N66: 2859.044 | O66: 1293345.3 | P66: 16168.846 | Q66: 15768861 | R66: 0.3430859 | S66: 0.0035191541 | T66: 0.2291819 | U66: 0.0053039168 | V66: 1 | W66: 0 | X66: 0.4982193 | Y66: 0.24999683 | Z66: 0.093056266 | AA66: 0.00093336124 | AB66: 111
A67: 1191 | B67: 45448 | C67: 01:44:52pm | D67: 4.71 | E67: 905 | F67: D9 | G67: 50093224293f387a | H67: 6008 | I67: =VLOOKUP(H67,Sheet1!H:AE,2) -> 2 | J67: =VLOOKUP(H67,Sheet1!H:T,3,FALSE) -> 22" | K67: =VLOOKUP($H67,Sheet1!H:$AE,4,FALSE) -> 150000 | L67: =VLOOKUP($H67,Sheet1!$H:$AE,5,FALSE) -> T9905 | M67: =VLOOKUP($H67,Sheet1!$H:$AE,13,FALSE) -> 2690 | N67: 2726.6898 | O67: 1346077.6 | P67: 16560.935 | Q67: 15842426 | R67: 0.35069968 | S67: 0.0023645621 | T67: 0.21770672 | U67: 0.0027461691 | V67: 0.99875928 | W67: 0.0012391784 | X67: 0.48859359 | Y67: 0.24986989 | Z67: 0.090332478 | AA67: 0.001026119 | AB67: 72
A68: 1192 | B68: 45448 | C68: 01:45:08pm | D68: 4.71 | E68: 905 | F68: D7 | G68: 500932344a5c82a7 | H68: 5008 | I68: =VLOOKUP(H68,Sheet1!H:AE,2) -> 2 | J68: =VLOOKUP(H68,Sheet1!H:T,3,FALSE) -> 22" | K68: =VLOOKUP($H68,Sheet1!H:$AE,4,FALSE) -> 150000 | L68: =VLOOKUP($H68,Sheet1!$H:$AE,5,FALSE) -> CLERK | M68: =VLOOKUP($H68,Sheet1!$H:$AE,13,FALSE) -> 1081 | N68: 3047.6716 | O68: 2984034.3 | P68: 16102.052 | Q68: 18924779 | R68: 0.36579328 | S68: 0.0031060726 | T68: 0.24173183 | U68: 0.0066712011 | V68: 1 | W68: 0 | X68: 0.56504854 | Y68: 0.24576869 | Z68: 0.08587291 | AA68: 0.00087433742 | AB68: 84
A69: 1193 | B69: 45448 | C69: 01:47:21pm | D69: 4.71 | E69: 905 | F69: D5 | G69: 500932b92c1203b8 | H69: 4008 | I69: =VLOOKUP(H69,Sheet1!H:AE,2) -> 1 | J69: =VLOOKUP(H69,Sheet1!H:T,3,FALSE) -> 22" | K69: =VLOOKUP($H69,Sheet1!H:$AE,4,FALSE) -> 150000 | L69: =VLOOKUP($H69,Sheet1!$H:$AE,5,FALSE) -> Red Dawn | M69: =VLOOKUP($H69,Sheet1!$H:$AE,13,FALSE) -> 741 | N69: 3024.3901 | O69: 3588103.5 | P69: 16093.277 | Q69: 19682720 | R69: 0.36672129 | S69: 0.0031924875 | T69: 0.24353069 | U69: 0.0066593746 | V69: 1 | W69: 0 | X69: 0.4632041 | Y69: 0.24864606 | Z69: 0.090307155 | AA69: 0.00095910824 | AB69: 65
A70: 1194 | B70: 45448 | C70: 01:47:38pm | D70: 4.71 | E70: 905 | F70: D3 | G70: 500932ca52befd13 | H70: 3008 | I70: =VLOOKUP(H70,Sheet1!H:AE,2) -> 1 | J70: =VLOOKUP(H70,Sheet1!H:T,3,FALSE) -> 22" | K70: =VLOOKUP($H70,Sheet1!H:$AE,4,FALSE) -> 150000 | L70: =VLOOKUP($H70,Sheet1!$H:$AE,5,FALSE) -> Ronnies red | M70: =VLOOKUP($H70,Sheet1!$H:$AE,13,FALSE) -> 991 | N70: 2745.2425 | O70: 3042196.3 | P70: 15475.814 | Q70: 19155214 | R70: 0.36397781 | S70: 0.0032474304 | T70: 0.2441702 | U70: 0.0063944059 | V70: 1 | W70: 0 | X70: 0.61993503 | Y70: 0.23561559 | Z70: 0.094957034 | AA70: 0.00084252625 | AB70: 68
A71: 1195 | B71: 45448 | C71: 01:47:55pm | D71: 4.71 | E71: 905 | F71: D1 | G71: 500932db3f68c504 | H71: 2008 | I71: =VLOOKUP(H71,Sheet1!H:AE,2) -> 1 | J71: =VLOOKUP(H71,Sheet1!H:T,3,FALSE) -> 22" | K71: =VLOOKUP($H71,Sheet1!H:$AE,4,FALSE) -> 150000 | L71: =VLOOKUP($H71,Sheet1!$H:$AE,5,FALSE) -> Merlot | M71: =VLOOKUP($H71,Sheet1!$H:$AE,13,FALSE) -> 1672 | N71: 2134.8715 | O71: 948777.01 | P71: 15745.689 | Q71: 16564865 | R71: 0.36279978 | S71: 0.0022943075 | T71: 0.22663083 | U71: 0.0022590396 | V71: 0.90253704 | W71: 0.087963934 | X71: 0.49819169 | Y71: 0.24999673 | Z71: 0.10455132 | AA71: 0.00099505154 | AB71: 37
... A80: 1204 | B80: 45448 | C80: 01:57:11pm | D80: 4.71 | E80: 905 | F80: U13 | G80: 500935070683b2d8 | H80: 8009 | I80: =VLOOKUP(H80,Sheet1!H:AE,2) -> 2 | J80: =VLOOKUP(H80,Sheet1!H:T,3,FALSE) -> 22" | K80: =VLOOKUP($H80,Sheet1!H:$AE,4,FALSE) -> 100000 | L80: =VLOOKUP($H80,Sheet1!$H:$AE,5,FALSE) -> Red Rover | M80: =VLOOKUP($H80,Sheet1!$H:$AE,13,FALSE) -> 1163 | N80: 2697.6135 | O80: 2252523.6 | P80: 16804.376 | Q80: 19652212 | R80: 0.32144867 | S80: 0.0036530339 | T80: 0.22917213 | U80: 0.0042064861 | V80: 1 | W80: 0 | X80: 0.73881435 | Y80: 0.19296771 | Z80: 0.096373351 | AA80: 0.00091612187 | AB80: 65
A81: 1205 | B81: 45448 | C81: 01:57:28pm | D81: 4.71 | E81: 905 | F81: U15 | G81: 5.0093518e+15 | H81: 9009 | I81: =VLOOKUP(H81,Sheet1!H:AE,2) -> 2 | J81: =VLOOKUP(H81,Sheet1!H:T,3,FALSE) -> 22" | K81: =VLOOKUP($H81,Sheet1!H:$AE,4,FALSE) -> 100000 | L81: =VLOOKUP($H81,Sheet1!$H:$AE,5,FALSE) -> Apex | M81: =VLOOKUP($H81,Sheet1!$H:$AE,13,FALSE) -> 1876 | N81: 2824.1872 | O81: 1962483.3 | P81: 16152.804 | Q81: 17095845 | R81: 0.35609429 | S81: 0.0024898857 | T81: 0.22878283 | U81: 0.0035898802 | V81: 0.99972222 | W81: 0.00027770062 | X81: 0.6494667 | Y81: 0.22765971 | Z81: 0.10209412 | AA81: 0.00085563714 | AB81: 78
A82: 1206 | B82: 45448 | C82: 01:57:45pm | D82: 4.71 | E82: 905 | F82: U17 | G82: 500935296ee2769c | H82: 10009 | I82: =VLOOKUP(H82,Sheet1!H:AE,2) -> 3 | J82: =VLOOKUP(H82,Sheet1!H:T,3,FALSE) -> 22" | K82: =VLOOKUP($H82,Sheet1!H:$AE,4,FALSE) -> 100000 | L82: =VLOOKUP($H82,Sheet1!$H:$AE,5,FALSE) -> Windbreaker | M82: =VLOOKUP($H82,Sheet1!$H:$AE,13,FALSE) -> 1965 | N82: 2722.5146 | O82: 1910094.8 | P82: 16304.445 | Q82: 19094756 | R82: 0.39470779 | S82: 0.0029269569 | T82: 0.24547568 | U82: 0.0040228767 | V82: 1 | W82: 0 | X82: 0.59452072 | Y82: 0.24106583 | Z82: 0.077678777 | AA82: 0.001123971 | AB82: 71
A83: 1207 | B83: 45448 | C83: 01:59:14pm | D83: 4.71 | E83: 905 | F83: U19 | G83: 500935820e50ca1d | H83: 11009 | I83: =VLOOKUP(H83,Sheet1!H:AE,2) -> 3 | J83: =VLOOKUP(H83,Sheet1!H:T,3,FALSE) -> 22" | K83: =VLOOKUP($H83,Sheet1!H:$AE,4,FALSE) -> 100000 | L83: =VLOOKUP($H83,Sheet1!$H:$AE,5,FALSE) -> T9905 | M83: =VLOOKUP($H83,Sheet1!$H:$AE,13,FALSE) -> 1558 | N83: 2579.9998 | O83: 1147924.4 | P83: 16647.3 | Q83: 14402247 | R83: 0.34870272 | S83: 0.0021971136 | T83: 0.217909 | U83: 0.0021655164 | V83: 0.92440741 | W83: 0.069878353 | X83: 0.50121934 | Y83: 0.24999851 | Z83: 0.13521569 | AA83: 0.00090151646 | AB83: 41
A84: 1208 | B84: 45448 | C84: 01:59:30pm | D84: 4.71 | E84: 905 | F84: U21 | G84: 500935926109b79f | H84: 12009 | I84: =VLOOKUP(H84,Sheet1!H:AE,2) -> 3 | J84: =VLOOKUP(H84,Sheet1!H:T,3,FALSE) -> 22" | K84: =VLOOKUP($H84,Sheet1!H:$AE,4,FALSE) -> 100000 | L84: =VLOOKUP($H84,Sheet1!$H:$AE,5,FALSE) -> Nautica | M84: =VLOOKUP($H84,Sheet1!$H:$AE,13,FALSE) -> 1797 | N84: 2699.5853 | O84: 1495953.3 | P84: 16672.322 | Q84: 13747705 | R84: 0.34590273 | S84: 0.0023232196 | T84: 0.21385445 | U84: 0.0029101426 | V84: 0.99942594 | W84: 0.00057373389 | X84: 0.43499227 | Y84: 0.245774 | Z84: 0.11647585 | AA84: 0.00088454665 | AB84: 63
A85: 1209 | B85: 45448 | C85: 01:59:47pm | D85: 4.71 | E85: 905 | F85: U23 | G85: 500935a376bc7075 | H85: 13009 | I85: =VLOOKUP(H85,Sheet1!H:AE,2) -> 3 | J85: =VLOOKUP(H85,Sheet1!H:T,3,FALSE) -> 22" | K85: =VLOOKUP($H85,Sheet1!H:$AE,4,FALSE) -> 100000 | L85: =VLOOKUP($H85,Sheet1!$H:$AE,5,FALSE) -> Zorro | M85: =VLOOKUP($H85,Sheet1!$H:$AE,13,FALSE) -> 1891 | N85: 2507.2926 | O85: 1331818.3 | P85: 16499.335 | Q85: 15968130 | R85: 0.35759408 | S85: 0.0026581701 | T85: 0.22721252 | U85: 0.0026885739 | V85: 0.87313433 | W85: 0.11077077 | X85: 0.42179707 | Y85: 0.2438843 | Z85: 0.10154143 | AA85: 0.00081137284 | AB85: 48
A86: 1210 | B86: 45448 | C86: 02:00:04pm | D86: 4.71 | E86: 905 | F86: U25 | G86: 500935b4198bcba9 | H86: 14009 | I86: =VLOOKUP(H86,Sheet1!H:AE,2) -> 3 | J86: =VLOOKUP(H86,Sheet1!H:T,3,FALSE) -> 22" | K86: =VLOOKUP($H86,Sheet1!H:$AE,4,FALSE) -> 100000 | L86: =VLOOKUP($H86,Sheet1!$H:$AE,5,FALSE) -> Eclipse | M86: =VLOOKUP($H86,Sheet1!$H:$AE,13,FALSE) -> 2304 | N86: 2439.3217 | O86: 1171532.4 | P86: 15852.924 | Q86: 16657961 | R86: 0.38582737 | S86: 0.0027849387 | T86: 0.26033984 | U86: 0.0031138986 | V86: 1 | W86: 0 | X86: 0.4911932 | Y86: 0.24992244 | Z86: 0.10079552 | AA86: 0.0011483677 | AB86: 88
A87: 1211 | B87: 45448 | C87: 02:00:20pm | D87: 4.71 | E87: 905 | F87: U27 | G87: 500935c4304d8100 | H87: 15009 | I87: =VLOOKUP(H87,Sheet1!H:AE,2) -> 3 | J87: =VLOOKUP(H87,Sheet1!H:T,3,FALSE) -> 22" | K87: =VLOOKUP($H87,Sheet1!H:$AE,4,FALSE) -> 100000 | L87: =VLOOKUP($H87,Sheet1!$H:$AE,5,FALSE) -> Red Dawn | M87: =VLOOKUP($H87,Sheet1!$H:$AE,13,FALSE) -> 724 | N87: 2365.9884 | O87: 1715004 | P87: 15601.513 | Q87: 17937418 | R87: 0.37941679 | S87: 0.0025761733 | T87: 0.25065241 | U87: 0.0034124674 | V87: 1 | W87: 0 | X87: 0.58772535 | Y87: 0.24230426 | Z87: 0.084192932 | AA87: 0.0029695729 | AB87: 59
A88: 1212 | B88: 45448 | C88: 02:32:21pm | D88: 4.71 | E88: 905 | F88: U-1 | G88: 50093d455ba62858 | H88: 1013 | I88: =VLOOKUP(H88,Sheet1!H:AE,2) -> 1 | J88: =VLOOKUP(H88,Sheet1!H:T,3,FALSE) -> 22" | K88: =VLOOKUP($H88,Sheet1!H:$AE,4,FALSE) -> 150000 | L88: =VLOOKUP($H88,Sheet1!$H:$AE,5,FALSE) -> Red Rover | M88: =VLOOKUP($H88,Sheet1!$H:$AE,13,FALSE) -> 581 | N88: 2408.6875 | O88: 2199916.3 | P88: 15835.324 | Q88: 21501595 | R88: 0.38420689 | S88: 0.0038922983 | T88: 0.24483595 | U88: 0.0067094168 | V88: 0.99994444 | W88: 5.5552469e-05 | X88: 0.544715 | Y88: 0.24800057 | Z88: 0 | AA88: 0 | AB88: 77
A89: 1213 | B89: 45448 | C89: 02:32:39pm | D89: 4.71 | E89: 905 | F89: U1 | G89: 50093d571304575a | H89: 2013 | I89: =VLOOKUP(H89,Sheet1!H:AE,2) -> 1 | J89: =VLOOKUP(H89,Sheet1!H:T,3,FALSE) -> 22" | K89: =VLOOKUP($H89,Sheet1!H:$AE,4,FALSE) -> 150000 | L89: =VLOOKUP($H89,Sheet1!$H:$AE,5,FALSE) -> Zorro | M89: =VLOOKUP($H89,Sheet1!$H:$AE,13,FALSE) -> 1967 | N89: 2578.4627 | O89: 2228329.7 | P89: 15908.515 | Q89: 16704658 | R89: 0.35624765 | S89: 0.0029483156 | T89: 0.23091101 | U89: 0.005199661 | V89: 0.99629623 | W89: 0.0036900544 | X89: 0.59284242 | Y89: 0.24138029 | Z89: 0.10455132 | AA89: 0.00099505154 | AB89: 69
A90: 1214 | B90: 45448 | C90: 02:32:58pm | D90: 4.71 | E90: 905 | F90: U3 | G90: 50093d6a24602668 | H90: 3013 | I90: =VLOOKUP(H90,Sheet1!H:AE,2) -> 1 | J90: =VLOOKUP(H90,Sheet1!H:T,3,FALSE) -> 22" | K90: =VLOOKUP($H90,Sheet1!H:$AE,4,FALSE) -> 150000 | L90: =VLOOKUP($H90,Sheet1!$H:$AE,5,FALSE) -> Apex | M90: =VLOOKUP($H90,Sheet1!$H:$AE,13,FALSE) -> 2729 | N90: 2881.9484 | O90: 2677962.7 | P90: 15778.679 | Q90: 15868351 | R90: 0.35236681 | S90: 0.0029668417 | T90: 0.2338497 | U90: 0.0061697759 | V90: 0.9927963 | W90: 0.0071518104 | X90: 0.76076013 | Y90: 0.18200415 | Z90: 0.094957034 | AA90: 0.00084252625 | AB90: 78
A91: 1215 | B91: 45448 | C91: 02:33:16pm | D91: 4.71 | E91: 905 | F91: U5 | G91: 50093d7c32e40d45 | H91: 4013 | I91: =VLOOKUP(H91,Sheet1!H:AE,2) -> 1 | J91: =VLOOKUP(H91,Sheet1!H:T,3,FALSE) -> 22" | K91: =VLOOKUP($H91,Sheet1!H:$AE,4,FALSE) -> 150000 | L91: =VLOOKUP($H91,Sheet1!$H:$AE,5,FALSE) -> Merlot | M91: =VLOOKUP($H91,Sheet1!$H:$AE,13,FALSE) -> 1973 | N91: 2695.2886 | O91: 1010818.6 | P91: 16844.589 | Q91: 14467335 | R91: 0.35517836 | S91: 0.0022290723 | T91: 0.22485858 | U91: 0.0022737087 | V91: 0.91457091 | W91: 0.078130961 | X91: 0.59084175 | Y91: 0.24174778 | Z91: 0.090307155 | AA91: 0.00095910824 | AB91: 44
A92: 1216 | B92: 45448 | C92: 02:33:34pm | D92: 4.71 | E92: 905 | F92: U7 | G92: 50093d8e01acb101 | H92: 5013 | I92: =VLOOKUP(H92,Sheet1!H:AE,2) -> 2 | J92: =VLOOKUP(H92,Sheet1!H:T,3,FALSE) -> 22" | K92: =VLOOKUP($H92,Sheet1!H:$AE,4,FALSE) -> 150000 | L92: =VLOOKUP($H92,Sheet1!$H:$AE,5,FALSE) -> Red Dawn | M92: =VLOOKUP($H92,Sheet1!$H:$AE,13,FALSE) -> 580 | N92: 2917.3852 | O92: 3029015.9 | P92: 16225.683 | Q92: 20018446 | R92: 0.3716683 | S92: 0.0033586344 | T92: 0.24740705 | U92: 0.0064326428 | V92: 0.99727788 | W92: 0.0027147115 | X92: 0.63379776 | Y92: 0.23209816 | Z92: 0.08587291 | AA92: 0.00087433742 | AB92: 74
A93: 1217 | B93: 45448 | C93: 02:33:52pm | D93: 4.71 | E93: 905 | F93: U9 | G93: 50093da012fd19b5 | H93: 6013 | I93: =VLOOKUP(H93,Sheet1!H:AE,2) -> 2 | J93: =VLOOKUP(H93,Sheet1!H:T,3,FALSE) -> 22" | K93: =VLOOKUP($H93,Sheet1!H:$AE,4,FALSE) -> 150000 | L93: =VLOOKUP($H93,Sheet1!$H:$AE,5,FALSE) -> Redhawk | M93: =VLOOKUP($H93,Sheet1!$H:$AE,13,FALSE) -> 742 | N93: 2720.4755 | O93: 1508716.9 | P93: 16778.557 | Q93: 15098145 | R93: 0.34835977 | S93: 0.0022807589 | T93: 0.22013034 | U93: 0.0027265555 | V93: 0.99509259 | W93: 0.0048833248 | X93: 0.6577923 | Y93: 0.22510159 | Z93: 0.090332478 | AA93: 0.001026119 | AB93: 57
... A211: 1345 | B211: 45448 | C211: 12:55:00pm | D211: 4.71 | E211: 905 | F211: U23 | G211: 5009367418fc8b32 | H211: 13003 | I211: =VLOOKUP(H211,Sheet1!H:AE,2) -> 3 | J211: =VLOOKUP(H211,Sheet1!H:T,3,FALSE) -> 30" | K211: =VLOOKUP($H211,Sheet1!H:$AE,4,FALSE) -> 75000 | L211: =VLOOKUP($H211,Sheet1!$H:$AE,5,FALSE) -> Cayenne | M211: =VLOOKUP($H211,Sheet1!$H:$AE,13,FALSE) -> 2611 | N211: 2759.3015 | O211: 1203701.7 | P211: 17044.655 | Q211: 14183707 | R211: 0.3622196 | S211: 0.002317885 | T211: 0.23156347 | U211: 0.0022936179 | V211: 0.97767047 | W211: 0.021830927 | X211: 0.50923583 | Y211: 0.2499147 | Z211: 0.10154143 | AA211: 0.00081137284 | AB211: 66
A212: 1346 | B212: 45448 | C212: 12:55:21pm | D212: 4.71 | E212: 905 | F212: U25 | G212: 5.0093689e+15 | H212: 14003 | I212: =VLOOKUP(H212,Sheet1!H:AE,2) -> 3 | J212: =VLOOKUP(H212,Sheet1!H:T,3,FALSE) -> 30" | K212: =VLOOKUP($H212,Sheet1!H:$AE,4,FALSE) -> 75000 | L212: =VLOOKUP($H212,Sheet1!$H:$AE,5,FALSE) -> Merlot | M212: =VLOOKUP($H212,Sheet1!$H:$AE,13,FALSE) -> 1199 | N212: 2706.9441 | O212: 1129727.4 | P212: 16711.513 | Q212: 14133331 | R212: 0.36122545 | S212: 0.0021894935 | T212: 0.23904195 | U212: 0.0020358094 | V212: 0.82267572 | W212: 0.14588038 | X212: 0.36146493 | Y212: 0.23080803 | Z212: 0.10079552 | AA212: 0.0011483677 | AB212: 35
A213: 1347 | B213: 45448 | C213: 12:55:41pm | D213: 4.71 | E213: 905 | F213: U27 | G213: 5009369d15384da7 | H213: 15003 | I213: =VLOOKUP(H213,Sheet1!H:AE,2) -> 3 | J213: =VLOOKUP(H213,Sheet1!H:T,3,FALSE) -> 30" | K213: =VLOOKUP($H213,Sheet1!H:$AE,4,FALSE) -> 75000 | L213: =VLOOKUP($H213,Sheet1!$H:$AE,5,FALSE) -> Nautica | M213: =VLOOKUP($H213,Sheet1!$H:$AE,13,FALSE) -> 1883 | N213: 2409.1839 | O213: 1692920.6 | P213: 16630.652 | Q213: 18369353 | R213: 0.3571027 | S213: 0.0022010399 | T213: 0.22958749 | U213: 0.0020754693 | V213: 0.93945973 | W213: 0.056875146 | X213: 0.44004106 | Y213: 0.24640493 | Z213: 0.084192932 | AA213: 0.0029695729 | AB213: 53
A214: 1348 | B214: 45448 | C214: 02:06:38pm | D214: 4.71 | E214: 905 | F214: D27 | G214: 5009373e6aa6fcd8 | H214: 15010 | I214: =VLOOKUP(H214,Sheet1!H:AE,2) -> 3 | J214: =VLOOKUP(H214,Sheet1!H:T,3,FALSE) -> 30" | K214: =VLOOKUP($H214,Sheet1!H:$AE,4,FALSE) -> 100000 | L214: =VLOOKUP($H214,Sheet1!$H:$AE,5,FALSE) -> ETNA | M214: =VLOOKUP($H214,Sheet1!$H:$AE,13,FALSE) -> 1349 | N214: 2422.7676 | O214: 1665561.4 | P214: 15947.203 | Q214: 19795940 | R214: 0.39047332 | S214: 0.0029647207 | T214: 0.25408718 | U214: 0.004325414 | V214: 0.98067131 | W214: 0.018955095 | X214: 0.45923078 | Y214: 0.24833787 | Z214: 0.084192932 | AA214: 0.0029695729 | AB214: 96
A215: 1349 | B215: 45448 | C215: 02:07:15pm | D215: 4.71 | E215: 905 | F215: D25 | G215: 5009376329cb0aec | H215: 14010 | I215: =VLOOKUP(H215,Sheet1!H:AE,2) -> 3 | J215: =VLOOKUP(H215,Sheet1!H:T,3,FALSE) -> 30" | K215: =VLOOKUP($H215,Sheet1!H:$AE,4,FALSE) -> 100000 | L215: =VLOOKUP($H215,Sheet1!$H:$AE,5,FALSE) -> Nautica | M215: =VLOOKUP($H215,Sheet1!$H:$AE,13,FALSE) -> 2338 | N215: 2677.8697 | O215: 1574896.4 | P215: 16293.978 | Q215: 14572300 | R215: 0.37397631 | S215: 0.0024102141 | T215: 0.24974213 | U215: 0.0028942553 | V215: 0.88714622 | W215: 0.1001178 | X215: 0.27658628 | Y215: 0.20008631 | Z215: 0.10079552 | AA215: 0.0011483677 | AB215: 71
A216: 1350 | B216: 45448 | C216: 02:07:32pm | D216: 4.71 | E216: 905 | F216: D23 | G216: 50093774717eb2c8 | H216: 13010 | I216: =VLOOKUP(H216,Sheet1!H:AE,2) -> 3 | J216: =VLOOKUP(H216,Sheet1!H:T,3,FALSE) -> 30" | K216: =VLOOKUP($H216,Sheet1!H:$AE,4,FALSE) -> 100000 | L216: =VLOOKUP($H216,Sheet1!$H:$AE,5,FALSE) -> Eclipse | M216: =VLOOKUP($H216,Sheet1!$H:$AE,13,FALSE) -> 2948 | N216: 2675.5194 | O216: 1247904.6 | P216: 16771.267 | Q216: 16631812 | R216: 0.35790507 | S216: 0.0027575477 | T216: 0.22973519 | U216: 0.0032212421 | V216: 0.99664478 | W216: 0.0033439615 | X216: 0.32409847 | Y216: 0.21905865 | Z216: 0.10154143 | AA216: 0.00081137284 | AB216: 89
A217: 1351 | B217: 45448 | C217: 02:07:49pm | D217: 4.71 | E217: 905 | F217: D21 | G217: 500937852328e859 | H217: 12010 | I217: =VLOOKUP(H217,Sheet1!H:AE,2) -> 3 | J217: =VLOOKUP(H217,Sheet1!H:T,3,FALSE) -> 30" | K217: =VLOOKUP($H217,Sheet1!H:$AE,4,FALSE) -> 100000 | L217: =VLOOKUP($H217,Sheet1!$H:$AE,5,FALSE) -> Redhawk | M217: =VLOOKUP($H217,Sheet1!$H:$AE,13,FALSE) -> 933 | N217: 2758.5459 | O217: 1456073.6 | P217: 17164.713 | Q217: 15334534 | R217: 0.35229018 | S217: 0.0023473931 | T217: 0.21275424 | U217: 0.0024613975 | V217: 0.95193421 | W217: 0.045755469 | X217: 0.36034027 | Y217: 0.23049516 | Z217: 0.11647585 | AA217: 0.00088454665 | AB217: 49
A218: 1352 | B218: 45448 | C218: 02:08:18pm | D218: 4.71 | E218: 905 | F218: D19 | G218: 500937a227f165d2 | H218: 11010 | I218: =VLOOKUP(H218,Sheet1!H:AE,2) -> 3 | J218: =VLOOKUP(H218,Sheet1!H:T,3,FALSE) -> 30" | K218: =VLOOKUP($H218,Sheet1!H:$AE,4,FALSE) -> 100000 | L218: =VLOOKUP($H218,Sheet1!$H:$AE,5,FALSE) -> Zorro | M218: =VLOOKUP($H218,Sheet1!$H:$AE,13,FALSE) -> 2056 | N218: 2719.1313 | O218: 1566855.3 | P218: 17178.869 | Q218: 17649363 | R218: 0.37081761 | S218: 0.0026718742 | T218: 0.2277408 | U218: 0.0028185371 | V218: 0.9545006 | W218: 0.043429206 | X218: 0.25803267 | Y218: 0.19145181 | Z218: 0.13521569 | AA218: 0.00090151646 | AB218: 74
A219: 1353 | B219: 45448 | C219: 02:08:35pm | D219: 4.71 | E219: 905 | F219: D17 | G219: 500937b30887c4d7 | H219: 10010 | I219: =VLOOKUP(H219,Sheet1!H:AE,2) -> 3 | J219: =VLOOKUP(H219,Sheet1!H:T,3,FALSE) -> 30" | K219: =VLOOKUP($H219,Sheet1!H:$AE,4,FALSE) -> 100000 | L219: =VLOOKUP($H219,Sheet1!$H:$AE,5,FALSE) -> Ronnies red | M219: =VLOOKUP($H219,Sheet1!$H:$AE,13,FALSE) -> 1198 | N219: 2745.2195 | O219: 2793199.2 | P219: 16449.375 | Q219: 19134580 | R219: 0.39557862 | S219: 0.0027264128 | T219: 0.24822839 | U219: 0.0046883824 | V219: 0.99943421 | W219: 0.00056546936 | X219: 0.39904274 | Y219: 0.23980763 | Z219: 0.077678777 | AA219: 0.001123971 | AB219: 80
A220: 1354 | B220: 45448 | C220: 02:08:52pm | D220: 4.71 | E220: 905 | F220: D15 | G220: 500937c476ce6277 | H220: 9010 | I220: =VLOOKUP(H220,Sheet1!H:AE,2) -> 2 | J220: =VLOOKUP(H220,Sheet1!H:T,3,FALSE) -> 30" | K220: =VLOOKUP($H220,Sheet1!H:$AE,4,FALSE) -> 100000 | L220: =VLOOKUP($H220,Sheet1!$H:$AE,5,FALSE) -> Merlot | M220: =VLOOKUP($H220,Sheet1!$H:$AE,13,FALSE) -> 2074 | N220: 2563.9358 | O220: 1178638.7 | P220: 16932.793 | Q220: 14782082 | R220: 0.35288169 | S220: 0.0022660146 | T220: 0.22162281 | U220: 0.0021130583 | V220: 0.90356706 | W220: 0.087133629 | X220: 0.3189525 | Y220: 0.2172218 | Z220: 0.10209412 | AA220: 0.00085563714 | AB220: 45
A221: 1355 | B221: 45448 | C221: 02:09:09pm | D221: 4.71 | E221: 905 | F221: D13 | G221: 500937d54ad0b561 | H221: 8010 | I221: =VLOOKUP(H221,Sheet1!H:AE,2) -> 2 | J221: =VLOOKUP(H221,Sheet1!H:T,3,FALSE) -> 30" | K221: =VLOOKUP($H221,Sheet1!H:$AE,4,FALSE) -> 100000 | L221: =VLOOKUP($H221,Sheet1!$H:$AE,5,FALSE) -> CLERK | M221: =VLOOKUP($H221,Sheet1!$H:$AE,13,FALSE) -> 1277 | N221: 2633.1987 | O221: 1943843.5 | P221: 16817.664 | Q221: 17604600 | R221: 0.32227677 | S221: 0.0030813976 | T221: 0.23013658 | U221: 0.0034840862 | V221: 0.99880265 | W221: 0.001195919 | X221: 0.55421293 | Y221: 0.24706096 | Z221: 0.096373351 | AA221: 0.00091612187 | AB221: 82
A222: 1356 | B222: 45448 | C222: 02:09:26pm | D222: 4.71 | E222: 905 | F222: D11 | G222: 500937e652fe0b57 | H222: 7010 | I222: =VLOOKUP(H222,Sheet1!H:AE,2) -> 2 | J222: =VLOOKUP(H222,Sheet1!H:T,3,FALSE) -> 30" | K222: =VLOOKUP($H222,Sheet1!H:$AE,4,FALSE) -> 100000 | L222: =VLOOKUP($H222,Sheet1!$H:$AE,5,FALSE) -> Windbreaker | M222: =VLOOKUP($H222,Sheet1!$H:$AE,13,FALSE) -> 2042 | N222: 2835.245 | O222: 2613383.7 | P222: 16513.357 | Q222: 18379166 | R222: 0.34261246 | S222: 0.0029088155 | T222: 0.23031164 | U222: 0.0044927007 | V222: 0.99047381 | W222: 0.0094354421 | X222: 0.45411449 | Y222: 0.24789452 | Z222: 0.093056266 | AA222: 0.00093336124 | AB222: 75
A223: 1357 | B223: 45448 | C223: 02:09:43pm | D223: 4.71 | E223: 905 | F223: D9 | G223: 500937f715c59c12 | H223: 6010 | I223: =VLOOKUP(H223,Sheet1!H:AE,2) -> 2 | J223: =VLOOKUP(H223,Sheet1!H:T,3,FALSE) -> 30" | K223: =VLOOKUP($H223,Sheet1!H:$AE,4,FALSE) -> 100000 | L223: =VLOOKUP($H223,Sheet1!$H:$AE,5,FALSE) -> Cayenne | M223: =VLOOKUP($H223,Sheet1!$H:$AE,13,FALSE) -> 2617 | N223: 2692.6298 | O223: 1373512.2 | P223: 16705.412 | Q223: 18393356 | R223: 0.35165579 | S223: 0.0032106639 | T223: 0.22487992 | U223: 0.0042975861 | V223: 0.99426323 | W223: 0.0057038561 | X223: 0.35259193 | Y223: 0.22827086 | Z223: 0.090332478 | AA223: 0.001026119 | AB223: 75
A224: 1358 | B224: 45448 | C224: 02:10:00pm | D224: 4.71 | E224: 905 | F224: D7 | G224: 500938082247109d | H224: 5010 | I224: =VLOOKUP(H224,Sheet1!H:AE,2) -> 2 | J224: =VLOOKUP(H224,Sheet1!H:T,3,FALSE) -> 30" | K224: =VLOOKUP($H224,Sheet1!H:$AE,4,FALSE) -> 100000 | L224: =VLOOKUP($H224,Sheet1!$H:$AE,5,FALSE) -> Red Dawn | M224: =VLOOKUP($H224,Sheet1!$H:$AE,13,FALSE) -> 686 | N224: 2948.3081 | O224: 2793860.2 | P224: 16767.911 | Q224: 16689236 | R224: 0.35912157 | S224: 0.0027000669 | T224: 0.23595537 | U224: 0.0047058697 | V224: 0.99928947 | W224: 0.00071002147 | X224: 0.36819323 | Y224: 0.23262698 | Z224: 0.08587291 | AA224: 0.00087433742 | AB224: 80
... A337: 1481 | B337: 45448 | C337: 04:04:57pm | D337: 4.71 | E337: 905 | F337: D1 | G337: 500932f91648158c | H337: 2024 | I337: =VLOOKUP(H337,Sheet1!H:AE,2) -> 1 | J337: =VLOOKUP(H337,Sheet1!H:T,3,FALSE) -> 30" | K337: =VLOOKUP($H337,Sheet1!H:$AE,4,FALSE) -> 75000 | L337: =VLOOKUP($H337,Sheet1!$H:$AE,5,FALSE) -> Eclipse | M337: =VLOOKUP($H337,Sheet1!$H:$AE,13,FALSE) -> 283 | N337: 2358.9107 | O337: 1026934.3 | P337: 15756.563 | Q337: 16985065 | R337: 0.37851623 | S337: 0.0025120548 | T337: 0.24032167 | U337: 0.0036190656 | V337: 1 | W337: 0 | X337: 0.18016451 | Y337: 0.14770526 | Z337: 0.10455132 | AA337: 0.00099505154 | AB337: 111

Sheet Sheet1
A1: Experiment Name | B1: BARCODE_128 | C1: Org Name | D1: Locn | E1: Plot | F1: Identity1 | G1: Description1 | H1: qGIS plot number | I1: BLOC | J1: SPACING | K1: DENSITY | L1: VARIETY | M1: Treatment | N1: Mason Plot # | O1: Plot Range | P1: Plot Column | Q1: 100 Seed weight | R1: Moisture | S1: Plot Weight | T1: Yield | U1: Flowering Date | V1: Maturity Date | W1: HAsum | X1: HAmean | Y1: AdjustedYield | Z1: Weighted Adjustment(0.5) | AA1: WeightedYield | AB1: AlgoYield | AC1: WeightedAdjustment(0.35) | AD1: WeightedYield(0.35) | AE1: AlgoYield2 | AF1: Comments | AG1: Check | AH1: Planter
A2: 24101-n | B2: 17A4AB3390 | D2: LODS | E2: 1 | H2: 1001 | I2: 1 | J2: 30" | K2: 100000 | L2: Nautica | M2: 68 | N2: 101 | O2: 1 | P2: 1 | Q2: 39 | R2: 19.8 | S2: 1772 | T2: 2280 | U2: 45497 | V2: 45536 | W2: 131707 | X2: 0.86650482 | Y2: 2631.2606 | Z2: =1-((0.95-X2)*0.5) -> 0.95825241 | AA2: =T2/Z2 -> 2379.3313 | AB2: {=_xlfn.IFS(X2<0.6,T2,0.9<X2,T2,X2,AA2)} -> 2379.3313 | AC2: 0.95327669 | AD2: 2562.812 | AE2: 2562.812 | AG2: 0 | AH2: 1
A3: 24101-n | B3: 17DD20C9A0 | D3: LODS | E3: 2 | H3: 2001 | I3: 1 | J3: 30" | K3: 100000 | L3: CLERK | M3: 64 | N3: 201 | O3: 2 | P3: 1 | Q3: 67 | R3: 23.8 | S3: 635 | T3: 776 | U3: 45496 | V3: 45536 | W3: 151510 | X3: 0.99678287 | Y3: 778.50455 | Z3: =1-((0.95-X3)*0.5) -> 1.0233914 | AA3: =T3/Z3 -> 758.26314 | AB3: {=_xlfn.IFS(X3<0.6,T3,0.9<X3,T3,X3,AA3)} -> 776 | AC3: 0.99887401 | AD3: 778.12642 | AE3: 776 | AG3: 0 | AH3: 2
A4: 24101-n | B4: 1143BB41EA | D4: LODS | E4: 3 | H4: 3001 | I4: 1 | J4: 30" | K4: 100000 | L4: Windbreaker | M4: 74 | N4: 301 | O4: 3 | P4: 1 | Q4: 42 | R4: 21.2 | S4: 1586 | T4: 2005 | U4: 45494 | V4: 45527 | W4: 151855 | X4: 0.99903948 | Y4: 2006.9277 | Z4: =1-((0.95-X4)*0.5) -> 1.0245197 | AA4: =T4/Z4 -> 1957.0145 | AB4: {=_xlfn.IFS(X4<0.6,T4,0.9<X4,T4,X4,AA4)} -> 2005 | AC4: 0.99966382 | AD4: 2006.638 | AE4: 2005 | AG4: 0 | AH4: 3
A5: 24101-n | B5: 197BBB7845 | D5: LODS | E5: 4 | H5: 4001 | I5: 1 | J5: 30" | K5: 100000 | L5: Zorro | M5: 75 | N5: 401 | O5: 4 | P5: 1 | Q5: 27 | R5: 21.5 | S5: 1519 | T5: 1913 | U5: 45494 | V5: 45528 | W5: 144210 | X5: 0.94875624 | Y5: 2016.324 | Z5: =1-((0.95-X5)*0.5) -> 0.99937812 | AA5: =T5/Z5 -> 1914.1904 | AB5: {=_xlfn.IFS(X5<0.6,T5,0.9<X5,T5,X5,AA5)} -> 1913 | AC5: 0.98206468 | AD5: 1999.1591 | AE5: 1913 | AG5: 0 | AH5: 4
A6: 24101-n | B6: 1A09581714 | D6: LODS | E6: 5 | H6: 5001 | I6: 1 | J6: 30" | K6: 100000 | L6: Eclipse | M6: 65 | N6: 501 | O6: 5 | P6: 1 | Q6: 26 | R6: 19.4 | S6: 1534 | T6: 1984 | U6: 45496 | V6: 45530 | W6: 151698 | X6: 0.99801316 | Y6: 1987.9497 | Z6: =1-((0.95-X6)*0.5) -> 1.0240066 | AA6: =T6/Z6 -> 1937.4876 | AB6: {=_xlfn.IFS(X6<0.6,T6,0.9<X6,T6,X6,AA6)} -> 1984 | AC6: 0.9993046 | AD6: 1987.3549 | AE6: 1984 | AG6: 0 | AH6: 5
A7: 24101-n | B7: 178E433348 | D7: LODS | E7: 6 | H7: 6001 | I7: 1 | J7: 30" | K7: 100000 | L7: Apex | M7: 61 | N7: 601 | O7: 6 | P7: 1 | Q7: 52 | R7: 25.6 | S7: 1417 | T7: 1692 | U7: 45493 | V7: 45536 | W7: 129965 | X7: 0.85502164 | Y7: 1978.8973 | Z7: =1-((0.95-X7)*0.5) -> 0.95251082 | AA7: =T7/Z7 -> 1776.3578 | AB7: {=_xlfn.IFS(X7<0.6,T7,0.9<X7,T7,X7,AA7)} -> 1776.3578 | AC7: 0.94925757 | AD7: 1921.7518 | AE7: 1921.7518 | AG7: 0 | AH7: 6
A8: 24101-n | B8: 1647132305 | D8: LODS | E8: 7 | H8: 7001 | I8: 1 | J8: 30" | K8: 100000 | L8: Redhawk | M8: 71 | N8: 701 | O8: 7 | P8: 1 | Q8: -9 | R8: -9 | S8: -9 | U8: 45490 | V8: 45525 | W8: 141596 | X8: 0.93154037 | Z8: =1-((0.95-X8)*0.5) -> 0.99077019 | AG8: 0 | AH8: 7
A9: 24101-n | B9: 1A2F8E059F | D9: LODS | E9: 8 | H9: 8001 | I9: 1 | J9: 30" | K9: 100000 | L9: ETNA | M9: 66 | N9: 801 | O9: 8 | P9: 1 | Q9: 41 | R9: 18.2 | S9: 851 | T9: 1117 | U9: 45489 | V9: 45523 | W9: 146571 | X9: 0.96428289 | Y9: 1158.3738 | Z9: =1-((0.95-X9)*0.5) -> 1.0071414 | AA9: =T9/Z9 -> 1109.0796 | AB9: {=_xlfn.IFS(X9<0.6,T9,0.9<X9,T9,X9,AA9)} -> 1117 | AC9: 0.98749901 | AD9: 1151.7082 | AE9: 1117 | AG9: 0 | AH9: 8
A10: 24101-n | B10: 1047A4D661 | D10: LODS | E10: 9 | H10: 9001 | I10: 1 | J10: 30" | K10: 100000 | L10: black bear | M10: 62 | N10: 901 | O10: 9 | P10: 1 | Q10: 25 | R10: 19.6 | S10: 1633 | T10: 2107 | U10: 45499 | V10: 45534 | W10: 151495 | X10: 0.99667107 | Y10: 2114.0375 | Z10: =1-((0.95-X10)*0.5) -> 1.0233355 | AA10: =T10/Z10 -> 2058.9532 | AB10: {=_xlfn.IFS(X10<0.6,T10,0.9<X10,T10,X10,AA10)} -> 2107 | AC10: 0.99883488 | AD10: 2112.9747 | AE10: 2107 | AG10: 0 | AH10: 9
A11: 24101-n | B11: 161743762B | D11: LODS | E11: 10 | H11: 10001 | I11: 1 | J11: 30" | K11: 100000 | L11: Ronnies red | M11: 72 | N11: 1001 | O11: 10 | P11: 1 | Q11: 72 | R11: 23 | S11: 590 | T11: 729 | U11: 45497 | V11: 45537 | W11: 149980 | X11: 0.98671053 | Y11: 738.81851 | Z11: =1-((0.95-X11)*0.5) -> 1.0183553 | AA11: =T11/Z11 -> 715.8602 | AB11: {=_xlfn.IFS(X11<0.6,T11,0.9<X11,T11,X11,AA11)} -> 729 | AC11: 0.99534868 | AD11: 737.30586 | AE11: 729 | AG11: 0 | AH11: 10
A12: 24101-n | B12: 11FBF792FB | D12: LODS | E12: 11 | H12: 11001 | I12: 1 | J12: 30" | K12: 100000 | L12: T9905 | M12: 73 | N12: 1101 | O12: 11 | P12: 1 | Q12: 26 | R12: 21.3 | S12: 1675 | T12: 2115 | U12: 45499 | V12: 45534 | W12: 149211 | X12: 0.98165132 | Y12: 2154.5328 | Z12: =1-((0.95-X12)*0.5) -> 1.0158257 | AA12: =T12/Z12 -> 2082.0502 | AB12: {=_xlfn.IFS(X12<0.6,T12,0.9<X12,T12,X12,AA12)} -> 2115 | AC12: 0.99357796 | AD12: 2148.3804 | AE12: 2115 | AG12: 0 | AH12: 11
A13: 24101-n | B13: 14D1D74C4F | D13: LODS | E13: 12 | H13: 12001 | I13: 1 | J13: 30" | K13: 100000 | L13: Red Rover | M13: 70 | N13: 1201 | O13: 12 | P13: 1 | Q13: 60 | R13: 20.7 | S13: 642 | T13: 817 | U13: 45491 | V13: 45524 | W13: 151820 | X13: 0.99880922 | Y13: 817.97403 | Z13: =1-((0.95-X13)*0.5) -> 1.0244046 | AA13: =T13/Z13 -> 797.53644 | AB13: {=_xlfn.IFS(X13<0.6,T13,0.9<X13,T13,X13,AA13)} -> 817 | AC13: 0.99958323 | AD13: 817.82757 | AE13: 817 | AG13: 0 | AH13: 12
A14: 24101-n | B14: 1913C5BCE2 | D14: LODS | E14: 13 | H14: 13001 | I14: 1 | J14: 30" | K14: 100000 | L14: Merlot | M14: 67 | N14: 1301 | O14: 13 | P14: 1 | Q14: 40 | R14: 19.5 | S14: 1360 | T14: 1757 | U14: 45498 | V14: 45536 | W14: 129422 | X14: 0.85145492 | Y14: 2063.5267 | Z14: =1-((0.95-X14)*0.5) -> 0.95072746 | AA14: =T14/Z14 -> 1848.0585 | AB14: {=_xlfn.IFS(X14<0.6,T14,0.9<X14,T14,X14,AA14)} -> 1848.0585 | AC14: 0.94800922 | AD14: 2002.0552 | AE14: 2002.0552 | AG14: 0 | AH14: 13
A15: 24101-n | B15: 1F3E3C7202 | D15: LODS | E15: 14 | H15: 14001 | I15: 1 | J15: 30" | K15: 100000 | L15: Red Dawn | M15: 69 | N15: 1401 | O15: 14 | P15: 1 | Q15: 61 | R15: 20.1 | S15: 427 | T15: 547 | U15: 45491 | V15: 45525 | W15: 150318 | X15: 0.98895373 | Y15: 553.1098 | Z15: =1-((0.95-X15)*0.5) -> 1.0194769 | AA15: =T15/Z15 -> 536.54969 | AB15: {=_xlfn.IFS(X15<0.6,T15,0.9<X15,T15,X15,AA15)} -> 547 | AC15: 0.99613381 | AD15: 552.17274 | AE15: 547 | AG15: 0 | AH15: 14
A16: 24101-n | B16: 1ECBE9100C | D16: LODS | E16: 15 | H16: 15001 | I16: 1 | J16: 30" | K16: 100000 | L16: Cayenne | M16: 63 | N16: 1501 | O16: 15 | P16: 1 | Q16: 40 | R16: 20.6 | S16: 1809 | T16: 2305 | U16: 45495 | V16: 45533 | W16: 145383 | X16: 0.95646081 | Y16: 2409.9262 | Z16: =1-((0.95-X16)*0.5) -> 1.0032304 | AA16: =T16/Z16 -> 2297.5779 | AB16: {=_xlfn.IFS(X16<0.6,T16,0.9<X16,T16,X16,AA16)} -> 2305 | AC16: 0.98476129 | AD16: 2392.7582 | AE16: 2305 | AG16: 0 | AH16: 15
A17: 24101-n | B17: 13C7E686AA | D17: LODS | E17: 16 | H17: 15002 | I17: 1 | J17: 30" | K17: 150000 | L17: Ronnies red | M17: 87 | N17: 1502 | O17: 15 | P17: 2 | Q17: 82 | R17: 22 | S17: 664 | T17: 831 | U17: 45494 | W17: 151993 | X17: 0.99997368 | Y17: 831.02187 | Z17: =1-((0.95-X17)*0.5) -> 1.0249868 | AA17: =T17/Z17 -> 810.74211 | AB17: {=_xlfn.IFS(X17<0.6,T17,0.9<X17,T17,X17,AA17)} -> 831 | AC17: 0.99999079 | AD17: 831.01859 | AE17: 831 | AG17: 0 | AH17: 16
A18: 24101-n | B18: 1EE98D13AE | D18: LODS | E18: 17 | H18: 14002 | I18: 1 | J18: 30" | K18: 150000 | L18: Red Dawn | M18: 84 | N18: 1402 | O18: 14 | P18: 2 | Q18: 65 | R18: 20.5 | S18: 595 | T18: 759 | U18: 45492 | V18: 45525 | W18: 149613 | X18: 0.98428958 | Y18: 771.11454 | Z18: =1-((0.95-X18)*0.5) -> 1.0171448 | AA18: =T18/Z18 -> 746.20645 | AB18: {=_xlfn.IFS(X18<0.6,T18,0.9<X18,T18,X18,AA18)} -> 759 | AC18: 0.99450135 | AD18: 769.23908 | AE18: 759 | AG18: 0 | AH18: 17
A19: 24101-n | B19: 17B74EF533 | D19: LODS | E19: 18 | H19: 13002 | I19: 1 | J19: 30" | K19: 150000 | L19: Redhawk | M19: 86 | N19: 1302 | O19: 13 | P19: 2 | Q19: 61 | R19: 21.2 | S19: 763 | T19: 965 | U19: 45493 | V19: 45530 | W19: 149562 | X19: 0.98397347 | Y19: 980.7175 | Z19: =1-((0.95-X19)*0.5) -> 1.0169867 | AA19: =T19/Z19 -> 948.8816 | AB19: {=_xlfn.IFS(X19<0.6,T19,0.9<X19,T19,X19,AA19)} -> 965 | AC19: 0.99439072 | AD19: 978.28273 | AE19: 965 | AG19: 0 | AH19: 18
A20: 24101-n | B20: 11EC8AEE89 | D20: LODS | E20: 19 | H20: 12002 | I20: 1 | J20: 30" | K20: 150000 | L20: Red Rover | M20: 85 | N20: 1202 | O20: 12 | P20: 2 | Q20: 57 | R20: 21.2 | S20: 1338 | T20: 1692 | U20: 45492 | V20: 45526 | W20: 150834 | X20: 0.99234201 | Y20: 1705.0573 | Z20: =1-((0.95-X20)*0.5) -> 1.021171 | AA20: =T20/Z20 -> 1656.9213 | AB20: {=_xlfn.IFS(X20<0.6,T20,0.9<X20,T20,X20,AA20)} -> 1692 | AC20: 0.9973197 | AD20: 1703.0683 | AE20: 1692 | AG20: 0 | AH20: 19
A21: 24101-n | B21: 1B9839AAA6 | D21: LODS | E21: 20 | H21: 11002 | I21: 1 | J21: 30" | K21: 150000 | L21: CLERK | M21: 79 | N21: 1102 | O21: 11 | P21: 2 | Q21: 70 | R21: 23 | S21: 963 | T21: 1190 | U21: 45498 | V21: 45538 | W21: 149803 | X21: 0.98554605 | Y21: 1207.4525 | Z21: =1-((0.95-X21)*0.5) -> 1.017773 | AA21: =T21/Z21 -> 1169.2194 | AB21: {=_xlfn.IFS(X21<0.6,T21,0.9<X21,T21,X21,AA21)} -> 1190 | AC21: 0.99494112 | AD21: 1204.7574 | AE21: 1190 | AG21: 0 | AH21: 20
A22: 24101-n | B22: 128FFC5EE2 | D22: LODS | E22: 21 | H22: 10002 | I22: 1 | J22: 30" | K22: 150000 | L22: Windbreaker | M22: 89 | N22: 1002 | O22: 10 | P22: 2 | Q22: 45 | R22: 20.2 | S22: 1444 | T22: 1849 | U22: 45493 | V22: 45528 | W22: 151879 | X22: 0.99920395 | Y22: 1850.4731 | Z22: =1-((0.95-X22)*0.5) -> 1.024602 | AA22: =T22/Z22 -> 1804.6032 | AB22: {=_xlfn.IFS(X22<0.6,T22,0.9<X22,T22,X22,AA22)} -> 1849 | AC22: 0.99972138 | AD22: 1850.2518 | AE22: 1849 | AG22: 0 | AH22: 21
A23: 24101-n | B23: 17D142D80C | D23: LODS | E23: 22 | H23: 9002 | I23: 1 | J23: 30" | K23: 150000 | L23: Apex | M23: 76 | N23: 902 | O23: 9 | P23: 2 | Q23: 28 | R23: 20.3 | S23: 2220 | T23: 2839 | U23: 45497 | V23: 45535 | W23: 147339 | X23: 0.96932277 | Y23: 2928.849 | Z23: =1-((0.95-X23)*0.5) -> 1.0096614 | AA23: =T23/Z23 -> 2811.8338 | AB23: {=_xlfn.IFS(X23<0.6,T23,0.9<X23,T23,X23,AA23)} -> 2839 | AC23: 0.98926297 | AD23: 2914.5179 | AE23: 2839 | AG23: 0 | AH23: 22
A24: 24101-n | B24: 13D7345BF6 | D24: LODS | E24: 23 | H24: 8002 | I24: 1 | J24: 30" | K24: 150000 | L24: black bear | M24: 77 | N24: 802 | O24: 8 | P24: 2 | Q24: 60 | R24: 19 | S24: 1885 | T24: 2450 | U24: 45496 | V24: 45533 | W24: 151632 | X24: 0.99757895 | Y24: 2455.946 | Z24: =1-((0.95-X24)*0.5) -> 1.0237895 | AA24: =T24/Z24 -> 2393.0701 | AB24: {=_xlfn.IFS(X24<0.6,T24,0.9<X24,T24,X24,AA24)} -> 2450 | AC24: 0.99915263 | AD24: 2455.0497 | AE24: 2450 | AG24: 0 | AH24: 23
A25: 24101-n | B25: 135525D516 | D25: LODS | E25: 24 | H25: 7002 | I25: 1 | J25: 30" | K25: 150000 | L25: T9905 | M25: 88 | N25: 702 | O25: 7 | P25: 2 | Q25: 27 | R25: 20 | S25: 2001 | T25: 2569 | U25: 45497 | V25: 45534 | W25: 123769 | X25: 0.81426974 | Y25: 3154.9742 | Z25: =1-((0.95-X25)*0.5) -> 0.93213487 | AA25: =T25/Z25 -> 2756.0389 | AB25: {=_xlfn.IFS(X25<0.6,T25,0.9<X25,T25,X25,AA25)} -> 2756.0389 | AC25: 0.93499441 | AD25: 3028.8881 | AE25: 3028.8881 | AG25: 0 | AH25: 24
A26: 24101-n | B26: 1ED16701A9 | D26: LODS | E26: 25 | H26: 6002 | I26: 1 | J26: 30" | K26: 150000 | L26: Eclipse | M26: 80 | N26: 602 | O26: 6 | P26: 2 | Q26: 27 | R26: 19.4 | S26: 2351 | T26: 3041 | U26: 45493 | V26: 45531 | W26: 151962 | X26: 0.99976316 | Y26: 3041.7204 | Z26: =1-((0.95-X26)*0.5) -> 1.0248816 | AA26: =T26/Z26 -> 2967.1721 | AB26: {=_xlfn.IFS(X26<0.6,T26,0.9<X26,T26,X26,AA26)} -> 3041 | AC26: 0.9999171 | AD26: 3041.6123 | AE26: 3041 | AG26: 0 | AH26: 25
A27: 24101-n | B27: 1BF894EAAD | D27: LODS | E27: 26 | H27: 5002 | I27: 1 | J27: 30" | K27: 150000 | L27: Nautica | M27: 83 | N27: 502 | O27: 5 | P27: 2 | Q27: 48 | R27: 18.9 | S27: 1705 | T27: 2219 | U27: 45495 | V27: 45532 | W27: 149375 | X27: 0.9827238 | Y27: 2258.0098 | Z27: =1-((0.95-X27)*0.5) -> 1.0163619 | AA27: =T27/Z27 -> 2183.2774 | AB27: {=_xlfn.IFS(X27<0.6,T27,0.9<X27,T27,X27,AA27)} -> 2219 | AC27: 0.99395333 | AD27: 2251.9518 | AE27: 2219 | AG27: 0 | AH27: 26
A28: 24101-n | B28: 1CFB818B13 | D28: LODS | E28: 27 | H28: 4002 | I28: 1 | J28: 30" | K28: 150000 | L28: Merlot | M28: 82 | N28: 402 | O28: 4 | P28: 2 | Q28: 38 | R28: 19.7 | S28: 1394 | T28: 1796 | U28: 45493 | V28: 45530 | W28: 144312 | X28: 0.94941481 | Y28: 1891.6916 | Z28: =1-((0.95-X28)*0.5) -> 0.9997074 | AA28: =T28/Z28 -> 1796.5257 | AB28: {=_xlfn.IFS(X28<0.6,T28,0.9<X28,T28,X28,AA28)} -> 1796 | AC28: 0.98229518 | AD28: 1875.8152 | AE28: 1796 | AG28: 0 | AH28: 27
A29: 24101-n | B29: 1FA7816CE1 | D29: LODS | E29: 28 | H29: 3002 | I29: 1 | J29: 30" | K29: 150000 | L29: Zorro | M29: 90 | N29: 302 | O29: 3 | P29: 2 | Q29: 25 | R29: 19.4 | S29: 2071 | T29: 2678 | U29: 45495 | V29: 45530 | W29: 148840 | X29: 0.97921053 | Y29: 2734.8562 | Z29: =1-((0.95-X29)*0.5) -> 1.0146053 | AA29: =T29/Z29 -> 2639.4501 | AB29: {=_xlfn.IFS(X29<0.6,T29,0.9<X29,T29,X29,AA29)} -> 2678 | AC29: 0.99272368 | AD29: 2725.9645 | AE29: 2678 | AG29: 0 | AH29: 28
A30: 24101-n | B30: 167E0CFA3F | D30: LODS | E30: 29 | H30: 2002 | I30: 1 | J30: 30" | K30: 150000 | L30: Cayenne | M30: 78 | N30: 202 | O30: 2 | P30: 2 | U30: 45493 | V30: 45534 | W30: 149240 | X30: 0.98184211 | AG30: 0 | AH30: 29
A31: 24101-n | B31: 1EB5B01FFF | D31: LODS | E31: 30 | H31: 1002 | I31: 1 | J31: 30" | K31: 150000 | L31: ETNA | M31: 81 | N31: 102 | O31: 1 | P31: 2 | Q31: 47 | R31: 19.2 | S31: 1967 | T31: 2550 | U31: 45490 | V31: 45524 | W31: 143320 | X31: 0.94289474 | Y31: 2704.4376 | Z31: =1-((0.95-X31)*0.5) -> 0.99644737 | AA31: =T31/Z31 -> 2559.0915 | AB31: {=_xlfn.IFS(X31<0.6,T31,0.9<X31,T31,X31,AA31)} -> 2550 | AC31: 0.98001316 | AD31: 2678.4836 | AE31: 2550 | AG31: 0 | AH31: 30
A32: 24101-n | B32: 114965A262 | D32: LODS | E32: 31 | H32: 1003 | I32: 1 | J32: 30" | K32: 75000 | L32: Red Rover | M32: 55 | N32: 103 | O32: 1 | P32: 3 | U32: 45489 | V32: 45525 | W32: 149940 | X32: 0.98644088 | AG32: 0 | AH32: 31
A33: 24101-n | B33: 13EFA08461 | D33: LODS | E33: 32 | H33: 2003 | I33: 1 | J33: 30" | K33: 75000 | L33: T9905 | M33: 58 | N33: 203 | O33: 2 | P33: 3 | Q33: 38 | R33: 21 | S33: 1637 | T33: 2075 | U33: 45497 | V33: 45534 | W33: 147503 | X33: 0.97040809 | Y33: 2138.2757 | Z33: =1-((0.95-X33)*0.5) -> 1.010204 | AA33: =T33/Z33 -> 2054.0405 | AB33: {=_xlfn.IFS(X33<0.6,T33,0.9<X33,T33,X33,AA33)} -> 2075 | AC33: 0.98964283 | AD33: 2128.2049 | AE33: 2075 | AG33: 0 | AH33: 32
A34: 24101-n | B34: 15158A5F69 | D34: LODS | E34: 33 | H34: 3003 | I34: 1 | J34: 30" | K34: 75000 | L34: black bear | M34: 47 | N34: 303 | O34: 3 | P34: 3 | Q34: 26 | R34: 21.7 | S34: 1836 | T34: 2307 | U34: 45496 | V34: 45535 | W34: 134790 | X34: 0.88678215 | Y34: 2601.5409 | Z34: =1-((0.95-X34)*0.5) -> 0.96839107 | AA34: =T34/Z34 -> 2382.302 | AB34: {=_xlfn.IFS(X34<0.6,T34,0.9<X34,T34,X34,AA34)} -> 2382.302 | AC34: 0.96037375 | AD34: 2546.3351 | AE34: 2546.3351 | AG34: 0 | AH34: 33
A35: 24101-n | B35: 1D59F1C964 | D35: LODS | E35: 34 | H35: 4003 | I35: 1 | J35: 30" | K35: 75000 | L35: Zorro | M35: 60 | N35: 403 | O35: 4 | P35: 3 | Q35: 28 | R35: 19.6 | S35: 1320 | T35: 1703 | U35: 45496 | V35: 45530 | W35: 126330 | X35: 0.83111295 | Y35: 2049.0596 | Z35: =1-((0.95-X35)*0.5) -> 0.94055648 | AA35: =T35/Z35 -> 1810.6302 | AB35: {=_xlfn.IFS(X35<0.6,T35,0.9<X35,T35,X35,AA35)} -> 1810.6302 | AC35: 0.94088953 | AD35: 1976.9281 | AE35: 1976.9281 | AG35: 0 | AH35: 34
A36: 24101-n | B36: 142BD536E6 | D36: LODS | E36: 35 | H36: 5003 | I36: 1 | J36: 30" | K36: 75000 | L36: Ronnies red | M36: 57 | N36: 503 | O36: 5 | P36: 3 | Q36: 70 | R36: 22 | S36: 693 | T36: 867 | U36: 45495 | W36: 144507 | X36: 0.95069144 | Y36: 911.96782 | Z36: =1-((0.95-X36)*0.5) -> 1.0003457 | AA36: =T36/Z36 -> 866.70037 | AB36: {=_xlfn.IFS(X36<0.6,T36,0.9<X36,T36,X36,AA36)} -> 867 | AC36: 0.982742 | AD36: 904.52588 | AE36: 867 | AG36: 0 | AH36: 35
A37: 24101-n | B37: 1DBB1A7FEC | D37: LODS | E37: 36 | H37: 6003 | I37: 1 | J37: 30" | K37: 75000 | L37: ETNA | M37: 51 | N37: 603 | O37: 6 | P37: 3 | Q37: 58 | R37: 23 | S37: 828 | T37: 1023 | U37: 45492 | V37: 45525 | W37: 144415 | X37: 0.95009868 | Y37: 1076.7303 | Z37: =1-((0.95-X37)*0.5) -> 1.0000493 | AA37: =T37/Z37 -> 1022.9495 | AB37: {=_xlfn.IFS(X37<0.6,T37,0.9<X37,T37,X37,AA37)} -> 1023 | AC37: 0.98253454 | AD37: 1067.8278 | AE37: 1023 | AG37: 0 | AH37: 36
A38: 24101-n | B38: 1CB9084CD5 | D38: LODS | E38: 37 | H38: 7003 | I38: 1 | J38: 30" | K38: 75000 | L38: Red Dawn | M38: 54 | N38: 703 | O38: 7 | P38: 3 | Q38: 65 | R38: 20.6 | S38: 553 | T38: 705 | U38: 45489 | V38: 45524 | W38: 148085 | X38: 0.97424342 | Y38: 723.63845 | Z38: =1-((0.95-X38)*0.5) -> 1.0121217 | AA38: =T38/Z38 -> 696.55654 | AB38: {=_xlfn.IFS(X38<0.6,T38,0.9<X38,T38,X38,AA38)} -> 705 | AC38: 0.9909852 | AD38: 720.69456 | AE38: 705 | AG38: 0 | AH38: 37
A39: 24101-n | B39: 13519E0F5D | D39: LODS | E39: 38 | H39: 8003 | I39: 1 | J39: 30" | K39: 75000 | L39: CLERK | M39: 49 | N39: 803 | O39: 8 | P39: 3 | Q39: 67 | R39: 23 | S39: 722 | T39: 892 | U39: 45496 | W39: 142067 | X39: 0.93465747 | Y39: 954.36032 | Z39: =1-((0.95-X39)*0.5) -> 0.99232873 | AA39: =T39/Z39 -> 898.89567 | AB39: {=_xlfn.IFS(X39<0.6,T39,0.9<X39,T39,X39,AA39)} -> 892 | AC39: 0.97713011 | AD39: 943.70959 | AE39: 892 | AG39: 0 | AH39: 38
A40: 24101-n | B40: 1BAF74E1C8 | D40: LODS | E40: 39 | H40: 9003 | I40: 1 | J40: 30" | K40: 75000 | L40: Windbreaker | M40: 59 | N40: 903 | O40: 9 | P40: 3 | Q40: 46 | R40: 19.6 | S40: 1482 | T40: 1912 | U40: 45494 | V40: 45530 | W40: 144393 | X40: 0.94997895 | Y40: 2012.6762 | Z40: =1-((0.95-X40)*0.5) -> 0.99998947 | AA40: =T40/Z40 -> 1912.0201 | AB40: {=_xlfn.IFS(X40<0.6,T40,0.9<X40,T40,X40,AA40)} -> 1912 | AC40: 0.98249263 | AD40: 1995.9914 | AE40: 1912 | AG40: 0 | AH40: 39
A41: 24101-n | B41: 1346BCE35D | D41: LODS | E41: 40 | H41: 10003 | I41: 1 | J41: 30" | K41: 75000 | L41: Redhawk | M41: 56 | N41: 1003 | O41: 10 | P41: 3 | Q41: 52 | R41: 20.4 | S41: 358 | T41: 457 | U41: 45490 | V41: 45525 | W41: 99365 | X41: 0.6537085 | Y41: 699.08835 | Z41: =1-((0.95-X41)*0.5) -> 0.85185425 | AA41: =T41/Z41 -> 536.47675 | AB41: {=_xlfn.IFS(X41<0.6,T41,0.9<X41,T41,X41,AA41)} -> 536.47675 | AC41: 0.87879798 | AD41: 628.92403 | AE41: 628.92403 | AG41: 0 | AH41: 40
A42: 24101-n | B42: 1CDB6474C6 | D42: LODS | E42: 41 | H42: 11003 | I42: 1 | J42: 30" | K42: 75000 | L42: Eclipse | M42: 50 | N42: 1103 | O42: 11 | P42: 3 | Q42: 25 | R42: 20.3 | S42: 1476 | T42: 1888 | U42: 45495 | V42: 45532 | W42: 111814 | X42: 0.7356281 | Y42: 2566.5142 | Z42: =1-((0.95-X42)*0.5) -> 0.89281405 | AA42: =T42/Z42 -> 2114.6621 | AB42: {=_xlfn.IFS(X42<0.6,T42,0.9<X42,T42,X42,AA42)} -> 2114.6621 | AC42: 0.90746984 | AD42: 2397.4144 | AE42: 2397.4144 | AG42: 0 | AH42: 41
A43: 24101-n | B43: 176658E42D | D43: LODS | E43: 42 | H43: 12003 | I43: 1 | J43: 30" | K43: 75000 | L43: Apex | M43: 46 | N43: 1203 | O43: 12 | P43: 3 | Q43: 51 | R43: 19.5 | S43: 1576 | T43: 2036 | U43: 45493 | V43: 45537 | W43: 141696 | X43: 0.93221053 | Y43: 2184.056 | Z43: =1-((0.95-X43)*0.5) -> 0.99110526 | AA43: =T43/Z43 -> 2054.2722 | AB43: {=_xlfn.IFS(X43<0.6,T43,0.9<X43,T43,X43,AA43)} -> 2036 | AC43: 0.97627368 | AD43: 2158.6476 | AE43: 2036 | AG43: 0 | AH43: 42
A44: 24101-n | B44: 17ADAD86EC | D44: LODS | E44: 43 | H44: 13003 | I44: 1 | J44: 30" | K44: 75000 | L44: Cayenne | M44: 48 | N44: 1303 | O44: 13 | P44: 3 | Q44: 39 | R44: 20.5 | S44: 2047 | T44: 2611 | U44: 45498 | V44: 45534 | W44: 132852 | X44: 0.87402057 | Y44: 2987.3439 | Z44: =1-((0.95-X44)*0.5) -> 0.96201028 | AA44: =T44/Z44 -> 2714.1082 | AB44: {=_xlfn.IFS(X44<0.6,T44,0.9<X44,T44,X44,AA44)} -> 2714.1082 | AC44: 0.9559072 | AD44: 2915.0552 | AE44: 2915.0552 | AG44: 0 | AH44: 43
A45: 24101-n | B45: 10C128A4AC | D45: LODS | E45: 44 | H45: 14003 | I45: 1 | J45: 30" | K45: 75000 | L45: Merlot | M45: 52 | N45: 1403 | O45: 14 | P45: 3 | Q45: 42 | R45: 18.6 | S45: 918 | T45: 1199 | U45: 45497 | V45: 45537 | W45: 132193 | X45: 0.86968507 | Y45: 1378.66 | Z45: =1-((0.95-X45)*0.5) -> 0.95984253 | AA45: =T45/Z45 -> 1249.1632 | AB45: {=_xlfn.IFS(X45<0.6,T45,0.9<X45,T45,X45,AA45)} -> 1249.1632 | AC45: 0.95438977 | AD45: 1343.8628 | AE45: 1343.8628 | AG45: 0 | AH45: 44
A46: 24101-n | B46: 16614BF8FB | D46: LODS | E46: 45 | H46: 15003 | I46: 1 | J46: 30" | K46: 75000 | L46: Nautica | M46: 53 | N46: 1503 | O46: 15 | P46: 3 | Q46: 24 | R46: 21.2 | S46: 1489 | T46: 1883 | U46: 45497 | V46: 45534 | W46: 141132 | X46: 0.92848778 | Y46: 2028.0288 | Z46: =1-((0.95-X46)*0.5) -> 0.98924389 | AA46: =T46/Z46 -> 1903.474 | AB46: {=_xlfn.IFS(X46<0.6,T46,0.9<X46,T46,X46,AA46)} -> 1883 | AC46: 0.97497072 | AD46: 2002.958 | AE46: 1883 | AG46: 0 | AH46: 45
A47: 24101-n | B47: 1601855702 | D47: LODS | E47: 46 | H47: 15004 | I47: 1 | J47: 22" | K47: 150000 | L47: Nautica | M47: 38 | N47: 1504 | O47: 15 | P47: 4 | U47: 45496 | V47: 45532 | W47: 114474 | X47: 0.88640429 | AG47: 0 | AH47: 46
A48: 24101-n | B48: 162DD8AFEB | D48: LODS | E48: 47 | H48: 14004 | I48: 1 | J48: 22" | K48: 150000 | L48: Zorro | M48: 45 | N48: 1404 | O48: 14 | P48: 4 | Q48: 28 | R48: 21.2 | S48: 1570 | T48: 1985 | U48: 45497 | V48: 45532 | W48: 123237 | X48: 0.95450491 | Y48: 2448.2746 | Z48: =1-((0.95-X48)*0.5) -> 1.0022525 | AA48: =T48/Z48 -> 1980.5389 | AB48: {=_xlfn.IFS(X48<0.6,T48,0.9<X48,T48,X48,AA48)} -> 1985 | AC48: 0.98407672 | AD48: 2227.9069 | AE48: 1985 | AG48: 0 | AH48: 47
A49: 24101-n | B49: 196870E465 | D49: LODS | E49: 48 | H49: 13004 | I49: 1 | J49: 22" | K49: 150000 | L49: Redhawk | M49: 41 | N49: 1304 | O49: 13 | P49: 4 | Q49: 54 | R49: 20.7 | S49: 645 | T49: 821 | U49: 45492 | V49: 45530 | W49: 119061 | X49: 0.87209302 | Y49: 1048.135 | Z49: =1-((0.95-X49)*0.5) -> 0.96104651 | AA49: =T49/Z49 -> 854.27707 | AB49: {=_xlfn.IFS(X49<0.6,T49,0.9<X49,T49,X49,AA49)} -> 854.27707 | AC49: 0.95523256 | AD49: 963.9191 | AE49: 963.9191 | AG49: 0 | AH49: 48
A50: 24101-n | B50: 1B20C85804 | D50: LODS | E50: 49 | H50: 12004 | I50: 1 | J50: 22" | K50: 150000 | L50: Cayenne | M50: 33 | N50: 1204 | O50: 12 | P50: 4 | Q50: 39 | R50: 19.9 | S50: 1476 | T50: 1897 | U50: 45497 | V50: 45534 | W50: 89482 | X50: 0.6639857 | Y50: 3222.3899 | Z50: =1-((0.95-X50)*0.5) -> 0.85699285 | AA50: =T50/Z50 -> 2213.5541 | AB50: {=_xlfn.IFS(X50<0.6,T50,0.9<X50,T50,X50,AA50)} -> 2213.5541 | AC50: 0.882395 | AD50: 2706.4136 | AE50: 2706.4136 | AG50: 0 | AH50: 49
A51: 24101-n | B51: 1D1519F912 | D51: LODS | E51: 50 | H51: 11004 | I51: 1 | J51: 22" | K51: 150000 | L51: Windbreaker | M51: 44 | N51: 1104 | O51: 11 | P51: 4 | Q51: 42 | R51: 20.1 | S51: 1532 | T51: 1964 | U51: 45493 | V51: 45528 | W51: 124995 | X51: 0.95008913 | Y51: 2388.351 | Z51: =1-((0.95-X51)*0.5) -> 1.0000446 | AA51: =T51/Z51 -> 1963.9125 | AB51: {=_xlfn.IFS(X51<0.6,T51,0.9<X51,T51,X51,AA51)} -> 1964 | AC51: 0.98253119 | AD51: 2193.8118 | AE51: 1964 | AG51: 0 | AH51: 50
A52: 24101-n | B52: 11AC5EA708 | D52: LODS | E52: 51 | H52: 10004 | I52: 1 | J52: 22" | K52: 150000 | L52: Eclipse | M52: 35 | N52: 1004 | O52: 10 | P52: 4 | Q52: 45 | R52: 20 | S52: 1319 | T52: 1693 | U52: 45496 | V52: 45532 | W52: 86857 | X52: 0.6431127 | Y52: 2962.7159 | Z52: =1-((0.95-X52)*0.5) -> 0.84655635 | AA52: =T52/Z52 -> 1999.8669 | AB52: {=_xlfn.IFS(X52<0.6,T52,0.9<X52,T52,X52,AA52)} -> 1999.8669 | AC52: 0.87508944 | AD52: 2462.2834 | AE52: 2462.2834 | AG52: 0 | AH52: 51
A53: 24101-n | B53: 17C35F9EF6 | D53: LODS | E53: 52 | H53: 9004 | I53: 1 | J53: 22" | K53: 150000 | L53: CLERK | M53: 34 | N53: 904 | O53: 9 | P53: 4 | Q53: 61 | R53: 20.4 | S53: 657 | T53: 839 | U53: 45496 | W53: 122748 | X53: 0.95102404 | Y53: 1038.9484 | Z53: =1-((0.95-X53)*0.5) -> 1.000512 | AA53: =T53/Z53 -> 838.57063 | AB53: {=_xlfn.IFS(X53<0.6,T53,0.9<X53,T53,X53,AA53)} -> 839 | AC53: 0.98285842 | AD53: 944.52035 | AE53: 839 | AG53: 0 | AH53: 52
A54: 24101-n | B54: 1B93418F81 | D54: LODS | E54: 53 | H54: 8004 | I54: 1 | J54: 22" | K54: 150000 | L54: Red Rover | M54: 40 | N54: 804 | O54: 8 | P54: 4 | Q54: 57 | R54: 18.9 | S54: 764 | T54: 994 | U54: 45490 | V54: 45526 | W54: 129000 | X54: 0.98928571 | Y54: 1171.2325 | Z54: =1-((0.95-X54)*0.5) -> 1.0196429 | AA54: =T54/Z54 -> 974.85114 | AB54: {=_xlfn.IFS(X54<0.6,T54,0.9<X54,T54,X54,AA54)} -> 994 | AC54: 0.99625 | AD54: 1079.4105 | AE54: 994 | AG54: 0 | AH54: 53
A55: 24101-n | B55: 1617DE1AAA | D55: LODS | E55: 54 | H55: 7004 | I55: 1 | J55: 22" | K55: 150000 | L55: Red Dawn | M55: 39 | N55: 704 | O55: 7 | P55: 4 | Q55: 64 | R55: 20.7 | S55: 550 | T55: 700 | U55: 45491 | V55: 45524 | W55: 121350 | X55: 0.83363148 | Y55: 876.80841 | Z55: =1-((0.95-X55)*0.5) -> 0.94181574 | AA55: =T55/Z55 -> 743.24517 | AB55: {=_xlfn.IFS(X55<0.6,T55,0.9<X55,T55,X55,AA55)} -> 743.24517 | AC55: 0.94177102 | AD55: 826.62492 | AE55: 826.62492 | AG55: 0 | AH55: 54
A56: 24101-n | B56: 137A27CF22 | D56: LODS | E56: 55 | H56: 6004 | I56: 1 | J56: 22" | K56: 150000 | L56: T9905 | M56: 43 | N56: 604 | O56: 6 | P56: 4 | Q56: 25 | R56: 18.3 | S56: 1828 | T56: 2396 | U56: 45495 | V56: 45534 | W56: 120972 | X56: 0.87745975 | Y56: 3010.5677 | Z56: =1-((0.95-X56)*0.5) -> 0.96372988 | AA56: =T56/Z56 -> 2486.1738 | AB56: {=_xlfn.IFS(X56<0.6,T56,0.9<X56,T56,X56,AA56)} -> 2486.1738 | AC56: 0.95711091 | AD56: 2787.9263 | AE56: 2787.9263 | AG56: 0 | AH56: 55
A57: 24101-n | B57: 178A7FCC1B | D57: LODS | E57: 56 | H57: 5004 | I57: 1 | J57: 22" | K57: 150000 | L57: Ronnies red | M57: 42 | N57: 504 | O57: 5 | P57: 4 | Q57: 70 | R57: 19.6 | S57: 766 | T57: 988 | U57: 45494 | V57: 45537 | W57: 125912 | X57: 0.88918677 | Y57: 1192.7139 | Z57: =1-((0.95-X57)*0.5) -> 0.96959339 | AA57: =T57/Z57 -> 1018.9838 | AB57: {=_xlfn.IFS(X57<0.6,T57,0.9<X57,T57,X57,AA57)} -> 1018.9838 | AC57: 0.96121537 | AD57: 1124.3559 | AE57: 1124.3559 | AG57: 0 | AH57: 56
A58: 24101-n | B58: 10DF836229 | D58: LODS | E58: 57 | H58: 4004 | I58: 1 | J58: 22" | K58: 150000 | L58: Merlot | M58: 37 | N58: 404 | O58: 4 | P58: 4 | Q58: 40 | R58: 19.9 | S58: 1582 | T58: 2033 | U58: 45495 | V58: 45534 | W58: 115707 | X58: 0.81550802 | Y58: 2670.6592 | Z58: =1-((0.95-X58)*0.5) -> 0.93275401 | AA58: =T58/Z58 -> 2179.5671 | AB58: {=_xlfn.IFS(X58<0.6,T58,0.9<X58,T58,X58,AA58)} -> 2179.5671 | AC58: 0.93542781 | AD58: 2467.9691 | AE58: 2467.9691 | AG58: 0 | AH58: 57
A59: 24101-n | B59: 1BEEB999A1 | D59: LODS | E59: 58 | H59: 3004 | I59: 1 | J59: 22" | K59: 150000 | L59: Apex | M59: 31 | N59: 304 | O59: 3 | P59: 4 | Q59: 28 | R59: 20.5 | S59: 1623 | T59: 2070 | U59: 45495 | V59: 45536 | W59: 124963 | X59: 0.9197861 | Y59: 2517.8819 | Z59: =1-((0.95-X59)*0.5) -> 0.98489305 | AA59: =T59/Z59 -> 2101.7511 | AB59: {=_xlfn.IFS(X59<0.6,T59,0.9<X59,T59,X59,AA59)} -> 2070 | AC59: 0.97192513 | AD59: 2337.7101 | AE59: 2070 | AG59: 0 | AH59: 58
A60: 24101-n | B60: 184AA18C55 | D60: LODS | E60: 59 | H60: 2004 | I60: 1 | J60: 22" | K60: 150000 | L60: ETNA | M60: 36 | N60: 204 | O60: 2 | P60: 4 | Q60: 47 | R60: 19.3 | S60: 190 | T60: 246 | U60: 45490 | V60: 45526 | W60: 86819 | X60: 0.55921639 | Y60: 430.68913 | Z60: =1-((0.95-X60)*0.5) -> 0.80460819 | AA60: =T60/Z60 -> 305.73887 | AB60: {=_xlfn.IFS(X60<0.6,T60,0.9<X60,T60,X60,AA60)} -> 246 | AC60: 0.84572574 | AD60: 370.26296 | AE60: 246 | AG60: 0 | AH60: 59
A61: 24101-n | B61: 1F294A5502 | D61: LODS | E61: 60 | H61: 1004 | I61: 1 | J61: 22" | K61: 150000 | L61: black bear | M61: 32 | N61: 104 | O61: 1 | P61: 4 | R61: 1 | U61: 45494 | AG61: 0 | AH61: 60
A62: 24101-n | B62: 128FCE3EF1 | D62: LODS | E62: 61 | H62: 1005 | I62: 1 | J62: 22" | K62: 75000 | L62: Nautica | M62: 8 | N62: 105 | O62: 1 | P62: 5 | Q62: 29 | R62: 17.2 | S62: 482 | T62: 640 | U62: 45495 | V62: 45536 | W62: 112896 | X62: 0.81769437 | Y62: 861.67234 | Z62: =1-((0.95-X62)*0.5) -> 0.93384719 | AA62: =T62/Z62 -> 685.33697 | AB62: {=_xlfn.IFS(X62<0.6,T62,0.9<X62,T62,X62,AA62)} -> 685.33697 | AC62: 0.93619303 | AD62: 784.53358 | AE62: 784.53358 | AG62: 0 | AH62: 61
A63: 24101-n | B63: 108817FC5A | D63: LODS | E63: 62 | H63: 2005 | I63: 1 | J63: 22" | K63: 75000 | L63: Merlot | M63: 7 | N63: 205 | O63: 2 | P63: 5 | Q63: 40 | R63: 20.6 | S63: 929 | T63: 1184 | U63: 45496 | V63: 45536 | W63: 100329 | X63: 0.68722073 | Y63: 1793.7667 | Z63: =1-((0.95-X63)*0.5) -> 0.86861037 | AA63: =T63/Z63 -> 1363.0968 | AB63: {=_xlfn.IFS(X63<0.6,T63,0.9<X63,T63,X63,AA63)} -> 1363.0968 | AC63: 0.89052726 | AD63: 1601.8054 | AE63: 1601.8054 | AG63: 0 | AH63: 62
A64: 24101-n | B64: 1C2A16BA08 | D64: LODS | E64: 63 | H64: 3005 | I64: 1 | J64: 22" | K64: 75000 | L64: Apex | M64: 1 | N64: 305 | O64: 3 | P64: 5 | Q64: 28 | R64: 22.8 | S64: 1518 | T64: 1880 | U64: 45497 | W64: 123989 | X64: 0.96693476 | Y64: 2304.7206 | Z64: =1-((0.95-X64)*0.5) -> 1.0084674 | AA64: =T64/Z64 -> 1864.215 | AB64: {=_xlfn.IFS(X64<0.6,T64,0.9<X64,T64,X64,AA64)} -> 1880 | AC64: 0.98842717 | AD64: 2095.0529 | AE64: 1880 | AG64: 0 | AH64: 63
A65: 24101-n | B65: 1B00FCE504 | D65: LODS | E65: 64 | H65: 4005 | I65: 1 | J65: 22" | K65: 75000 | L65: black bear | M65: 2 | N65: 405 | O65: 4 | P65: 5 | Q65: 28 | R65: 23.3 | S65: 1636 | T65: 2013 | U65: 45497 | V65: 45536 | W65: 119853 | X65: 0.90161002 | Y65: 2552.9609 | Z65: =1-((0.95-X65)*0.5) -> 0.97580501 | AA65: =T65/Z65 -> 2062.9121 | AB65: {=_xlfn.IFS(X65<0.6,T65,0.9<X65,T65,X65,AA65)} -> 2013 | AC65: 0.96556351 | AD65: 2331.3362 | AE65: 2013 | AG65: 0 | AH65: 64
A66: 24101-n | B66: 12BC26828A | D66: LODS | E66: 65 | H66: 5005 | I66: 1 | J66: 22" | K66: 75000 | L66: ETNA | M66: 6 | N66: 505 | O66: 5 | P66: 5 | Q66: 72 | R66: 18.9 | S66: 740 | T66: 963 | U66: 45490 | V66: 45524 | W66: 118856 | X66: 0.8783542 | Y66: 1231.5488 | Z66: =1-((0.95-X66)*0.5) -> 0.9641771 | AA66: =T66/Z66 -> 998.77916 | AB66: {=_xlfn.IFS(X66<0.6,T66,0.9<X66,T66,X66,AA66)} -> 998.77916 | AC66: 0.95742397 | AD66: 1128.9075 | AE66: 1128.9075 | AG66: 0 | AH66: 65
A67: 24101-n | B67: 14A4CA0F78 | D67: LODS | E67: 66 | H67: 6005 | I67: 1 | J67: 22" | K67: 75000 | L67: Zorro | M67: 15 | N67: 605 | O67: 6 | P67: 5 | Q67: 28 | R67: 21.2 | S67: 1688 | T67: 2134 | U67: 45494 | V67: 45534 | W67: 113011 | X67: 0.78966132 | Y67: 2870.1961 | Z67: =1-((0.95-X67)*0.5) -> 0.91983066 | AA67: =T67/Z67 -> 2319.9922 | AB67: {=_xlfn.IFS(X67<0.6,T67,0.9<X67,T67,X67,AA67)} -> 2319.9922 | AC67: 0.92638146 | AD67: 2642.4806 | AE67: 2642.4806 | AG67: 0 | AH67: 66
A68: 24101-n | B68: 1ABB092894 | D68: LODS | E68: 67 | H68: 7005 | I68: 1 | J68: 22" | K68: 75000 | L68: T9905 | M68: 13 | N68: 705 | O68: 7 | P68: 5 | Q68: 27 | R68: 21.3 | S68: 1322 | T68: 1669 | U68: 45498 | V68: 45535 | W68: 118049 | X68: 0.77094474 | Y68: 2149.0342 | Z68: =1-((0.95-X68)*0.5) -> 0.91047237 | AA68: =T68/Z68 -> 1833.1144 | AB68: {=_xlfn.IFS(X68<0.6,T68,0.9<X68,T68,X68,AA68)} -> 1833.1144 | AC68: 0.91983066 | AD68: 2042.5936 | AE68: 2042.5936 | AG68: 0 | AH68: 67
A69: 24101-n | B69: 18699C80DE | D69: LODS | E69: 68 | H69: 8005 | I69: 1 | J69: 22" | K69: 75000 | L69: Cayenne | M69: 3 | N69: 805 | O69: 8 | P69: 5 | Q69: 41 | R69: 19.7 | S69: 1511 | T69: 1947 | U69: 45496 | V69: 45534 | W69: 76037 | X69: 0.51520572 | Y69: 3892.1308 | Z69: =1-((0.95-X69)*0.5) -> 0.78260286 | AA69: =T69/Z69 -> 2487.8519 | AB69: {=_xlfn.IFS(X69<0.6,T69,0.9<X69,T69,X69,AA69)} -> 1947 | AC69: 0.830322 | AD69: 3125.9975 | AE69: 1947 | AG69: 0 | AH69: 68
A70: 24101-n | B70: 1CD6C3DBF6 | D70: LODS | E70: 69 | H70: 9005 | I70: 1 | J70: 22" | K70: 75000 | L70: Red Dawn | M70: 9 | N70: 905 | O70: 9 | P70: 5 | Q70: 59 | R70: 19 | S70: 513 | T70: 667 | U70: 45489 | V70: 45525 | W70: 123728 | X70: 0.94007156 | Y70: 819.41571 | Z70: =1-((0.95-X70)*0.5) -> 0.99503578 | AA70: =T70/Z70 -> 670.32766 | AB70: {=_xlfn.IFS(X70<0.6,T70,0.9<X70,T70,X70,AA70)} -> 667 | AC70: 0.97902504 | AD70: 751.14889 | AE70: 667 | AG70: 0 | AH70: 69
A71: 24101-n | B71: 11A3DEAF70 | D71: LODS | E71: 70 | H71: 10005 | I71: 1 | J71: 22" | K71: 75000 | L71: Redhawk | M71: 11 | N71: 1005 | O71: 10 | P71: 5 | Q71: 56 | R71: 19.2 | S71: 507 | T71: 657 | U71: 45490 | V71: 45525 | W71: 122648 | X71: 0.94826048 | Y71: 814.2326 | Z71: =1-((0.95-X71)*0.5) -> 0.99913024 | AA71: =T71/Z71 -> 657.57193 | AB71: {=_xlfn.IFS(X71<0.6,T71,0.9<X71,T71,X71,AA71)} -> 657 | AC71: 0.98189117 | AD71: 740.62635 | AE71: 657 | AG71: 0 | AH71: 70
A72: 24101-n | B72: 15BD90DF5B | D72: LODS | E72: 71 | H72: 11005 | I72: 1 | J72: 22" | K72: 75000 | L72: Ronnies red | M72: 12 | N72: 1105 | O72: 11 | P72: 5 | Q72: 73 | R72: 21 | S72: 768 | T72: 974 | U72: 45494 | V72: 45536 | W72: 121596 | X72: 0.9204647 | Y72: 1217.5481 | Z72: =1-((0.95-X72)*0.5) -> 0.98523235 | AA72: =T72/Z72 -> 988.59929 | AB72: {=_xlfn.IFS(X72<0.6,T72,0.9<X72,T72,X72,AA72)} -> 974 | AC72: 0.97216265 | AD72: 1113.2306 | AE72: 974 | AG72: 0 | AH72: 71
A73: 24101-n | B73: 196A2A2CFF | D73: LODS | E73: 72 | H73: 12005 | I73: 1 | J73: 22" | K73: 75000 | L73: Eclipse | M73: 5 | N73: 1205 | O73: 12 | P73: 5 | Q73: 48 | R73: 17.7 | S73: 1216 | T73: 1606 | U73: 45497 | V73: 45530 | W73: 122878 | X73: 0.94290812 | Y73: 1986.647 | Z73: =1-((0.95-X73)*0.5) -> 0.99645406 | AA73: =T73/Z73 -> 1611.715 | AB73: {=_xlfn.IFS(X73<0.6,T73,0.9<X73,T73,X73,AA73)} -> 1606 | AC73: 0.98001784 | AD73: 1812.3735 | AE73: 1606 | AG73: 0 | AH73: 72
A74: 24101-n | B74: 1B00F5B1B3 | D74: LODS | E74: 73 | H74: 13005 | I74: 1 | J74: 22" | K74: 75000 | L74: CLERK | M74: 4 | N74: 1305 | O74: 13 | P74: 5 | Q74: 64 | R74: 21.6 | S74: 666 | T74: 838 | U74: 45498 | W74: 121315 | X74: 0.94454383 | Y74: 1049.9608 | Z74: =1-((0.95-X74)*0.5) -> 0.99727191 | AA74: =T74/Z74 -> 840.29239 | AB74: {=_xlfn.IFS(X74<0.6,T74,0.9<X74,T74,X74,AA74)} -> 838 | AC74: 0.98059034 | AD74: 950.53152 | AE74: 838 | AG74: 0 | AH74: 73
A75: 24101-n | B75: 10F8436E71 | D75: LODS | E75: 74 | H75: 14005 | I75: 1 | J75: 22" | K75: 75000 | L75: Windbreaker | M75: 14 | N75: 1405 | O75: 14 | P75: 5 | Q75: 50 | R75: 19.9 | S75: 1223 | T75: 1572 | U75: 45494 | V75: 45530 | W75: 122658 | X75: 0.95706619 | Y75: 1948.0507 | Z75: =1-((0.95-X75)*0.5) -> 1.0035331 | AA75: =T75/Z75 -> 1566.4655 | AB75: {=_xlfn.IFS(X75<0.6,T75,0.9<X75,T75,X75,AA75)} -> 1572 | AC75: 0.98497317 | AD75: 1766.483 | AE75: 1572 | AG75: 0 | AH75: 74
A76: 24101-n | B76: 1FE3C8DD87 | D76: LODS | E76: 75 | H76: 15005 | I76: 1 | J76: 22" | K76: 75000 | L76: Red Rover | M76: 10 | N76: 1505 | O76: 15 | P76: 5 | Q76: 60 | R76: 20.5 | S76: 744 | T76: 949 | U76: 45492 | V76: 45528 | W76: 123597 | X76: 0.94915254 | Y76: 1167.0757 | Z76: =1-((0.95-X76)*0.5) -> 0.99957627 | AA76: =T76/Z76 -> 949.40229 | AB76: {=_xlfn.IFS(X76<0.6,T76,0.9<X76,T76,X76,AA76)} -> 949 | AC76: 0.98220339 | AD76: 1065.7678 | AE76: 949 | AG76: 0 | AH76: 75
A77: 24101-n | B77: 1F69EB8F23 | D77: LODS | E77: 76 | H77: 15006 | I77: 1 | J77: 22" | K77: 100000 | L77: Nautica | M77: 23 | N77: 1506 | O77: 15 | P77: 6 | Q77: 54 | R77: 20.7 | S77: 1063 | T77: 1353 | U77: 45498 | V77: 45534 | W77: 111541 | X77: 0.8117752 | Y77: 1843.7705 | Z77: =1-((0.95-X77)*0.5) -> 0.9308876 | AA77: =T77/Z77 -> 1453.4515 | AB77: {=_xlfn.IFS(X77<0.6,T77,0.9<X77,T77,X77,AA77)} -> 1453.4515 | AC77: 0.93412132 | AD77: 1670.7825 | AE77: 1670.7825 | AG77: 0 | AH77: 76
A78: 24101-n | B78: 1E5BC0F5A0 | D78: LODS | E78: 77 | H78: 14006 | I78: 1 | J78: 22" | K78: 100000 | L78: Red Dawn | M78: 24 | N78: 1406 | O78: 14 | P78: 6 | Q78: 56 | R78: 18.5 | S78: 539 | T78: 705 | U78: 45493 | V78: 45523 | W78: 125487 | X78: 0.96434938 | Y78: 853.95862 | Z78: =1-((0.95-X78)*0.5) -> 1.0071747 | AA78: =T78/Z78 -> 699.97788 | AB78: {=_xlfn.IFS(X78<0.6,T78,0.9<X78,T78,X78,AA78)} -> 705 | AC78: 0.98752228 | AD78: 782.1219 | AE78: 705 | AG78: 0 | AH78: 77
A79: 24101-n | B79: 10EDA2B6DF | D79: LODS | E79: 78 | H79: 13006 | I79: 1 | J79: 22" | K79: 100000 | L79: T9905 | M79: 28 | N79: 1306 | O79: 13 | P79: 6 | Q79: 54 | R79: 23.2 | S79: 1886 | T79: 2324 | U79: 45499 | V79: 45535 | W79: 108032 | X79: 0.73703041 | Y79: 3269.8245 | Z79: =1-((0.95-X79)*0.5) -> 0.89351521 | AA79: =T79/Z79 -> 2600.963 | AB79: {=_xlfn.IFS(X79<0.6,T79,0.9<X79,T79,X79,AA79)} -> 2600.963 | AC79: 0.90796064 | AD79: 2992.3659 | AE79: 2992.3659 | AG79: 0 | AH79: 78
A80: 24101-n | B80: 103B4585F5 | D80: LODS | E80: 79 | H80: 12006 | I80: 1 | J80: 22" | K80: 100000 | L80: Ronnies red | M80: 27 | N80: 1206 | O80: 12 | P80: 6 | Q80: 66 | R80: 19.6 | S80: 642 | T80: 828 | U80: 45495 | V80: 45536 | W80: 125538 | X80: 0.97678571 | Y80: 1002.5133 | Z80: =1-((0.95-X80)*0.5) -> 1.0133929 | AA80: =T80/Z80 -> 817.05727 | AB80: {=_xlfn.IFS(X80<0.6,T80,0.9<X80,T80,X80,AA80)} -> 828 | AC80: 0.991875 | AD80: 914.36721 | AE80: 828 | AG80: 0 | AH80: 79
A81: 24101-n | B81: 1D32470AF7 | D81: LODS | E81: 80 | H81: 11006 | I81: 1 | J81: 22" | K81: 100000 | L81: Redhawk | M81: 26 | N81: 1106 | O81: 11 | P81: 6 | Q81: 51 | R81: 19.2 | S81: 832 | T81: 1079 | U81: 45494 | V81: 45526 | W81: 124411 | X81: 0.99196429 | Y81: 1318.2497 | Z81: =1-((0.95-X81)*0.5) -> 1.0209821 | AA81: =T81/Z81 -> 1056.8255 | AB81: {=_xlfn.IFS(X81<0.6,T81,0.9<X81,T81,X81,AA81)} -> 1079 | AC81: 0.9971875 | AD81: 1190.033 | AE81: 1079 | AG81: 0 | AH81: 80
A82: 24101-n | B82: 1C8627CFE0 | D82: LODS | E82: 81 | H82: 10006 | I82: 1 | J82: 22" | K82: 100000 | L82: ETNA | M82: 21 | N82: 1006 | O82: 10 | P82: 6 | Q82: 56 | R82: 20.5 | S82: 823 | T82: 1050 | U82: 45491 | V82: 45526 | W82: 123499 | X82: 0.97237077 | Y82: 1292.3267 | Z82: =1-((0.95-X82)*0.5) -> 1.0111854 | AA82: =T82/Z82 -> 1038.3853 | AB82: {=_xlfn.IFS(X82<0.6,T82,0.9<X82,T82,X82,AA82)} -> 1050 | AC82: 0.99032977 | AD82: 1169.9419 | AE82: 1050 | AG82: 0 | AH82: 81
A83: 24101-n | B83: 1C3156684C | D83: LODS | E83: 82 | H83: 9006 | I83: 1 | J83: 22" | K83: 100000 | L83: CLERK | M83: 19 | N83: 906 | O83: 9 | P83: 6 | Q83: 72 | R83: 24 | S83: 432 | T83: 527 | U83: 45498 | W83: 124273 | X83: 0.97682709 | Y83: 644.58512 | Z83: =1-((0.95-X83)*0.5) -> 1.0134135 | AA83: =T83/Z83 -> 520.02463 | AB83: {=_xlfn.IFS(X83<0.6,T83,0.9<X83,T83,X83,AA83)} -> 527 | AC83: 0.99188948 | AD83: 584.63358 | AE83: 527 | AG83: 0 | AH83: 82
A84: 24101-n | B84: 1AFB396F00 | D84: LODS | E84: 83 | H84: 8006 | I84: 1 | J84: 22" | K84: 100000 | L84: Apex | M84: 16 | N84: 806 | O84: 8 | P84: 6 | Q84: 28 | R84: 22.7 | S84: 1549 | T84: 1921 | U84: 45497 | V84: 45535 | W84: 113134 | X84: 0.87399464 | Y84: 2580.9055 | Z84: =1-((0.95-X84)*0.5) -> 0.96199732 | AA84: =T84/Z84 -> 1996.8871 | AB84: {=_xlfn.IFS(X84<0.6,T84,0.9<X84,T84,X84,AA84)} -> 1996.8871 | AC84: 0.95589812 | AD84: 2304.2069 | AE84: 2304.2069 | AG84: 0 | AH84: 83
A85: 24101-n | B85: 13F7E6DCBF | D85: LODS | E85: 84 | H85: 7006 | I85: 1 | J85: 22" | K85: 100000 | L85: black bear | M85: 17 | N85: 706 | O85: 7 | P85: 6 | Q85: 29 | R85: 20.3 | S85: 1943 | T85: 2485 | U85: 45498 | V85: 45536 | W85: 121688 | X85: 0.95442359 | Y85: 3104.0241 | Z85: =1-((0.95-X85)*0.5) -> 1.0022118 | AA85: =T85/Z85 -> 2479.5158 | AB85: {=_xlfn.IFS(X85<0.6,T85,0.9<X85,T85,X85,AA85)} -> 2485 | AC85: 0.98404826 | AD85: 2804.9756 | AE85: 2485 | AG85: 0 | AH85: 84
A86: 24101-n | B86: 1F28AAC832 | D86: LODS | E86: 85 | H86: 6006 | I86: 1 | J86: 22" | K86: 100000 | L86: Red Rover | M86: 25 | N86: 606 | O86: 6 | P86: 6 | Q86: 61 | R86: 18.6 | S86: 827 | T86: 1080 | U86: 45491 | V86: 45525 | W86: 119735 | X86: 0.93828265 | Y86: 1371.0367 | Z86: =1-((0.95-X86)*0.5) -> 0.99414132 | AA86: =T86/Z86 -> 1086.3647 | AB86: {=_xlfn.IFS(X86<0.6,T86,0.9<X86,T86,X86,AA86)} -> 1080 | AC86: 0.97839893 | AD86: 1234.915 | AE86: 1080 | AG86: 0 | AH86: 85
A87: 24101-n | B87: 1C4B0E1D45 | D87: LODS | E87: 86 | H87: 5006 | I87: 1 | J87: 22" | K87: 100000 | L87: Merlot | M87: 22 | N87: 506 | O87: 5 | P87: 6 | Q87: 47 | R87: 20.5 | S87: 955 | T87: 1218 | U87: 45497 | W87: 94032 | X87: 0.65652952 | Y87: 1968.8617 | Z87: =1-((0.95-X87)*0.5) -> 0.85326476 | AA87: =T87/Z87 -> 1427.4585 | AB87: {=_xlfn.IFS(X87<0.6,T87,0.9<X87,T87,X87,AA87)} -> 1427.4585 | AC87: 0.87978533 | AD87: 1710.6161 | AE87: 1710.6161 | AG87: 0 | AH87: 86
A88: 24101-n | B88: 1080B6E78B | D88: LODS | E88: 87 | H88: 4006 | I88: 1 | J88: 22" | K88: 100000 | L88: Eclipse | M88: 20 | N88: 406 | O88: 4 | P88: 6 | Q88: 25 | R88: 19.1 | S88: 1911 | T88: 2481 | U88: 45497 | V88: 45532 | W88: 124151 | X88: 0.98039216 | Y88: 3037.5269 | Z88: =1-((0.95-X88)*0.5) -> 1.0151961 | AA88: =T88/Z88 -> 2443.8629 | AB88: {=_xlfn.IFS(X88<0.6,T88,0.9<X88,T88,X88,AA88)} -> 2481 | AC88: 0.99313726 | AD88: 2750.0745 | AE88: 2481 | AG88: 0 | AH88: 87
A89: 24101-n | B89: 1F019EB283 | D89: LODS | E89: 88 | H89: 3006 | I89: 1 | J89: 22" | K89: 100000 | L89: Zorro | M89: 30 | N89: 306 | O89: 3 | P89: 6 | Q89: 25 | R89: 20.8 | S89: 1322 | T89: 1680 | U89: 45495 | V89: 45530 | W89: 115942 | X89: 0.91347012 | Y89: 2202.4516 | Z89: =1-((0.95-X89)*0.5) -> 0.98173506 | AA89: =T89/Z89 -> 1711.256 | AB89: {=_xlfn.IFS(X89<0.6,T89,0.9<X89,T89,X89,AA89)} -> 1680 | AC89: 0.96971454 | AD89: 1965.6025 | AE89: 1680 | AG89: 0 | AH89: 88
A90: 24101-n | B90: 17F17445E8 | D90: LODS | E90: 89 | H90: 2006 | I90: 1 | J90: 22" | K90: 100000 | L90: Windbreaker | M90: 29 | N90: 206 | O90: 2 | P90: 6 | Q90: 47 | R90: 21 | S90: 1359 | T90: 1723 | U90: 45494 | V90: 45528 | W90: 125734 | X90: 0.94206774 | Y90: 2082.937 | Z90: =1-((0.95-X90)*0.5) -> 0.99603387 | AA90: =T90/Z90 -> 1729.8609 | AB90: {=_xlfn.IFS(X90<0.6,T90,0.9<X90,T90,X90,AA90)} -> 1723 | AC90: 0.97972371 | AD90: 1924.9799 | AE90: 1723 | AG90: 0 | AH90: 89
A91: 24101-n | B91: 1BBE7A47FB | D91: LODS | E91: 90 | H91: 1006 | I91: 1 | J91: 22" | K91: 100000 | L91: Cayenne | M91: 18 | N91: 106 | O91: 1 | P91: 6 | Q91: 45 | R91: 20.3 | S91: 2006 | T91: 2565 | U91: 45495 | W91: 117763 | X91: 0.90204808 | Y91: 3310.7391 | Z91: =1-((0.95-X91)*0.5) -> 0.97602404 | AA91: =T91/Z91 -> 2628.009 | AB91: {=_xlfn.IFS(X91<0.6,T91,0.9<X91,T91,X91,AA91)} -> 2565 | AC91: 0.96571683 | AD91: 2993.1606 | AE91: 2565 | AG91: 0 | AH91: 90
A92: 24101-n | B92: 151746B5A8 | D92: LODS | E92: 91 | H92: 1007 | I92: 2 | J92: 22" | K92: 75000 | L92: Red Rover | M92: 10 | N92: 107 | O92: 1 | P92: 7 | Q92: 62 | R92: 20 | S92: 659 | T92: 846 | U92: 45490 | V92: 45526 | W92: 100665 | X92: 0.76854334 | Y92: 1277.4251 | Z92: =1-((0.95-X92)*0.5) -> 0.90927167 | AA92: =T92/Z92 -> 930.415 | AB92: {=_xlfn.IFS(X92<0.6,T92,0.9<X92,T92,X92,AA92)} -> 930.415 | AC92: 0.91899017 | AD92: 1107.6129 | AE92: 1107.6129 | AG92: 0 | AH92: 91
A93: 24101-n | B93: 1584ADAD28 | D93: LODS | E93: 92 | H93: 2007 | I93: 2 | J93: 22" | K93: 75000 | L93: Zorro | M93: 15 | N93: 207 | O93: 2 | P93: 7 | Q93: 26 | R93: 20.5 | S93: 1573 | T93: 2007 | U93: 45498 | V93: 45535 | W93: 101188 | X93: 0.74060823 | Y93: 3014.8437 | Z93: =1-((0.95-X93)*0.5) -> 0.89530411 | AA93: =T93/Z93 -> 2241.6964 | AB93: {=_xlfn.IFS(X93<0.6,T93,0.9<X93,T93,X93,AA93)} -> 2241.6964 | AC93: 0.90921288 | AD93: 2650.4121 | AE93: 2650.4121 | AG93: 0 | AH93: 92
A94: 24101-n | B94: 1275B49A02 | D94: LODS | E94: 93 | H94: 3007 | I94: 2 | J94: 22" | K94: 75000 | L94: ETNA | M94: 6 | N94: 307 | O94: 3 | P94: 7 | Q94: 59 | R94: 18.9 | S94: 678 | T94: 882 | U94: 45492 | V94: 45527 | W94: 109193 | X94: 0.81071429 | Y94: 1227.771 | Z94: =1-((0.95-X94)*0.5) -> 0.93035714 | AA94: =T94/Z94 -> 948.02303 | AB94: {=_xlfn.IFS(X94<0.6,T94,0.9<X94,T94,X94,AA94)} -> 948.02303 | AC94: 0.93375 | AD94: 1099.3855 | AE94: 1099.3855 | AG94: 0 | AH94: 93
A95: 24101-n | B95: 176A73EB1D | D95: LODS | E95: 94 | H95: 4007 | I95: 2 | J95: 22" | K95: 75000 | L95: Apex | M95: 1 | N95: 407 | O95: 4 | P95: 7 | Q95: 28 | R95: 20.3 | S95: 1673 | T95: 2140 | U95: 45497 | V95: 45537 | W95: 108157 | X95: 0.76228776 | Y95: 3007.4997 | Z95: =1-((0.95-X95)*0.5) -> 0.90614388 | AA95: =T95/Z95 -> 2361.6559 | AB95: {=_xlfn.IFS(X95<0.6,T95,0.9<X95,T95,X95,AA95)} -> 2361.6559 | AC95: 0.91680072 | AD95: 2727.5837 | AE95: 2727.5837 | AG95: 0 | AH95: 94
A96: 24101-n | B96: 1F0AE1958B | D96: LODS | E96: 95 | H96: 5007 | I96: 2 | J96: 22" | K96: 75000 | L96: Red Dawn | M96: 9 | N96: 507 | O96: 5 | P96: 7 | Q96: 65 | R96: 19.9 | S96: 378 | T96: 486 | U96: 45488 | V96: 45522 | W96: 115916 | X96: 0.78342246 | Y96: 637.28488 | Z96: =1-((0.95-X96)*0.5) -> 0.91671123 | AA96: =T96/Z96 -> 530.15604 | AB96: {=_xlfn.IFS(X96<0.6,T96,0.9<X96,T96,X96,AA96)} -> 530.15604 | AC96: 0.92419786 | AD96: 596.68484 | AE96: 596.68484 | AG96: 0 | AH96: 95
A97: 24101-n | B97: 1A8E6CC8D8 | D97: LODS | E97: 96 | H97: 6007 | I97: 2 | J97: 22" | K97: 75000 | L97: T9905 | M97: 13 | N97: 607 | O97: 6 | P97: 7 | Q97: 27 | R97: 18.1 | S97: 1526 | T97: 2005 | U97: 45497 | V97: 45535 | W97: 88994 | X97: 0.57321429 | Y97: 3424.5231 | Z97: =1-((0.95-X97)*0.5) -> 0.81160714 | AA97: =T97/Z97 -> 2470.407 | AB97: {=_xlfn.IFS(X97<0.6,T97,0.9<X97,T97,X97,AA97)} -> 2005 | AC97: 0.850625 | AD97: 2973.3405 | AE97: 2005 | AG97: 0 | AH97: 96
A98: 24101-n | B98: 179874C9E2 | D98: LODS | E98: 97 | H98: 7007 | I98: 2 | J98: 22" | K98: 75000 | L98: Windbreaker | M98: 14 | N98: 707 | O98: 7 | P98: 7 | Q98: 53 | R98: 19.4 | S98: 1575 | T98: 2037 | U98: 45494 | V98: 45532 | W98: 104167 | X98: 0.74331551 | Y98: 2972.3222 | Z98: =1-((0.95-X98)*0.5) -> 0.89665775 | AA98: =T98/Z98 -> 2271.7698 | AB98: {=_xlfn.IFS(X98<0.6,T98,0.9<X98,T98,X98,AA98)} -> 2271.7698 | AC98: 0.91016043 | AD98: 2655.9506 | AE98: 2655.9506 | AG98: 0 | AH98: 97
A99: 24101-n | B99: 198A5A08B5 | D99: LODS | E99: 98 | H99: 8007 | I99: 2 | J99: 22" | K99: 75000 | L99: Nautica | M99: 8 | N99: 807 | O99: 8 | P99: 7 | Q99: 28 | R99: 20 | S99: 1804 | T99: 2316 | U99: 45498 | V99: 45533 | W99: 112556 | X99: 0.86631016 | Y99: 3127.6371 | Z99: =1-((0.95-X99)*0.5) -> 0.95815508 | AA99: =T99/Z99 -> 2417.1452 | AB99: {=_xlfn.IFS(X99<0.6,T99,0.9<X99,T99,X99,AA99)} -> 2417.1452 | AC99: 0.95320856 | AD99: 2791.9511 | AE99: 2791.9511 | AG99: 0 | AH99: 98
A100: 24101-n | B100: 1C1CB6CE61 | D100: LODS | E100: 99 | H100: 9007 | I100: 2 | J100: 22" | K100: 75000 | L100: Merlot | M100: 7 | N100: 907 | O100: 9 | P100: 7 | Q100: 50 | R100: 18.9 | S100: 1139 | T100: 1482 | U100: 45496 | W100: 101116 | X100: 0.68872988 | Y100: 2227.7487 | Z100: =1-((0.95-X100)*0.5) -> 0.86936494 | AA100: =T100/Z100 -> 1704.6926 | AB100: {=_xlfn.IFS(X100<0.6,T100,0.9<X100,T100,X100,AA100)} -> 1704.6926 | AC100: 0.89105546 | AD100: 1997.5386 | AE100: 1997.5386 | AG100: 0 | AH100: 99
...
