Workbook

Sheet 613
A1: fid | B1: Date | C1: DAS | D1: Time | E1: Version | F1: Id | G1: Name | H1: Latitude | I1: Longitude | J1: Height | K1: AlarmRad | L1: WarningRad | M1: Visible | N1: UniqueID | O1: joined_row_index | P1: joined_col_index | Q1: joined_PlotID | R1: joined_PlotIDstring | S1: pntcounts | T1: Thresh_sum | U1: Thresh_mean | V1: NDVI_mean | W1: SAVI_mean | X1: HAreamean | Y1: 613GNDVI_mean | Z1: 613GNDVI_variance | AA1: 613NDRE_mean | AB1: 613NDRE_variance | AC1: 613ExG_mean | AD1: 613ExG_variance | AE1: 613ExR_mean | AF1: 613ExR_variance
A2: 1517 | B2: 45447 | C2: 8 | D2: 01:48:44pm | E2: 4.71 | F2: 905 | G2: U-1 | H2: 45.43295 | I2: -73.939211 | J2: 39.021 | K2: 0 | L2: 0 | M2: 1 | N2: 5009318c201f855b | O2: 0 | P2: 0 | Q2: 101 | R2: 101 | S2: 25 | T2: 138 | U2: 0.001167651 | V2: 0.27746898 | W2: 0.55491244 | X2: 0.69304455 | Y2: 0.079031091 | Z2: 0.0042683876 | AA2: -0.017167418 | AB2: 0.0012096195 | AC2: 2137.9751 | AD2: 1517090.9 | AE2: 15061.102 | AF2: 23748993
A3: 1533 | B3: 45447 | C3: 8 | D3: 02:20:00pm | E3: 4.71 | F3: 905 | G3: D-1 | H3: 45.432925 | I3: -73.939194 | J3: 39.021 | K3: 0 | L3: 0 | M3: 1 | N3: 500938e02a9ec38d | O3: 1 | P3: 0 | Q3: 102 | R3: 102 | S3: 37 | T3: 371 | U3: 0.0031391197 | V3: 0.27399433 | W3: 0.5479642 | X3: 0.89947501 | Y3: 0.074093804 | Z3: 0.0045883674 | AA3: -0.019803941 | AB3: 0.0012961527 | AC3: 2304.8042 | AD3: 1711194.1 | AE3: 15679.66 | AF3: 24504353
A4: 1534 | B4: 45447 | C4: 8 | D4: 02:20:58pm | E4: 4.71 | F4: 905 | G4: U-1 | H4: 45.4329 | I4: -73.939178 | J4: 39.021 | K4: 0 | L4: 0 | M4: 1 | N4: 5009391a2cd19750 | O4: 2 | P4: 0 | Q4: 103 | R4: 103 | S4: 23 | T4: 170 | U4: 0.0014383863 | V4: 0.26976504 | W4: 0.53950542 | X4: 0.71355263 | Y4: 0.070448375 | Z4: 0.0037407828 | AA4: -0.020293419 | AB4: 0.0010596723 | AC4: 2192.1049 | AD4: 1370721.6 | AE4: 15364.241 | AF4: 21781355
A5: 1549 | B5: 45447 | C5: 8 | D5: 02:29:12pm | E5: 4.71 | F5: 905 | G5: D-1 | H5: 45.432875 | I5: -73.939161 | J5: 39.021 | K5: 0 | L5: 0 | M5: 1 | N5: 50093b08785a7bd0 | O5: 3 | P5: 0 | Q5: 104 | R5: 104 | S5: 38 | T5: 272 | U5: 0.0023013986 | V5: 0.2691757 | W5: 0.53832671 | X5: 0.89520915 | Y5: 0.075662778 | Z5: 0.0046806748 | AA5: -0.019924761 | AB5: 0.0012663827 | AC5: 2201.2652 | AD5: 1697353.5 | AE5: 15237.149 | AF5: 25619117
A6: 1550 | B6: 45447 | C6: 8 | D6: 02:30:00pm | E6: 4.71 | F6: 905 | G6: U-1 | H6: 45.43285 | I6: -73.939144 | J6: 39.02 | K6: 0 | L6: 0 | M6: 1 | N6: 50093b3805b857f6 | O6: 4 | P6: 0 | Q6: 105 | R6: 105 | S6: 24 | T6: 171 | U6: 0.0014468841 | V6: 0.26260807 | W6: 0.52519307 | X6: 0.72071053 | Y6: 0.072886261 | Z6: 0.0043785827 | AA6: -0.022465287 | AB6: 0.0013458489 | AC6: 2283.7753 | AD6: 1786230.3 | AE6: 15674.425 | AF6: 23714756
A7: 1565 | B7: 45447 | C7: 8 | D7: 02:34:09pm | E7: 4.71 | F7: 905 | G7: D-1 | H7: 45.432826 | I7: -73.939128 | J7: 39.02 | K7: 0 | L7: 0 | M7: 1 | N7: 50093c313a5b4233 | O7: 5 | P7: 0 | Q7: 106 | R7: 106 | S7: 51 | T7: 387 | U7: 0.0032744164 | V7: 0.27157897 | W7: 0.54313382 | X7: 0.92030473 | Y7: 0.081655012 | Z7: 0.0047209705 | AA7: -0.021756627 | AB7: 0.0013493867 | AC7: 2160.2413 | AD7: 1815564.8 | AE7: 15333.241 | AF7: 25561344
A8: 1566 | B8: 45447 | C8: 8 | D8: 02:35:04pm | E8: 4.71 | F8: 905 | G8: U-1 | H8: 45.432801 | I8: -73.939111 | J8: 39.02 | K8: 0 | L8: 0 | M8: 1 | N8: 50093c68674bddc2 | O8: 6 | P8: 0 | Q8: 107 | R8: 107 | S8: 44 | T8: 376 | U8: 0.003181399 | V8: 0.26986302 | W8: 0.53970165 | X8: 0.83332895 | Y8: 0.077081366 | Z8: 0.0044855443 | AA8: -0.024647895 | AB8: 0.0012381597 | AC8: 2165.9179 | AD8: 1805887 | AE8: 15221.37 | AF8: 23915763
A9: 1519 | B9: 45447 | C9: 8 | D9: 02:15:42pm | E9: 4.71 | F9: 905 | G9: U1 | H9: 45.432976 | I9: -73.93913 | J9: 39.021 | K9: 0 | L9: 0 | M9: 1 | N9: 500937de01a1bd1f | O9: 0 | P9: 1 | Q9: 108 | R9: 108 | S9: 20 | T9: 137 | U9: 0.0011591996 | V9: 0.26480924 | W9: 0.52959376 | X9: 0.63843057 | Y9: 0.070771581 | Z9: 0.0041802878 | AA9: -0.021408005 | AB9: 0.0016182787 | AC9: 1856.7576 | AD9: 1520579.5 | AE9: 14837.603 | AF9: 27082338
A10: 1532 | B10: 45447 | C10: 8 | D10: 02:19:47pm | E10: 4.71 | F10: 905 | G10: D1 | H10: 45.432952 | I10: -73.939113 | J10: 39.021 | K10: 0 | L10: 0 | M10: 1 | N10: 500938d31d4cc688 | O10: 1 | P10: 1 | Q10: 109 | R10: 109 | S10: 16 | T10: 290 | U10: 0.0024537386 | V10: 0.26018324 | W10: 0.52034438 | X10: 0.44924409 | Y10: 0.071512613 | Z10: 0.0048754349 | AA10: -0.02109466 | AB10: 0.0019594199 | AC10: 1940.3627 | AD10: 1775084.8 | AE10: 15949.7 | AF10: 28147606
A11: 1535 | B11: 45447 | C11: 8 | D11: 02:21:11pm | E11: 4.71 | F11: 905 | G11: U1 | H11: 45.432926 | I11: -73.939096 | J11: 39.021 | K11: 0 | L11: 0 | M11: 1 | N11: 500939272161cf8e | O11: 2 | P11: 1 | Q11: 110 | R11: 110 | S11: 5 | T11: 25 | U11: 0.0002115274 | V11: 0.25887909 | W11: 0.51773536 | X11: 0.12018421 | Y11: 0.064247564 | Z11: 0.0038435659 | AA11: -0.024110931 | AB11: 0.001627755 | AC11: 1982.1856 | AD11: 1707275 | AE11: 15594.698 | AF11: 25744214
A12: 1548 | B12: 45447 | C12: 8 | D12: 02:28:59pm | E12: 4.71 | F12: 905 | G12: D1 | H12: 45.432902 | I12: -73.93908 | J12: 39.02 | K12: 0 | L12: 0 | M12: 1 | N12: 50093afb12549ffc | O12: 3 | P12: 1 | Q12: 111 | R12: 111 | S12: 27 | T12: 211 | U12: 0.0017852912 | V12: 0.26070016 | W12: 0.52137729 | X12: 0.78234211 | Y12: 0.06862375 | Z12: 0.0043838065 | AA12: -0.023128824 | AB12: 0.0017021533 | AC12: 2067.3461 | AD12: 1661777.2 | AE12: 15646.277 | AF12: 26997978
A13: 1551 | B13: 45447 | C13: 8 | D13: 02:30:13pm | E13: 4.71 | F13: 905 | G13: U1 | H13: 45.432877 | I13: -73.939063 | J13: 39.02 | K13: 0 | L13: 0 | M13: 1 | N13: 50093b45131a1f8a | O13: 4 | P13: 1 | Q13: 112 | R13: 112 | S13: 6 | T13: 40 | U13: 0.00033844097 | V13: 0.25623668 | W13: 0.51245135 | X13: 0.2953119 | Y13: 0.068215957 | Z13: 0.0039021308 | AA13: -0.023961778 | AB13: 0.0015437058 | AC13: 2002.6371 | AD13: 1561245.8 | AE13: 16000.848 | AF13: 24905304
... A36: 1570 | B36: 45447 | C36: 8 | D36: 02:35:55pm | E36: 4.71 | F36: 905 | G36: U7 | H36: 45.432909 | I36: -73.938787 | J36: 39.019 | K36: 0 | L36: 0 | M36: 1 | N36: 50093c9b5b838619 | O36: 6 | P36: 4 | Q36: 307 | R36: 307 | S36: 8 | T36: 224 | U36: 0.0018952855 | V36: 0.25831209 | W36: 0.51660209 | X36: 0.36245576 | Y36: 0.071272939 | Z36: 0.0042213943 | AA36: -0.023257284 | AB36: 0.0017496591 | AC36: 1968.388 | AD36: 2014166.6 | AE36: 15654.679 | AF36: 27592001
A37: 1523 | B37: 45447 | C37: 8 | D37: 02:16:32pm | E37: 4.71 | F37: 905 | G37: U9 | H37: 45.433084 | I37: -73.938806 | J37: 39.021 | K37: 0 | L37: 0 | M37: 1 | N37: 5.009381e+15 | O37: 0 | P37: 5 | Q37: 308 | R37: 308 | S37: 2 | T37: 49 | U37: 0.00041460422 | V37: 0.26357877 | W37: 0.52713456 | X37: 0.11739628 | Y37: 0.077923928 | Z37: 0.0056605808 | AA37: -0.021181049 | AB37: 0.0016733454 | AC37: 1858.7781 | AD37: 2051015.4 | AE37: 15528.777 | AF37: 27021215
A38: 1528 | B38: 45447 | C38: 8 | D38: 02:18:57pm | E38: 4.71 | F38: 905 | G38: D9 | H38: 45.433059 | I38: -73.93879 | J38: 39.021 | K38: 0 | L38: 0 | M38: 1 | N38: 500938a125f6843f | O38: 1 | P38: 5 | Q38: 309 | R38: 309 | S38: 22 | T38: 439 | U38: 0.0037143897 | V38: 0.26471005 | W38: 0.52939777 | X38: 0.73405263 | Y38: 0.077621343 | Z38: 0.005504399 | AA38: -0.021021287 | AB38: 0.0016996974 | AC38: 2102.6818 | AD38: 2959683 | AE38: 15945.778 | AF38: 27506531
A39: 1539 | B39: 45447 | C39: 8 | D39: 02:22:17pm | E39: 4.71 | F39: 905 | G39: U9 | H39: 45.433035 | I39: -73.938773 | J39: 39.02 | K39: 0 | L39: 0 | M39: 1 | N39: 500939696854b105 | O39: 2 | P39: 5 | Q39: 310 | R39: 310 | S39: 16 | T39: 336 | U39: 0.0028430244 | V39: 0.26598404 | W39: 0.53194498 | X39: 0.66841226 | Y39: 0.077602152 | Z39: 0.0049234268 | AA39: -0.021280586 | AB39: 0.0014430201 | AC39: 2018.0009 | AD39: 2647002.2 | AE39: 15590.28 | AF39: 25963520
A40: 1544 | B40: 45447 | C40: 8 | D40: 02:28:09pm | E40: 4.71 | F40: 905 | G40: D9 | H40: 45.43301 | I40: -73.938757 | J40: 39.02 | K40: 0 | L40: 0 | M40: 1 | N40: 50093ac93b20d3c3 | O40: 3 | P40: 5 | Q40: 311 | R40: 311 | S40: 15 | T40: 287 | U40: 0.002428314 | V40: 0.26553877 | W40: 0.53105406 | X40: 0.57443421 | Y40: 0.079204794 | Z40: 0.005917766 | AA40: -0.018997455 | AB40: 0.0017612959 | AC40: 1804.7904 | AD40: 2277763 | AE40: 15306.127 | AF40: 27725393
A41: 1555 | B41: 45447 | C41: 8 | D41: 02:31:03pm | E41: 4.71 | F41: 905 | G41: U9 | H41: 45.432985 | I41: -73.93874 | J41: 39.02 | K41: 0 | L41: 0 | M41: 1 | N41: 50093b771410315b | O41: 4 | P41: 5 | Q41: 312 | R41: 312 | S41: 17 | T41: 517 | U41: 0.0043744236 | V41: 0.26461443 | W41: 0.5292053 | X41: 0.64606579 | Y41: 0.075151959 | Z41: 0.0051519519 | AA41: -0.022141625 | AB41: 0.0015936 | AC41: 2036.3761 | AD41: 2756989.2 | AE41: 15404.121 | AF41: 26586789
A42: 1560 | B42: 45447 | C42: 8 | D42: 02:33:06pm | E42: 4.71 | F42: 905 | G42: D9 | H42: 45.43296 | I42: -73.938723 | J42: 39.02 | K42: 0 | L42: 0 | M42: 1 | N42: 50093bf2355ce56d | O42: 5 | P42: 5 | Q42: 313 | R42: 313 | S42: 15 | T42: 118 | U42: 0.00099840087 | V42: 0.26160815 | W42: 0.52319367 | X42: 0.49907238 | Y42: 0.074497973 | Z42: 0.0059960166 | AA42: -0.020804582 | AB42: 0.0017243538 | AC42: 1881.2389 | AD42: 2276732.2 | AE42: 15781.854 | AF42: 31246166
A43: 1571 | B43: 45447 | C43: 8 | D43: 02:36:07pm | E43: 4.71 | F43: 905 | G43: U9 | H43: 45.432936 | I43: -73.938707 | J43: 39.019 | K43: 0 | L43: 0 | M43: 1 | N43: 50093ca71aaea32f | O43: 6 | P43: 5 | Q43: 314 | R43: 314 | S43: 7 | T43: 84 | U43: 0.00071074408 | V43: 0.26118876 | W43: 0.52235468 | X43: 0.34555718 | Y43: 0.073316738 | Z43: 0.0055900458 | AA43: -0.02214409 | AB43: 0.001683731 | AC43: 1791.2389 | AD43: 1978023.8 | AE43: 15400.83 | AF43: 27704651
A44: 1524 | B44: 45447 | C44: 8 | D44: 02:17:01pm | E44: 4.71 | F44: 905 | G44: U11 | H44: 45.433111 | I44: -73.938725 | J44: 39.021 | K44: 0 | L44: 0 | M44: 1 | N44: 5009382d1f03b98f | O44: 0 | P44: 6 | Q44: 401 | R44: 401 | S44: 5 | T44: 60 | U44: 0.00050766575 | V44: 0.25436867 | W44: 0.50871381 | X44: 0.19938683 | Y44: 0.069753366 | Z44: 0.0042296407 | AA44: -0.029081134 | AB44: 0.001656722 | AC44: 1839.1222 | AD44: 2073585.2 | AE44: 15709.386 | AF44: 25263461
A45: 1527 | B45: 45447 | C45: 8 | D45: 02:18:44pm | E45: 4.71 | F45: 905 | G45: D11 | H45: 45.433086 | I45: -73.938709 | J45: 39.02 | K45: 0 | L45: 0 | M45: 1 | N45: 50093894752ce1b7 | O45: 1 | P45: 6 | Q45: 402 | R45: 402 | S45: 5 | T45: 81 | U45: 0.00068534297 | V45: 0.25316292 | W45: 0.5063036 | X45: 0.27327991 | Y45: 0.070106304 | Z45: 0.0045062831 | AA45: -0.025473943 | AB45: 0.0020368856 | AC45: 1831.432 | AD45: 2397129.4 | AE45: 16115.147 | AF45: 27709811
A46: 1540 | B46: 45447 | C46: 8 | D46: 02:22:29pm | E46: 4.71 | F46: 905 | G46: U11 | H46: 45.433061 | I46: -73.938692 | J46: 39.02 | K46: 0 | L46: 0 | M46: 1 | N46: 5009397538f822dd | O46: 2 | P46: 6 | Q46: 403 | R46: 403 | S46: 10 | T46: 169 | U46: 0.0014299252 | V46: 0.25766373 | W46: 0.51530424 | X46: 0.39980263 | Y46: 0.071224449 | Z46: 0.0043978393 | AA46: -0.024022273 | AB46: 0.0017429466 | AC46: 1948.1365 | AD46: 2568920.4 | AE46: 15733.856 | AF46: 26447197
A47: 1543 | B47: 45447 | C47: 8 | D47: 02:27:50pm | E47: 4.71 | F47: 905 | G47: D11 | H47: 45.433036 | I47: -73.938675 | J47: 39.02 | K47: 0 | L47: 0 | M47: 1 | N47: 50093ab67d023af4 | O47: 3 | P47: 6 | Q47: 404 | R47: 404 | S47: 3 | T47: 23 | U47: 0.00019460356 | V47: 0.25371501 | W47: 0.50740729 | X47: 0.18005737 | Y47: 0.066042383 | Z47: 0.0048350847 | AA47: -0.022600949 | AB47: 0.00181986 | AC47: 1789.5304 | AD47: 2148072.3 | AE47: 15990.403 | AF47: 27003344
A48: 1556 | B48: 45447 | C48: 8 | D48: 02:31:16pm | E48: 4.71 | F48: 905 | G48: U11 | H48: 45.433012 | I48: -73.938659 | J48: 39.02 | K48: 0 | L48: 0 | M48: 1 | N48: 50093b8410c2a505 | O48: 4 | P48: 6 | Q48: 405 | R48: 405 | S48: 6 | T48: 41 | U48: 0.000346902 | V48: 0.25362105 | W48: 0.5072201 | X48: 0.23944737 | Y48: 0.069081046 | Z48: 0.0048915747 | AA48: -0.019902428 | AB48: 0.0021057071 | AC48: 1860.7478 | AD48: 2492550.1 | AE48: 16236.241 | AF48: 28863189
A49: 1559 | B49: 45447 | C49: 8 | D49: 02:32:54pm | E49: 4.71 | F49: 905 | G49: D11 | H49: 45.432987 | I49: -73.938642 | J49: 39.019 | K49: 0 | L49: 0 | M49: 1 | N49: 50093be6278a06c1 | O49: 5 | P49: 6 | Q49: 406 | R49: 406 | S49: 2 | T49: 16 | U49: 0.00013538097 | V49: 0.25095164 | W49: 0.50188126 | X49: 0.12249007 | Y49: 0.064867467 | Z49: 0.0049260313 | AA49: -0.022629293 | AB49: 0.001998596 | AC49: 1792.2414 | AD49: 2336813.9 | AE49: 16146.597 | AF49: 29537347
... A57: 1573 | B57: 45447 | C57: 8 | D57: 02:36:33pm | E57: 4.71 | F57: 905 | G57: U13 | H57: 45.432989 | I57: -73.938545 | J57: 39.019 | K57: 0 | L57: 0 | M57: 1 | N57: 50093cc1072c464e | O57: 6 | P57: 7 | Q57: 414 | R57: 414 | S57: 5 | T57: 34 | U57: 0.00028767969 | V57: 0.24834502 | W57: 0.49666847 | X57: 0.20293688 | Y57: 0.059070783 | Z57: 0.0054584503 | AA57: -0.023862818 | AB57: 0.0022578136 | AC57: 1773.2504 | AD57: 2341844.1 | AE57: 15924.557 | AF57: 28220158

Sheet 618
A1: fid | B1: Date | C1: DAS | D1: Time | E1: Version | F1: Id | G1: Name | H1: Latitude | I1: Longitude | J1: Height | K1: AlarmRad | L1: WarningRad | M1: Status_Txt | N1: Visible | O1: UniqueID | P1: joined_row_index | Q1: joined_col_index | R1: joined_PlotID | S1: joined_PlotIDstring | T1: NDVI_mean | U1: SAVI_mean | V1: Threshold_sum | W1: Threshold_mean | X1: PLANTS_2ROW | Y1: HAreamean | Z1: NDVImean | AA1: NDVIvariance | AB1: 618gNDVI_mean | AC1: 618gNDVI_variance | AD1: 618NDRE_mean | AE1: 618NDRE_variance | AF1: 618ExG_mean | AG1: 618ExG_variance | AH1: 618ExR_mean | AI1: 618ExR_variance
A2: 1517 | B2: 45447 | C2: 13 | D2: 01:48:44pm | E2: 4.71 | F2: 905 | G2: U-1 | H2: 45.43295 | I2: -73.939211 | J2: 39.021 | K2: 0 | L2: 0 | N2: 1 | O2: 5009318c201f855b | P2: 0 | Q2: 0 | R2: 101 | S2: 101 | T2: 0.23532462 | U2: 0.015681717 | V2: 1277 | W2: 0.0089366318 | X2: 69 | Y2: 0.93073866 | Z2: 0.23532462 | AA2: 0.0024592894 | AB2: 0.38610535 | AC2: 0.0021730237 | AD2: 0.12413603 | AE2: 0.0008065091 | AF2: 2673.8035 | AG2: 1075698 | AH2: 16849.914 | AI2: 12563162
A3: 1519 | B3: 45447 | C3: 13 | D3: 02:15:42pm | E3: 4.71 | F3: 905 | G3: U1 | H3: 45.432976 | I3: -73.93913 | J3: 39.021 | K3: 0 | L3: 0 | N3: 1 | O3: 500937de01a1bd1f | P3: 0 | Q3: 1 | R3: 108 | S3: 108 | T3: 0.22549139 | U3: 0.016015569 | V3: 1365 | W3: 0.0095526023 | X3: 78 | Y3: 0.97785526 | Z3: 0.22549139 | AA3: 0.0023883706 | AB3: 0.37751449 | AC3: 0.0018815693 | AD3: 0.11866167 | AE3: 0.00083471364 | AF3: 2718.8148 | AG3: 1198562.9 | AH3: 16987.686 | AI3: 13785583
A4: 1520 | B4: 45447 | C4: 13 | D4: 02:15:55pm | E4: 4.71 | F4: 905 | G4: U3 | H4: 45.433004 | I4: -73.939049 | J4: 39.021 | K4: 0 | L4: 0 | N4: 1 | O4: 500937eb32eb8e40 | P4: 0 | Q4: 2 | R4: 201 | S4: 201 | T4: 0.22858069 | U4: 0.014714106 | V4: 2572 | W4: 0.01799923 | X4: 86 | Y4: 0.98800032 | Z4: 0.22858069 | AA4: 0.0039325426 | AB4: 0.36566202 | AC4: 0.0029000198 | AD4: 0.10101876 | AE4: 0.00087309988 | AF4: 2719.5805 | AG4: 1534110 | AH4: 16508.909 | AI4: 16490425
A5: 1521 | B5: 45447 | C5: 13 | D5: 02:16:07pm | E5: 4.71 | F5: 905 | G5: U5 | H5: 45.43303 | I5: -73.938968 | J5: 39.021 | K5: 0 | L5: 0 | N5: 1 | O5: 500937f72fc8d1c6 | P5: 0 | Q5: 3 | R5: 208 | S5: 208 | T5: 0.23506675 | U5: 0.015226197 | V5: 8087 | W5: 0.056594399 | X5: 59 | Y5: 0.97809211 | Z5: 0.23506675 | AA5: 0.0096413151 | AB5: 0.35658406 | AC5: 0.0037279228 | AD5: 0.087472901 | AE5: 0.0011687368 | AF5: 3023.3712 | AG5: 8308009.1 | AH5: 16465.898 | AI5: 23875792
A6: 1522 | B6: 45447 | C6: 13 | D6: 02:16:20pm | E6: 4.71 | F6: 905 | G6: U7 | H6: 45.433057 | I6: -73.938887 | J6: 39.021 | K6: 0 | L6: 0 | N6: 1 | O6: 5009380464b28f42 | P6: 0 | Q6: 4 | R6: 301 | S6: 301 | T6: 0.21966306 | U6: 0.014594337 | V6: 4290 | W6: 0.030022464 | X6: 46 | Y6: 0.75652632 | Z6: 0.21966306 | AA6: 0.0063673596 | AB6: 0.35473557 | AC6: 0.0031275323 | AD6: 0.088250976 | AE6: 0.0009386293 | AF6: 2931.6704 | AG6: 4684304.1 | AH6: 16337.968 | AI6: 17164686
A7: 1523 | B7: 45447 | C7: 13 | D7: 02:16:32pm | E7: 4.71 | F7: 905 | G7: U9 | H7: 45.433084 | I7: -73.938806 | J7: 39.021 | K7: 0 | L7: 0 | N7: 1 | O7: 5.009381e+15 | P7: 0 | Q7: 5 | R7: 308 | S7: 308 | T7: 0.23125402 | U7: 0.014993184 | V7: 1744 | W7: 0.012205022 | X7: 44 | Y7: 0.73038513 | Z7: 0.23125402 | AA7: 0.0030404829 | AB7: 0.35929521 | AC7: 0.0026981473 | AD7: 0.095652047 | AE7: 0.0010430258 | AF7: 2522.3803 | AG7: 2063328.3 | AH7: 16615.196 | AI7: 18735848
A8: 1524 | B8: 45447 | C8: 13 | D8: 02:17:01pm | E8: 4.71 | F8: 905 | G8: U11 | H8: 45.433111 | I8: -73.938725 | J8: 39.021 | K8: 0 | L8: 0 | N8: 1 | O8: 5009382d1f03b98f | P8: 0 | Q8: 6 | R8: 401 | S8: 401 | T8: 0.23426241 | U8: 0.01645932 | V8: 3654 | W8: 0.025571224 | X8: 43 | Y8: 0.8703175 | Z8: 0.23426241 | AA8: 0.0044820225 | AB8: 0.36286389 | AC8: 0.0027537978 | AD8: 0.099049516 | AE8: 0.00091238826 | AF8: 2889.4985 | AG8: 4159347.7 | AH8: 16605.305 | AI8: 18318567
A9: 1525 | B9: 45447 | C9: 13 | D9: 02:17:13pm | E9: 4.71 | F9: 905 | G9: U13 | H9: 45.433138 | I9: -73.938644 | J9: 39.021 | K9: 0 | L9: 0 | N9: 1 | O9: 500938393916ae56 | P9: 0 | Q9: 6 | R9: 408 | S9: 408 | T9: 0.24352485 | U9: 0.015811624 | V9: 4672 | W9: 0.032695336 | X9: 58 | Y9: 0.95418361 | Z9: 0.24352485 | AA9: 0.0060220968 | AB9: 0.37451818 | AC9: 0.0034908947 | AD9: 0.10465285 | AE9: 0.001106812 | AF9: 2923.0888 | AG9: 5059712.5 | AH9: 17013.376 | AI9: 21808398
A10: 1526 | B10: 45447 | C10: 13 | D10: 02:18:31pm | E10: 4.71 | F10: 905 | G10: D13 | H10: 45.433113 | I10: -73.938628 | J10: 39.02 | K10: 0 | L10: 0 | N10: 1 | O10: 500938877536384a | P10: 1 | Q10: 7 | R10: 409 | S10: 409 | T10: 0.22942995 | U10: 0.01467139 | V10: 1434 | W10: 0.010035341 | X10: 43 | Y10: 0.60805548 | Z10: 0.22942995 | AA10: 0.0029756069 | AB10: 0.37039407 | AC10: 0.0027161844 | AD10: 0.10264666 | AE10: 0.00094696323 | AF10: 2735.4816 | AG10: 2153023 | AH10: 17225.602 | AI10: 16799791
A11: 1527 | B11: 45447 | C11: 13 | D11: 02:18:44pm | E11: 4.71 | F11: 905 | G11: D11 | H11: 45.433086 | I11: -73.938709 | J11: 39.02 | K11: 0 | L11: 0 | N11: 1 | O11: 50093894752ce1b7 | P11: 1 | Q11: 6 | R11: 402 | S11: 402 | T11: 0.23998713 | U11: 0.015651831 | V11: 8241 | W11: 0.057671717 | X11: 64 | Y11: 0.98147393 | Z11: 0.23998713 | AA11: 0.010631145 | AB11: 0.36907049 | AC11: 0.0042138959 | AD11: 0.095940678 | AE11: 0.0012393173 | AF11: 3173.201 | AG11: 8564586.5 | AH11: 16116.053 | AI11: 23794131
A12: 1528 | B12: 45447 | C12: 13 | D12: 02:18:57pm | E12: 4.71 | F12: 905 | G12: D9 | H12: 45.433059 | I12: -73.93879 | J12: 39.021 | K12: 0 | L12: 0 | N12: 1 | O12: 500938a125f6843f | P12: 1 | Q12: 5 | R12: 309 | S12: 309 | T12: 0.24302609 | U12: 0.015174554 | V12: 6918 | W12: 0.048413509 | X12: 60 | Y12: 0.98394758 | Z12: 0.24302609 | AA12: 0.007593612 | AB12: 0.36579023 | AC12: 0.0037408652 | AD12: 0.095106153 | AE12: 0.0012936671 | AF12: 3052.9439 | AG12: 8514688.9 | AH12: 16356.354 | AI12: 23975077
A13: 1529 | B13: 45447 | C13: 13 | D13: 02:19:09pm | E13: 4.71 | F13: 905 | G13: D7 | H13: 45.433032 | I13: -73.938871 | J13: 39.021 | K13: 0 | L13: 0 | N13: 1 | O13: 500938ad2f841179 | P13: 1 | Q13: 4 | R13: 302 | S13: 302 | T13: 0.2194265 | U13: 0.014484674 | V13: 2906 | W13: 0.020336895 | X13: 66 | Y13: 0.97861842 | Z13: 0.2194265 | AA13: 0.0047497892 | AB13: 0.35676923 | AC13: 0.0030203797 | AD13: 0.089993611 | AE13: 0.0009512125 | AF13: 2759.8273 | AG13: 2192135.9 | AH13: 16430.498 | AI13: 17636400
A14: 1530 | B14: 45447 | C14: 13 | D14: 02:19:22pm | E14: 4.71 | F14: 905 | G14: D5 | H14: 45.433006 | I14: -73.938952 | J14: 39.021 | K14: 0 | L14: 0 | N14: 1 | O14: 500938ba669012e1 | P14: 1 | Q14: 3 | R14: 209 | S14: 209 | T14: 0.22690168 | U14: 0.014447963 | V14: 3836 | W14: 0.026845262 | X14: 47 | Y14: 0.95221053 | Z14: 0.22690168 | AA14: 0.0051064219 | AB14: 0.35439109 | AC14: 0.0029786302 | AD14: 0.089167976 | AE14: 0.0011773479 | AF14: 2735.0004 | AG14: 5566581.8 | AH14: 16830.022 | AI14: 20539294
A15: 1531 | B15: 45447 | C15: 13 | D15: 02:19:34pm | E15: 4.71 | F15: 905 | G15: D3 | H15: 45.432979 | I15: -73.939032 | J15: 39.021 | K15: 0 | L15: 0 | N15: 1 | O15: 500938c669fc4194 | P15: 1 | Q15: 2 | R15: 202 | S15: 202 | T15: 0.22104876 | U15: 0.013970478 | V15: 1352 | W15: 0.0094614265 | X15: 83 | Y15: 0.98107895 | Z15: 0.22104876 | AA15: 0.0030821859 | AB15: 0.35459287 | AC15: 0.0027940806 | AD15: 0.091677604 | AE15: 0.00087925126 | AF15: 2648.1037 | AG15: 1527173.1 | AH15: 16931.282 | AI15: 15930185
A16: 1532 | B16: 45447 | C16: 13 | D16: 02:19:47pm | E16: 4.71 | F16: 905 | G16: D1 | H16: 45.432952 | I16: -73.939113 | J16: 39.021 | K16: 0 | L16: 0 | N16: 1 | O16: 500938d31d4cc688 | P16: 1 | Q16: 1 | R16: 109 | S16: 109 | T16: 0.22477342 | U16: 0.014396737 | V16: 2435 | W16: 0.017040604 | X16: 67 | Y16: 0.92168421 | Z16: 0.22477342 | AA16: 0.0035109027 | AB16: 0.37595592 | AC16: 0.0025374914 | AD16: 0.11200381 | AE16: 0.00093005811 | AF16: 2573.1828 | AG16: 2109623.8 | AH16: 16866.204 | AI16: 16068825
A17: 1533 | B17: 45447 | C17: 13 | D17: 02:20:00pm | E17: 4.71 | F17: 905 | G17: D-1 | H17: 45.432925 | I17: -73.939194 | J17: 39.021 | K17: 0 | L17: 0 | N17: 1 | O17: 500938e02a9ec38d | P17: 1 | Q17: 0 | R17: 102 | S17: 102 | T17: 0.23658361 | U17: 0.015577886 | V17: 2680 | W17: 0.018755161 | X17: 85 | Y17: 0.98038158 | Z17: 0.23658361 | AA17: 0.003684161 | AB17: 0.38132024 | AC17: 0.0026796663 | AD17: 0.11797147 | AE17: 0.00074596387 | AF17: 2796.3925 | AG17: 1532110.2 | AH17: 16813.706 | AI17: 13485483
A18: 1534 | B18: 45447 | C18: 13 | D18: 02:20:58pm | E18: 4.71 | F18: 905 | G18: U-1 | H18: 45.4329 | I18: -73.939178 | J18: 39.021 | K18: 0 | L18: 0 | N18: 1 | O18: 5009391a2cd19750 | P18: 2 | Q18: 0 | R18: 103 | S18: 103 | T18: 0.2360351 | U18: 0.015621081 | V18: 2656 | W18: 0.018587725 | X18: 74 | Y18: 0.97440756 | Z18: 0.2360351 | AA18: 0.0033981471 | AB18: 0.37157591 | AC18: 0.0021471657 | AD18: 0.10582747 | AE18: 0.0007023436 | AF18: 2594.6848 | AG18: 1397244.6 | AH18: 16821.681 | AI18: 10851063
A19: 1535 | B19: 45447 | C19: 13 | D19: 02:21:11pm | E19: 4.71 | F19: 905 | G19: U1 | H19: 45.432926 | I19: -73.939096 | J19: 39.021 | K19: 0 | L19: 0 | N19: 1 | O19: 500939272161cf8e | P19: 2 | Q19: 1 | R19: 110 | S19: 110 | T19: 0.21676014 | U19: 0.014236069 | V19: 1104 | W19: 0.0077260067 | X19: 64 | Y19: 0.96492105 | Z19: 0.21676014 | AA19: 0.0022915596 | AB19: 0.35704678 | AC19: 0.0018390272 | AD19: 0.094820522 | AE19: 0.00081621511 | AF19: 2586.8222 | AG19: 1331290.2 | AH19: 17033.325 | AI19: 13636344
... A57: 1573 | B57: 45447 | C57: 13 | D57: 02:36:33pm | E57: 4.71 | F57: 905 | G57: U13 | H57: 45.432989 | I57: -73.938545 | J57: 39.019 | K57: 0 | L57: 0 | N57: 1 | O57: 50093cc1072c464e | P57: 6 | Q57: 7 | R57: 414 | S57: 414 | T57: 0.23396666 | U57: 0.015603621 | V57: 1878 | W57: 0.013142517 | X57: 32 | Y57: 0.70100525 | Z57: 0.23396666 | AA57: 0.0033649651 | AB57: 0.36591198 | AC57: 0.0027435604 | AD57: 0.10595918 | AE57: 0.00097578299 | AF57: 2689.026 | AG57: 2429957.9 | AH57: 17209.18 | AI57: 17950275

Sheet 628
A1: fid | B1: Date | C1: DAS | D1: Time | E1: Version | F1: Id | G1: Name | H1: Latitude | I1: Longitude | J1: Height | K1: AlarmRad | L1: WarningRad | M1: Status_Txt | N1: Visible | O1: UniqueID | P1: joined_row | Q1: joined_col | R1: joined_Plo | S1: joined_P_1 | T1: 628NDVI_me | U1: SAVI_mean | V1: THRESH_mea | W1: HArea_mean | X1: PLTCOUNT | Y1: 6-28SAVI_m | Z1: 628NDVIvariance | AA1: 628gNDVI_mean | AB1: 628gNDVI_variance | AC1: 628gNDRE_mean | AD1: 628gNDRE_variance | AE1: 628gExG_mean | AF1: 628gExG_variance | AG1: 628gExR_mean | AH1: 628gExR_variance
A2: 1517 | B2: 45447 | C2: 23 | D2: 01:48:44pm | E2: 4.71 | F2: 905 | G2: U-1 | H2: 45.43295 | I2: -73.939211 | J2: 39.021 | K2: 0 | L2: 0 | N2: 1 | O2: 5009318c201f855b | P2: 0 | Q2: 0 | R2: 101 | S2: 101 | T2: 0.27767677 | U2: 61465.281 | V2: 0.070022396 | W2: 0.93847287 | X2: 77 | Y2: 0.55591336 | Z2: 0.012511479 | AA2: 0.079653454 | AB2: 0.0076894264 | AC2: -0.025341679 | AD2: 0.0016471715 | AE2: 2688.0758 | AF2: 14647516 | AG2: 15234.614 | AH2: 33086516
A3: 1519 | B3: 45447 | C3: 23 | D3: 02:15:42pm | E3: 4.71 | F3: 905 | G3: U1 | H3: 45.432976 | I3: -73.93913 | J3: 39.021 | K3: 0 | L3: 0 | N3: 1 | O3: 500937de01a1bd1f | P3: 0 | Q3: 1 | R3: 108 | S3: 108 | T3: 0.28681319 | U3: 60446.671 | V3: 0.10021548 | W3: 0.98342105 | X3: 81 | Y3: 0.57341851 | Z3: 0.016485793 | AA3: 0.085484694 | AB3: 0.0089049858 | AC3: -0.023655936 | AD3: 0.0020858363 | AE3: 2820.1391 | AF3: 20113101 | AG3: 14593.863 | AH3: 40661256
A4: 1520 | B4: 45447 | C4: 23 | D4: 02:15:55pm | E4: 4.71 | F4: 905 | G4: U3 | H4: 45.433004 | I4: -73.939049 | J4: 39.021 | K4: 0 | L4: 0 | N4: 1 | O4: 500937eb32eb8e40 | P4: 0 | Q4: 2 | R4: 201 | S4: 201 | T4: 0.30269273 | U4: 63750.25 | V4: 0.14086843 | W4: 0.98652649 | X4: 66 | Y4: 0.60574933 | Z4: 0.025319285 | AA4: 0.098851612 | AB4: 0.013538985 | AC4: -0.020311005 | AD4: 0.0022420005 | AE4: 2892.2609 | AF4: 32539697 | AG4: 14445.806 | AH4: 46557745
A5: 1521 | B5: 45447 | C5: 23 | D5: 02:16:07pm | E5: 4.71 | F5: 905 | G5: U5 | H5: 45.43303 | I5: -73.938968 | J5: 39.021 | K5: 0 | L5: 0 | N5: 1 | O5: 500937f72fc8d1c6 | P5: 0 | Q5: 3 | R5: 208 | S5: 208 | T5: 0.37160737 | U5: 69521.077 | V5: 0.28275448 | W5: 0.77365492 | X5: 29 | Y5: 0.74332409 | Z5: 0.046029579 | AA5: 0.12892114 | AB5: 0.018061369 | AC5: -0.01782728 | AD5: 0.0034393501 | AE5: 6878.8344 | AF5: 1.075359e+08 | AG5: 12363.26 | AH5: 69741837
A6: 1522 | B6: 45447 | C6: 23 | D6: 02:16:20pm | E6: 4.71 | F6: 905 | G6: U7 | H6: 45.433057 | I6: -73.938887 | J6: 39.021 | K6: 0 | L6: 0 | N6: 1 | O6: 5009380464b28f42 | P6: 0 | Q6: 4 | R6: 301 | S6: 301 | T6: 0.30375496 | U6: 64087.916 | V6: 0.16796061 | W6: 0.80024737 | X6: 41 | Y6: 0.60786583 | Z6: 0.033879842 | AA6: 0.099101233 | AB6: 0.014231405 | AC6: -0.022516393 | AD6: 0.0026078644 | AE6: 4278.7636 | AF6: 65644992 | AG6: 13999.969 | AH6: 50818045
A7: 1523 | B7: 45447 | C7: 23 | D7: 02:16:32pm | E7: 4.71 | F7: 905 | G7: U9 | H7: 45.433084 | I7: -73.938806 | J7: 39.021 | K7: 0 | L7: 0 | N7: 1 | O7: 5.009381e+15 | P7: 0 | Q7: 5 | R7: 308 | S7: 308 | T7: 0.25623714 | U7: 64596.332 | V7: 0.10604191 | W7: 0.69283806 | X7: 31 | Y7: 0.51242423 | Z7: 0.022550199 | AA7: 0.071541591 | AB7: 0.0095120665 | AC7: -0.028008252 | AD7: 0.0022684479 | AE7: 3390.2704 | AF7: 53740627 | AG7: 15359.88 | AH7: 42791174
A8: 1524 | B8: 45447 | C8: 23 | D8: 02:17:01pm | E8: 4.71 | F8: 905 | G8: U11 | H8: 45.433111 | I8: -73.938725 | J8: 39.021 | K8: 0 | L8: 0 | N8: 1 | O8: 5009382d1f03b98f | P8: 0 | Q8: 6 | R8: 401 | S8: 401 | T8: 0.3021372 | U8: 63765.395 | V8: 0.16741975 | W8: 0.76528639 | X8: 23 | Y8: 0.60438543 | Z8: 0.032988202 | AA8: 0.098114836 | AB8: 0.013243279 | AC8: -0.027251272 | AD8: 0.0025419247 | AE8: 4583.0437 | AF8: 63871192 | AG8: 13588.011 | AH8: 47286855
A9: 1525 | B9: 45447 | C9: 23 | D9: 02:17:13pm | E9: 4.71 | F9: 905 | G9: U13 | H9: 45.433138 | I9: -73.938644 | J9: 39.021 | K9: 0 | L9: 0 | N9: 1 | O9: 500938393916ae56 | P9: 0 | Q9: 6 | R9: 408 | S9: 408 | T9: 0.32171734 | U9: 67502.191 | V9: 0.18850677 | W9: 0.90936842 | X9: 44 | Y9: 0.64343465 | Z9: 0.030299201 | AA9: 0.10892524 | AB9: 0.013464549 | AC9: -0.019728438 | AD9: 0.0028717174 | AE9: 5105.8409 | AF9: 72373164 | AG9: 14155.66 | AH9: 57221824
A10: 1526 | B10: 45447 | C10: 23 | D10: 02:18:31pm | E10: 4.71 | F10: 905 | G10: D13 | H10: 45.433113 | I10: -73.938628 | J10: 39.02 | K10: 0 | L10: 0 | N10: 1 | O10: 500938877536384a | P10: 1 | Q10: 7 | R10: 409 | S10: 409 | T10: 0.25696014 | U10: 65376.925 | V10: 0.088306736 | W10: 0.52360526 | X10: 18 | Y10: 0.51387674 | Z10: 0.018918884 | AA10: 0.071699561 | AB10: 0.008857866 | AC10: -0.0268659 | AD10: 0.0019332632 | AE10: 3064.186 | AF10: 40611000 | AG10: 15990.105 | AH10: 40180631
A11: 1527 | B11: 45447 | C11: 23 | D11: 02:18:44pm | E11: 4.71 | F11: 905 | G11: D11 | H11: 45.433086 | I11: -73.938709 | J11: 39.02 | K11: 0 | L11: 0 | N11: 1 | O11: 50093894752ce1b7 | P11: 1 | Q11: 6 | R11: 402 | S11: 402 | T11: 0.35522891 | U11: 71277.472 | V11: 0.26191005 | W11: 0.66386411 | X11: 24 | Y11: 0.71068187 | Z11: 0.046217919 | AA11: 0.1242792 | AB11: 0.016272959 | AC11: -0.025273134 | AD11: 0.0030531383 | AE11: 7398.6832 | AF11: 1.2824593e+08 | AG11: 12175.859 | AH11: 60786408
A12: 1528 | B12: 45447 | C12: 23 | D12: 02:18:57pm | E12: 4.71 | F12: 905 | G12: D9 | H12: 45.433059 | I12: -73.93879 | J12: 39.021 | K12: 0 | L12: 0 | N12: 1 | O12: 500938a125f6843f | P12: 1 | Q12: 5 | R12: 309 | S12: 309 | T12: 0.32623227 | U12: 70374.877 | V12: 0.23430583 | W12: 0.89423684 | X12: 41 | Y12: 0.65291678 | Z12: 0.039196226 | AA12: 0.10837839 | AB12: 0.013312839 | AC12: -0.024074756 | AD12: 0.0030713491 | AE12: 6572.2024 | AF12: 1.1807313e+08 | AG12: 13402.35 | AH12: 64462644
A13: 1529 | B13: 45447 | C13: 23 | D13: 02:19:09pm | E13: 4.71 | F13: 905 | G13: D7 | H13: 45.433032 | I13: -73.938871 | J13: 39.021 | K13: 0 | L13: 0 | N13: 1 | O13: 500938ad2f841179 | P13: 1 | Q13: 4 | R13: 302 | S13: 302 | T13: 0.33164583 | U13: 65531.926 | V13: 0.22009794 | W13: 0.92842105 | X13: 45 | Y13: 0.66323341 | Z13: 0.039068971 | AA13: 0.11771615 | AB13: 0.017288321 | AC13: -0.020408278 | AD13: 0.0029417516 | AE13: 5359.1181 | AF13: 78624449 | AG13: 12820.94 | AH13: 57149486
A14: 1530 | B14: 45447 | C14: 23 | D14: 02:19:22pm | E14: 4.71 | F14: 905 | G14: D5 | H14: 45.433006 | I14: -73.938952 | J14: 39.021 | K14: 0 | L14: 0 | N14: 1 | O14: 500938ba669012e1 | P14: 1 | Q14: 3 | R14: 209 | S14: 209 | T14: 0.30386806 | U14: 66464.778 | V14: 0.16649907 | W14: 0.95127696 | X14: 50 | Y14: 0.60781371 | Z14: 0.029043228 | AA14: 0.086938435 | AB14: 0.011676951 | AC14: -0.025258191 | AD14: 0.0027542119 | AE14: 4859.2644 | AF14: 70597453 | AG14: 14232.974 | AH14: 52862495
A15: 1531 | B15: 45447 | C15: 23 | D15: 02:19:34pm | E15: 4.71 | F15: 905 | G15: D3 | H15: 45.432979 | I15: -73.939032 | J15: 39.021 | K15: 0 | L15: 0 | N15: 1 | O15: 500938c669fc4194 | P15: 1 | Q15: 2 | R15: 202 | S15: 202 | T15: 0.26865329 | U15: 61992.421 | V15: 0.075905975 | W15: 0.99564479 | X15: 94 | Y15: 0.53745911 | Z15: 0.014983003 | AA15: 0.077575743 | AB15: 0.0099159532 | AC15: -0.024583073 | AD15: 0.0018966199 | AE15: 2108.8146 | AF15: 15925208 | AG15: 15193.803 | AH15: 37799494
A16: 1532 | B16: 45447 | C16: 23 | D16: 02:19:47pm | E16: 4.71 | F16: 905 | G16: D1 | H16: 45.432952 | I16: -73.939113 | J16: 39.021 | K16: 0 | L16: 0 | N16: 1 | O16: 500938d31d4cc688 | P16: 1 | Q16: 1 | R16: 109 | S16: 109 | T16: 0.29041425 | U16: 67699.045 | V16: 0.12834644 | W16: 0.94582895 | X16: 59 | Y16: 0.58073134 | Z16: 0.022256104 | AA16: 0.079761051 | AB16: 0.0095225432 | AC16: -0.025981056 | AD16: 0.0022085204 | AE16: 3642.1134 | AF16: 49164070 | AG16: 15338.706 | AH16: 44886073
A17: 1533 | B17: 45447 | C17: 23 | D17: 02:20:00pm | E17: 4.71 | F17: 905 | G17: D-1 | H17: 45.432925 | I17: -73.939194 | J17: 39.021 | K17: 0 | L17: 0 | N17: 1 | O17: 500938e02a9ec38d | P17: 1 | Q17: 0 | R17: 102 | S17: 102 | T17: 0.28311011 | U17: 63717.121 | V17: 0.096336296 | W17: 0.98761875 | X17: 109 | Y17: 0.56667427 | Z17: 0.016761562 | AA17: 0.084698576 | AB17: 0.0097318548 | AC17: -0.024400606 | AD17: 0.0018328865 | AE17: 2597.2326 | AF17: 15948423 | AG17: 15484.461 | AH17: 37658266
A18: 1534 | B18: 45447 | C18: 23 | D18: 02:20:58pm | E18: 4.71 | F18: 905 | G18: U-1 | H18: 45.4329 | I18: -73.939178 | J18: 39.021 | K18: 0 | L18: 0 | N18: 1 | O18: 5009391a2cd19750 | P18: 2 | Q18: 0 | R18: 103 | S18: 103 | T18: 0.28477736 | U18: 65577.149 | V18: 0.11715235 | W18: 0.98009237 | X18: 69 | Y18: 0.56951894 | Z18: 0.019743413 | AA18: 0.07605396 | AB18: 0.0092934673 | AC18: -0.028454453 | AD18: 0.0019574744 | AE18: 3433.9801 | AF18: 38503763 | AG18: 15764.918 | AH18: 40640195
A19: 1535 | B19: 45447 | C19: 23 | D19: 02:21:11pm | E19: 4.71 | F19: 905 | G19: U1 | H19: 45.432926 | I19: -73.939096 | J19: 39.021 | K19: 0 | L19: 0 | N19: 1 | O19: 500939272161cf8e | P19: 2 | Q19: 1 | R19: 110 | S19: 110 | T19: 0.24841444 | U19: 63246.42 | V19: 0.060842709 | W19: 0.97988158 | X19: 62 | Y19: 0.49709581 | Z19: 0.012464851 | AA19: 0.053209203 | AB19: 0.0065667849 | AC19: -0.031750058 | AD19: 0.0017438326 | AE19: 2580.3969 | AF19: 16248650 | AG19: 16226.452 | AH19: 35334623
... A57: 1573 | B57: 45447 | C57: 23 | D57: 02:36:33pm | E57: 4.71 | F57: 905 | G57: U13 | H57: 45.432989 | I57: -73.938545 | J57: 39.019 | K57: 0 | L57: 0 | N57: 1 | O57: 50093cc1072c464e | P57: 6 | Q57: 7 | R57: 414 | S57: 414 | T57: 0.25909846 | U57: 64675.351 | V57: 0.10213583 | W57: 0.62003447 | X57: 31 | Y57: 0.51860443 | Z57: 0.022308236 | AA57: 0.0695069 | AB57: 0.010625762 | AC57: -0.030363878 | AD57: 0.0022430496 | AE57: 3125.8109 | AF57: 45222226 | AG57: 15156.7 | AH57: 44192904
A58: 77777 | B58: 45771 | C58: 23 | T58: 0.11650886 | V58: 0 | W58: 0.96498262 | X58: 1 | Y58: 0.2361119 | Z58: 0.020144586 | AA58: -0.12251923 | AB58: 0.036878801 | AC58: -0.061402465 | AD58: 0.0092505489 | AE58: -376.2772 | AF58: 3016697.5 | AG58: 15916.958 | AH58: 56355948

Sheet 702
A1: fid | B1: Date | C1: DAS | D1: Time | E1: Version | F1: Id | G1: Name | H1: Latitude | I1: Longitude | J1: Height | K1: AlarmRad | L1: WarningRad | M1: Status_Txt | N1: Visible | O1: UniqueID | P1: joined_row | Q1: joined_col | R1: joined_Plo | S1: joined_P_1 | T1: 702NDVI_mean | U1: SAVI_mean | V1: 702Thresh_mea | W1: 702HArea_mean | X1: 702pltcountsculled | Y1: 702NDVI_variance | Z1: 702gNDVI_mean | AA1: 702gNDVI_variance | AB1: 702gNDRE_mean | AC1: 702gNDRE_variance | AD1: 702ExG_mean | AE1: 702ExG_variance | AF1: 702ExR_mean | AG1: 702ExR_variance
A2: 1517 | B2: 45447 | C2: 27 | D2: 01:48:44pm | E2: 4.71 | F2: 905 | G2: U-1 | H2: 45.43295 | I2: -73.939211 | J2: 39.021 | K2: 0 | L2: 0 | N2: 1 | O2: 5009318c201f855b | P2: 0 | Q2: 0 | R2: 101 | S2: 101 | T2: 0.26004327 | U2: 0.520064 | V2: 0.05742787 | W2: 0.99113158 | X2: 117 | Y2: 0.011306362 | Z2: 0.07210163 | AA2: 0.006799759 | AB2: -0.027311642 | AC2: 0.0010787513 | AD2: 2983.2447 | AE2: 8511121.3 | AF2: 16226.629 | AG2: 26487623
A3: 1519 | B3: 45447 | C3: 27 | D3: 02:15:42pm | E3: 4.71 | F3: 905 | G3: U1 | H3: 45.432976 | I3: -73.93913 | J3: 39.021 | K3: 0 | L3: 0 | N3: 1 | O3: 500937de01a1bd1f | P3: 0 | Q3: 1 | R3: 108 | S3: 108 | T3: 0.26959666 | U3: 0.5391695 | V3: 0.081159225 | W3: 0.99767111 | X3: 101 | Y3: 0.014269201 | Z3: 0.074885456 | AA3: 0.007484523 | AB3: -0.027996844 | AC3: 0.001287483 | AD3: 3270.6509 | AE3: 11374133 | AF3: 15744.071 | AG3: 32050802
A4: 1520 | B4: 45447 | C4: 27 | D4: 02:15:55pm | E4: 4.71 | F4: 905 | G4: U3 | H4: 45.433004 | I4: -73.939049 | J4: 39.021 | K4: 0 | L4: 0 | N4: 1 | O4: 500937eb32eb8e40 | P4: 0 | Q4: 2 | R4: 201 | S4: 201 | T4: 0.28704148 | U4: 0.57405758 | V4: 0.11143441 | W4: 0.99419744 | X4: 82 | Y4: 0.020401855 | Z4: 0.09510798 | AA4: 0.010857387 | AB4: -0.021382482 | AC4: 0.0013538497 | AD4: 3322.5316 | AE4: 17402777 | AF4: 15255.094 | AG4: 38194496
A5: 1521 | B5: 45447 | C5: 27 | D5: 02:16:07pm | E5: 4.71 | F5: 905 | G5: U5 | H5: 45.43303 | I5: -73.938968 | J5: 39.021 | K5: 0 | L5: 0 | N5: 1 | O5: 500937f72fc8d1c6 | P5: 0 | Q5: 3 | R5: 208 | S5: 208 | T5: 0.38638785 | U5: 0.77274198 | V5: 0.30503855 | W5: 0.93598684 | X5: 50 | Y5: 0.050344822 | Z5: 0.15437408 | AA5: 0.020164188 | AB5: -0.0089347647 | AC5: 0.0030304593 | AD5: 7123.9573 | AE5: 84702066 | AF5: 12318.484 | AG5: 73961071
A6: 1522 | B6: 45447 | C6: 27 | D6: 02:16:20pm | E6: 4.71 | F6: 905 | G6: U7 | H6: 45.433057 | I6: -73.938887 | J6: 39.021 | K6: 0 | L6: 0 | N6: 1 | O6: 5009380464b28f42 | P6: 0 | Q6: 4 | R6: 301 | S6: 301 | T6: 0.3019115 | U6: 0.60379652 | V6: 0.17034168 | W6: 0.77190789 | X6: 40 | Y6: 0.036529244 | Z6: 0.096934757 | AA6: 0.015325765 | AB6: -0.023884263 | AC6: 0.0022772397 | AD6: 4510.0934 | AE6: 50554586 | AF6: 14603.167 | AG6: 52171954
A7: 1523 | B7: 45447 | C7: 27 | D7: 02:16:32pm | E7: 4.71 | F7: 905 | G7: U9 | H7: 45.433084 | I7: -73.938806 | J7: 39.021 | K7: 0 | L7: 0 | N7: 1 | O7: 5.009381e+15 | P7: 0 | Q7: 5 | R7: 308 | S7: 308 | T7: 0.25113887 | U7: 0.50225606 | V7: 0.083191632 | W7: 0.77507303 | X7: 60 | Y7: 0.017444466 | Z7: 0.063592925 | AA7: 0.0081171048 | AB7: -0.025930478 | AC7: 0.0015450028 | AD7: 3346.5363 | AE7: 25446597 | AF7: 16273.441 | AG7: 35309691
A8: 1524 | B8: 45447 | C8: 27 | D8: 02:17:01pm | E8: 4.71 | F8: 905 | G8: U11 | H8: 45.433111 | I8: -73.938725 | J8: 39.021 | K8: 0 | L8: 0 | N8: 1 | O8: 5009382d1f03b98f | P8: 0 | Q8: 6 | R8: 401 | S8: 401 | T8: 0.31409601 | U8: 0.62816441 | V8: 0.18496283 | W8: 0.8910512 | X8: 50 | Y8: 0.032292139 | Z8: 0.094422507 | AA8: 0.01320981 | AB8: -0.024627848 | AC8: 0.0021526063 | AD8: 5863.2515 | AE8: 68231096 | AF8: 14678.161 | AG8: 55706862
A9: 1525 | B9: 45447 | C9: 27 | D9: 02:17:13pm | E9: 4.71 | F9: 905 | G9: U13 | H9: 45.433138 | I9: -73.938644 | J9: 39.021 | K9: 0 | L9: 0 | N9: 1 | O9: 500938393916ae56 | P9: 0 | Q9: 6 | R9: 408 | S9: 408 | T9: 0.32474489 | U9: 0.64946127 | V9: 0.19248264 | W9: 0.95817105 | X9: 69 | Y9: 0.030591038 | Z9: 0.10457815 | AA9: 0.011908595 | AB9: -0.020609205 | AC9: 0.0022164439 | AD9: 5647.5983 | AE9: 67463028 | AF9: 14575.095 | AG9: 55247077
A10: 1526 | B10: 45447 | C10: 27 | D10: 02:18:31pm | E10: 4.71 | F10: 905 | G10: D13 | H10: 45.433113 | I10: -73.938628 | J10: 39.02 | K10: 0 | L10: 0 | N10: 1 | O10: 500938877536384a | P10: 1 | Q10: 7 | R10: 409 | S10: 409 | T10: 0.25144237 | U10: 0.50286327 | V10: 0.070477523 | W10: 0.63076802 | X10: 41 | Y10: 0.014794876 | Z10: 0.064235496 | AA10: 0.0077249531 | AB10: -0.026311728 | AC10: 0.0013218714 | AD10: 2897.2596 | AE10: 18492733 | AF10: 16792.925 | AG10: 33104630
A11: 1527 | B11: 45447 | C11: 27 | D11: 02:18:44pm | E11: 4.71 | F11: 905 | G11: D11 | H11: 45.433086 | I11: -73.938709 | J11: 39.02 | K11: 0 | L11: 0 | N11: 1 | O11: 50093894752ce1b7 | P11: 1 | Q11: 6 | R11: 402 | S11: 402 | T11: 0.37131145 | U11: 0.74259044 | V11: 0.27675705 | W11: 0.71535901 | X11: 27 | Y11: 0.050049487 | Z11: 0.13300031 | AA11: 0.018331277 | AB11: -0.017392429 | AC11: 0.0029069043 | AD11: 7811.0786 | AE11: 1.0605422e+08 | AF11: 12823.916 | AG11: 71946656
A12: 1528 | B12: 45447 | C12: 27 | D12: 02:18:57pm | E12: 4.71 | F12: 905 | G12: D9 | H12: 45.433059 | I12: -73.93879 | J12: 39.021 | K12: 0 | L12: 0 | N12: 1 | O12: 500938a125f6843f | P12: 1 | Q12: 5 | R12: 309 | S12: 309 | T12: 0.34879193 | U12: 0.69755287 | V12: 0.25240323 | W12: 0.94564402 | X12: 59 | Y12: 0.037677602 | Z12: 0.11454045 | AA12: 0.013629669 | AB12: -0.018159694 | AC12: 0.0026813688 | AD12: 7374.9065 | AE12: 98690022 | AF12: 13400.126 | AG12: 66571499
A13: 1529 | B13: 45447 | C13: 27 | D13: 02:19:09pm | E13: 4.71 | F13: 905 | G13: D7 | H13: 45.433032 | I13: -73.938871 | J13: 39.021 | K13: 0 | L13: 0 | N13: 1 | O13: 500938ad2f841179 | P13: 1 | Q13: 4 | R13: 302 | S13: 302 | T13: 0.32763852 | U13: 0.65524771 | V13: 0.20866021 | W13: 0.96967145 | X13: 79 | Y13: 0.038813041 | Z13: 0.11505652 | AA13: 0.016882967 | AB13: -0.021235265 | AC13: 0.0022864088 | AD13: 5156.7633 | AE13: 48169978 | AF13: 13928.015 | AG13: 57205488
A14: 1530 | B14: 45447 | C14: 27 | D14: 02:19:22pm | E14: 4.71 | F14: 905 | G14: D5 | H14: 45.433006 | I14: -73.938952 | J14: 39.021 | K14: 0 | L14: 0 | N14: 1 | O14: 500938ba669012e1 | P14: 1 | Q14: 3 | R14: 209 | S14: 209 | T14: 0.31803937 | U14: 0.63605149 | V14: 0.18876994 | W14: 0.9624347 | X14: 58 | Y14: 0.031769196 | Z14: 0.10703438 | AA14: 0.012113749 | AB14: -0.02098267 | AC14: 0.0021530205 | AD14: 5751.3013 | AE14: 63310334 | AF14: 14341.046 | AG14: 52560667
A15: 1531 | B15: 45447 | C15: 27 | D15: 02:19:34pm | E15: 4.71 | F15: 905 | G15: D3 | H15: 45.432979 | I15: -73.939032 | J15: 39.021 | K15: 0 | L15: 0 | N15: 1 | O15: 500938c669fc4194 | P15: 1 | Q15: 2 | R15: 202 | S15: 202 | T15: 0.26524995 | U15: 0.53047714 | V15: 0.07082786 | W15: 0.99656588 | X15: 110 | Y15: 0.01352002 | Z15: 0.078820706 | AA15: 0.0075375271 | AB15: -0.026051558 | AC15: 0.0010181536 | AD15: 3106.953 | AE15: 11032561 | AF15: 16025.957 | AG15: 32605654
A16: 1532 | B16: 45447 | C16: 27 | D16: 02:19:47pm | E16: 4.71 | F16: 905 | G16: D1 | H16: 45.432952 | I16: -73.939113 | J16: 39.021 | K16: 0 | L16: 0 | N16: 1 | O16: 500938d31d4cc688 | P16: 1 | Q16: 1 | R16: 109 | S16: 109 | T16: 0.27450664 | U16: 0.54898956 | V16: 0.095186647 | W16: 0.98946066 | X16: 79 | Y16: 0.017280502 | Z16: 0.07780011 | AA16: 0.0079194835 | AB16: -0.025290811 | AC16: 0.0014341253 | AD16: 3453.4496 | AE16: 24697168 | AF16: 15812.874 | AG16: 36689970
A17: 1533 | B17: 45447 | C17: 27 | D17: 02:20:00pm | E17: 4.71 | F17: 905 | G17: D-1 | H17: 45.432925 | I17: -73.939194 | J17: 39.021 | K17: 0 | L17: 0 | N17: 1 | O17: 500938e02a9ec38d | P17: 1 | Q17: 0 | R17: 102 | S17: 102 | T17: 0.2776478 | U17: 0.5552714 | V17: 0.098046076 | W17: 0.99028947 | X17: 94 | Y17: 0.017854995 | Z17: 0.081305918 | AA17: 0.010030273 | AB17: -0.023489986 | AC17: 0.0012575184 | AD17: 3113.9884 | AE17: 10855438 | AF17: 16082.814 | AG17: 34030238
A18: 1534 | B18: 45447 | C18: 27 | D18: 02:20:58pm | E18: 4.71 | F18: 905 | G18: U-1 | H18: 45.4329 | I18: -73.939178 | J18: 39.021 | K18: 0 | L18: 0 | N18: 1 | O18: 5009391a2cd19750 | P18: 2 | Q18: 0 | R18: 103 | S18: 103 | T18: 0.26878517 | U18: 0.53754704 | V18: 0.091355539 | W18: 0.99169737 | X18: 84 | Y18: 0.017319913 | Z18: 0.065386978 | AA18: 0.0085695512 | AB18: -0.028301356 | AC18: 0.0010934629 | AD18: 3222.0498 | AE18: 16430691 | AF18: 16406.669 | AG18: 32028014
A19: 1535 | B19: 45447 | C19: 27 | D19: 02:21:11pm | E19: 4.71 | F19: 905 | G19: U1 | H19: 45.432926 | I19: -73.939096 | J19: 39.021 | K19: 0 | L19: 0 | N19: 1 | O19: 500939272161cf8e | P19: 2 | Q19: 1 | R19: 110 | S19: 110 | T19: 0.24668183 | U19: 0.49334227 | V19: 0.058814502 | W19: 0.98784227 | X19: 73 | Y19: 0.011645924 | Z19: 0.052291815 | AA19: 0.0057165548 | AB19: -0.030993819 | AC19: 0.0012111671 | AD19: 3182.941 | AE19: 11530047 | AF19: 16364.239 | AG19: 28969378
... A57: 1573 | B57: 45447 | C57: 27 | D57: 02:36:33pm | E57: 4.71 | F57: 905 | G57: U13 | H57: 45.432989 | I57: -73.938545 | J57: 39.019 | K57: 0 | L57: 0 | N57: 1 | O57: 50093cc1072c464e | P57: 6 | Q57: 7 | R57: 414 | S57: 414 | T57: 0.25888628 | U57: 0.51775051 | V57: 0.091784118 | W57: 0.70513254 | X57: 37 | Y57: 0.020024414 | Z57: 0.064682569 | AA57: 0.009717246 | AB57: -0.02710823 | AC57: 0.0014805295 | AD57: 3285.2919 | AE57: 25261685 | AF57: 15875.747 | AG57: 36968367
A58: 77777 | B58: 45771 | C58: 27 | T58: 0.13001853 | U58: 0.26002023 | V58: 0 | X58: 0 | Y58: 0.019774442 | Z58: -0.098932588 | AA58: 0.03694117 | AB58: -0.049953151 | AC58: 0.011514568 | AD58: -46.778277 | AE58: 2650260.4 | AF58: 15325.932 | AG58: 50849253

Sheet 710
A1: fid | B1: Date | C1: DAS | D1: Time | E1: Version | F1: Id | G1: Name | H1: Latitude | I1: Longitude | J1: Height | K1: AlarmRad | L1: WarningRad | M1: Status_Txt | N1: Visible | O1: UniqueID | P1: joined_row_index | Q1: joined_col_index | R1: joined_PlotID | S1: joined_PlotIDstring | T1: 710NDVI_mean | U1: 710NDVI_variance | V1: 710gNDVI_mean | W1: 710gNDVI_variance | X1: 710NDRE_mean | Y1: 710NDRE_variance | Z1: 710ExG_mean | AA1: 710ExG_variance | AB1: 710ExR_mean | AC1: 710ExR_variance | AD1: 710THRESH_mean | AE1: 710HA_mean | AF1: 710PLTCOUNT_
A2: 1517 | B2: 45447 | C2: 35 | D2: 01:48:44pm | E2: 4.71 | F2: 905 | G2: U-1 | H2: 45.43295 | I2: -73.939211 | J2: 39.021 | K2: 0 | L2: 0 | N2: 1 | O2: 5009318c201f855b | P2: 0 | Q2: 0 | R2: 101 | S2: 101 | T2: 0.30989558 | U2: 0.056533784 | V2: 0.094148944 | W2: 0.019562178 | X2: -0.041060259 | Y2: 0.0011669842 | Z2: 7633.7196 | AA2: 1.1545737e+08 | AB2: 10351.04 | AC2: 58781161 | AD2: 0.26384852 | AE2: 0.89632895 | AF2: 34
A3: 1519 | B3: 45447 | C3: 35 | D3: 02:15:42pm | E3: 4.71 | F3: 905 | G3: U1 | H3: 45.432976 | I3: -73.93913 | J3: 39.021 | K3: 0 | L3: 0 | N3: 1 | O3: 500937de01a1bd1f | P3: 0 | Q3: 1 | R3: 108 | S3: 108 | T3: 0.34445648 | U3: 0.071227552 | V3: 0.11597745 | W3: 0.024221596 | X3: -0.04129244 | Y3: 0.0013867769 | Z3: 9490.9186 | AA3: 1.3039291e+08 | AB3: 8318.0427 | AC3: 65589584 | AD3: 0.34392172 | AE3: 0.76757191 | AF3: 28
A4: 1520 | B4: 45447 | C4: 35 | D4: 02:15:55pm | E4: 4.71 | F4: 905 | G4: U3 | H4: 45.433004 | I4: -73.939049 | J4: 39.021 | K4: 0 | L4: 0 | N4: 1 | O4: 500937eb32eb8e40 | P4: 0 | Q4: 2 | R4: 201 | S4: 201 | T4: 0.33950845 | U4: 0.071654505 | V4: 0.12131275 | W4: 0.02367753 | X4: -0.038963071 | Y4: 0.0012769748 | Z4: 9303.9269 | AA4: 1.4942803e+08 | AB4: 8024.7969 | AC4: 67444604 | AD4: 0.32199889 | AE4: 0.59768421 | AF4: 17
A5: 1521 | B5: 45447 | C5: 35 | D5: 02:16:07pm | E5: 4.71 | F5: 905 | G5: U5 | H5: 45.43303 | I5: -73.938968 | J5: 39.021 | K5: 0 | L5: 0 | N5: 1 | O5: 500937f72fc8d1c6 | P5: 0 | Q5: 3 | R5: 208 | S5: 208 | T5: 0.43473274 | U5: 0.072270064 | V5: 0.16582127 | W5: 0.021423418 | X5: -0.024502704 | Y5: 0.0014047726 | Z5: 14295.349 | AA5: 2.137512e+08 | AB5: 5611.1493 | AC5: 73048313 | AD5: 0.44964381 | AE5: 0.29071818 | AF5: 8
A6: 1522 | B6: 45447 | C6: 35 | D6: 02:16:20pm | E6: 4.71 | F6: 905 | G6: U7 | H6: 45.433057 | I6: -73.938887 | J6: 39.021 | K6: 0 | L6: 0 | N6: 1 | O6: 5009380464b28f42 | P6: 0 | Q6: 4 | R6: 301 | S6: 301 | T6: 0.30762149 | U6: 0.072963482 | V6: 0.094463992 | W6: 0.023450527 | X6: -0.034765882 | Y6: 0.0012798591 | Z6: 9201.6318 | AA6: 1.6920837e+08 | AB6: 9211.9997 | AC6: 72996268 | AD6: 0.28678871 | AE6: 0.36028106 | AF6: 12
A7: 1523 | B7: 45447 | C7: 35 | D7: 02:16:32pm | E7: 4.71 | F7: 905 | G7: U9 | H7: 45.433084 | I7: -73.938806 | J7: 39.021 | K7: 0 | L7: 0 | N7: 1 | O7: 5.009381e+15 | P7: 0 | Q7: 5 | R7: 308 | S7: 308 | T7: 0.24637067 | U7: 0.052424976 | V7: 0.062314966 | W7: 0.014264521 | X7: -0.037879712 | Y7: 0.0012869913 | Z7: 7594.3495 | AA7: 1.543843e+08 | AB7: 10948.746 | AC7: 54500447 | AD7: 0.20029925 | AE7: 0.46047974 | AF7: 11
A8: 1524 | B8: 45447 | C8: 35 | D8: 02:17:01pm | E8: 4.71 | F8: 905 | G8: U11 | H8: 45.433111 | I8: -73.938725 | J8: 39.021 | K8: 0 | L8: 0 | N8: 1 | O8: 5009382d1f03b98f | P8: 0 | Q8: 6 | R8: 401 | S8: 401 | T8: 0.36104368 | U8: 0.064346901 | V8: 0.11574965 | W8: 0.016375599 | X8: -0.041203667 | Y8: 0.0016128396 | Z8: 12677.612 | AA8: 2.2840916e+08 | AB8: 8598.6752 | AC8: 66140991 | AD8: 0.35333179 | AE8: 0.67975473 | AF8: 26
A9: 1525 | B9: 45447 | C9: 35 | D9: 02:17:13pm | E9: 4.71 | F9: 905 | G9: U13 | H9: 45.433138 | I9: -73.938644 | J9: 39.021 | K9: 0 | L9: 0 | N9: 1 | O9: 500938393916ae56 | P9: 0 | Q9: 6 | R9: 408 | S9: 408 | T9: 0.39267317 | U9: 0.057292837 | V9: 0.13209627 | W9: 0.013812359 | X9: -0.04000206 | Y9: 0.0016105689 | Z9: 13137.721 | AA9: 2.3163146e+08 | AB9: 8194.3428 | AC9: 60522853 | AD9: 0.37158047 | AE9: 0.79997632 | AF9: 32
A10: 1526 | B10: 45447 | C10: 35 | D10: 02:18:31pm | E10: 4.71 | F10: 905 | G10: D13 | H10: 45.433113 | I10: -73.938628 | J10: 39.02 | K10: 0 | L10: 0 | N10: 1 | O10: 500938877536384a | P10: 1 | Q10: 7 | R10: 409 | S10: 409 | T10: 0.2453222 | U10: 0.042687681 | V10: 0.065402689 | W10: 0.01292707 | X10: -0.041579541 | Y10: 0.001171923 | Z10: 5598.6673 | AA10: 1.1877098e+08 | AB10: 12641.465 | AC10: 49101285 | AD10: 0.15823866 | AE10: 0.39765789 | AF10: 12
A11: 1527 | B11: 45447 | C11: 35 | D11: 02:18:44pm | E11: 4.71 | F11: 905 | G11: D11 | H11: 45.433086 | I11: -73.938709 | J11: 39.02 | K11: 0 | L11: 0 | N11: 1 | O11: 50093894752ce1b7 | P11: 1 | Q11: 6 | R11: 402 | S11: 402 | T11: 0.3959398 | U11: 0.069148048 | V11: 0.1551711 | W11: 0.018282857 | X11: -0.027366026 | Y11: 0.0014144342 | Z11: 13707.018 | AA11: 2.5872699e+08 | AB11: 7190.0709 | AC11: 74503205 | AD11: 0.37222266 | AE11: 0.26739122 | AF11: 4
A12: 1528 | B12: 45447 | C12: 35 | D12: 02:18:57pm | E12: 4.71 | F12: 905 | G12: D9 | H12: 45.433059 | I12: -73.93879 | J12: 39.021 | K12: 0 | L12: 0 | N12: 1 | O12: 500938a125f6843f | P12: 1 | Q12: 5 | R12: 309 | S12: 309 | T12: 0.37123875 | U12: 0.064515307 | V12: 0.12702665 | W12: 0.015008827 | X12: -0.032375803 | Y12: 0.0016005301 | Z12: 13974.027 | AA12: 2.5323134e+08 | AB12: 7470.1491 | AC12: 65094811 | AD12: 0.36856984 | AE12: 0.67669737 | AF12: 14
A13: 1529 | B13: 45447 | C13: 35 | D13: 02:19:09pm | E13: 4.71 | F13: 905 | G13: D7 | H13: 45.433032 | I13: -73.938871 | J13: 39.021 | K13: 0 | L13: 0 | N13: 1 | O13: 500938ad2f841179 | P13: 1 | Q13: 4 | R13: 302 | S13: 302 | T13: 0.41249349 | U13: 0.075923933 | V13: 0.15199404 | W13: 0.023131853 | X13: -0.030520325 | Y13: 0.0015132122 | Z13: 14217.988 | AA13: 2.1824869e+08 | AB13: 6349.9994 | AC13: 83554519 | AD13: 0.44083259 | AE13: 0.55488744 | AF13: 15
A14: 1530 | B14: 45447 | C14: 35 | D14: 02:19:22pm | E14: 4.71 | F14: 905 | G14: D5 | H14: 45.433006 | I14: -73.938952 | J14: 39.021 | K14: 0 | L14: 0 | N14: 1 | O14: 500938ba669012e1 | P14: 1 | Q14: 3 | R14: 209 | S14: 209 | T14: 0.33838092 | U14: 0.064864228 | V14: 0.097865813 | W14: 0.016876185 | X14: -0.039604872 | Y14: 0.0014145364 | Z14: 11422.978 | AA14: 2.0548829e+08 | AB14: 8576.6189 | AC14: 68318060 | AD14: 0.3316208 | AE14: 0.77599274 | AF14: 26
A15: 1531 | B15: 45447 | C15: 35 | D15: 02:19:34pm | E15: 4.71 | F15: 905 | G15: D3 | H15: 45.432979 | I15: -73.939032 | J15: 39.021 | K15: 0 | L15: 0 | N15: 1 | O15: 500938c669fc4194 | P15: 1 | Q15: 2 | R15: 202 | S15: 202 | T15: 0.30690757 | U15: 0.063850986 | V15: 0.099491892 | W15: 0.021816388 | X15: -0.040848711 | Y15: 0.0012774788 | Z15: 8036.4856 | AA15: 1.155226e+08 | AB15: 9502.5778 | AC15: 56673626 | AD15: 0.28263475 | AE15: 0.87217105 | AF15: 66
A16: 1532 | B16: 45447 | C16: 35 | D16: 02:19:47pm | E16: 4.71 | F16: 905 | G16: D1 | H16: 45.432952 | I16: -73.939113 | J16: 39.021 | K16: 0 | L16: 0 | N16: 1 | O16: 500938d31d4cc688 | P16: 1 | Q16: 1 | R16: 109 | S16: 109 | T16: 0.31839208 | U16: 0.067264975 | V16: 0.091430297 | W16: 0.01884527 | X16: -0.039643231 | Y16: 0.0013692497 | Z16: 9975.0896 | AA16: 1.7483283e+08 | AB16: 8816.9228 | AC16: 69614024 | AD16: 0.3052819 | AE16: 0.54257895 | AF16: 24
A17: 1533 | B17: 45447 | C17: 35 | D17: 02:20:00pm | E17: 4.71 | F17: 905 | G17: D-1 | H17: 45.432925 | I17: -73.939194 | J17: 39.021 | K17: 0 | L17: 0 | N17: 1 | O17: 500938e02a9ec38d | P17: 1 | Q17: 0 | R17: 102 | S17: 102 | T17: 0.35441335 | U17: 0.071654563 | V17: 0.12554717 | W17: 0.026791164 | X17: -0.030819617 | Y17: 0.0012971003 | Z17: 9484.3292 | AA17: 1.3260355e+08 | AB17: 8682.8611 | AC17: 75756712 | AD17: 0.32886226 | AE17: 0.46360526 | AF17: 10
A18: 1534 | B18: 45447 | C18: 35 | D18: 02:20:58pm | E18: 4.71 | F18: 905 | G18: U-1 | H18: 45.4329 | I18: -73.939178 | J18: 39.021 | K18: 0 | L18: 0 | N18: 1 | O18: 5009391a2cd19750 | P18: 2 | Q18: 0 | R18: 103 | S18: 103 | T18: 0.33159283 | U18: 0.068421812 | V18: 0.10184427 | W18: 0.022349491 | X18: -0.036106879 | Y18: 0.0011562913 | Z18: 9790.4827 | AA18: 1.589662e+08 | AB18: 8956.9794 | AC18: 73890090 | AD18: 0.30571684 | AE18: 0.55298096 | AF18: 15
A19: 1535 | B19: 45447 | C19: 35 | D19: 02:21:11pm | E19: 4.71 | F19: 905 | G19: U1 | H19: 45.432926 | I19: -73.939096 | J19: 39.021 | K19: 0 | L19: 0 | N19: 1 | O19: 500939272161cf8e | P19: 2 | Q19: 1 | R19: 110 | S19: 110 | T19: 0.28747373 | U19: 0.066712106 | V19: 0.074118911 | W19: 0.019946755 | X19: -0.038143392 | Y19: 0.0012967507 | Z19: 8571.4011 | AA19: 1.404363e+08 | AB19: 9798.6768 | AC19: 65172224 | AD19: 0.27612301 | AE19: 0.68587745 | AF19: 27
... A57: 1573 | B57: 45447 | C57: 35 | D57: 02:36:33pm | E57: 4.71 | F57: 905 | G57: U13 | H57: 45.432989 | I57: -73.938545 | J57: 39.019 | K57: 0 | L57: 0 | N57: 1 | O57: 50093cc1072c464e | P57: 6 | Q57: 7 | R57: 414 | S57: 414 | T57: 0.25485986 | U57: 0.051701114 | V57: 0.073446572 | W57: 0.016826262 | X57: -0.033298175 | Y57: 0.0012318308 | Z57: 6440.0538 | AA57: 1.218521e+08 | AB57: 11413.696 | AC57: 53465212 | AD57: 0.18740235 | AE57: 0.41580263 | AF57: 13
A58: 77777 | B58: 45771 | C58: 35 | T58: 0.059061046 | U58: 0.023827873 | V58: -0.1363687 | W58: 0.037365785 | X58: -0.066651966 | Y58: 0.010421854 | Z58: -961.45178 | AA58: 3786260.8 | AB58: 15010.595 | AC58: 55625917 | AD58: 0.0014794889 | AF58: 0

Sheet 715
A1: fid | B1: Date | C1: DAS | D1: Time | E1: Version | F1: Id | G1: Name | H1: Latitude | I1: Longitude | J1: Height | K1: AlarmRad | L1: WarningRad | M1: Status_Txt | N1: Visible | O1: UniqueID | P1: joined_row_index | Q1: joined_col_index | R1: joined_PlotID | S1: joined_PlotIDstring | T1: NDVI_mean | U1: Thresholdsum | V1: Thresholdmean | W1: 715SAVI_mean | X1: 715NDVI_mean | Y1: 715NDVI_variance | Z1: 715gNDVI_mean | AA1: 715gNDVI_variance | AB1: 715NDRE_mean | AC1: 715NDRE_variance | AD1: 715ExG_mean | AE1: 715ExG_variance | AF1: 715ExR_mean | AG1: 715ExR_variance | AH1: HA_mean | AI1: 715PLTCOUNT_
A2: 1517 | B2: 45447 | C2: 40 | D2: 01:48:44pm | E2: 4.71 | F2: 905 | G2: U-1 | H2: 45.43295 | I2: -73.939211 | J2: 39.021 | K2: 0 | L2: 0 | N2: 1 | O2: 5009318c201f855b | P2: 0 | Q2: 0 | R2: 101 | S2: 101 | T2: 0.52731836 | U2: 71841 | V2: 0.46975166 | W2: 1.0530753 | X2: 0.52731836 | Y2: 0.058714147 | Z2: 0.53581297 | AA2: 0.01973423 | AB2: 0.12722867 | AC2: 0.0025870455 | AD2: 9174.314 | AE2: 1.0457618e+08 | AF2: 8286.2276 | AG2: 94563137 | AH2: 1 | AI2: 131
A3: 1519 | B3: 45447 | C3: 40 | D3: 02:15:42pm | E3: 4.71 | F3: 905 | G3: U1 | H3: 45.432976 | I3: -73.93913 | J3: 39.021 | K3: 0 | L3: 0 | N3: 1 | O3: 500937de01a1bd1f | P3: 0 | Q3: 1 | R3: 108 | S3: 108 | T3: 0.61267219 | U3: 93204 | V3: 0.60942343 | W3: 1.2236028 | X3: 0.61267219 | Y3: 0.057726836 | Z3: 0.57944418 | AA3: 0.021035902 | AB3: 0.13566002 | AC3: 0.0032425569 | AD3: 12012.919 | AE3: 1.1946377e+08 | AF3: 6654.8944 | AG3: 1.1393011e+08 | AH3: 1 | AI3: 73
A4: 1520 | B4: 45447 | C4: 40 | D4: 02:15:55pm | E4: 4.71 | F4: 905 | G4: U3 | H4: 45.433004 | I4: -73.939049 | J4: 39.021 | K4: 0 | L4: 0 | N4: 1 | O4: 500937eb32eb8e40 | P4: 0 | Q4: 2 | R4: 201 | S4: 201 | T4: 0.59207317 | U4: 87858 | V4: 0.5744756 | W4: 1.1824744 | X4: 0.59207317 | Y4: 0.061402806 | Z4: 0.56448544 | AA4: 0.020736816 | AB4: 0.14161999 | AC4: 0.0033055989 | AD4: 12065.403 | AE4: 1.5376329e+08 | AF4: 6998.6739 | AG4: 1.1993516e+08 | AH4: 1 | AI4: 138
A5: 1521 | B5: 45447 | C5: 40 | D5: 02:16:07pm | E5: 4.71 | F5: 905 | G5: U5 | H5: 45.43303 | I5: -73.938968 | J5: 39.021 | K5: 0 | L5: 0 | N5: 1 | O5: 500937f72fc8d1c6 | P5: 0 | Q5: 3 | R5: 208 | S5: 208 | T5: 0.58681423 | U5: 94026 | V5: 0.61479815 | W5: 1.1719582 | X5: 0.58681423 | Y5: 0.054666979 | Z5: 0.53886538 | AA5: 0.013309593 | AB5: 0.13996381 | AC5: 0.0025898488 | AD5: 15344.56 | AE5: 2.0518744e+08 | AF5: 5908.9346 | AG5: 99162620 | AH5: 1 | AI5: 100
A6: 1522 | B6: 45447 | C6: 40 | D6: 02:16:20pm | E6: 4.71 | F6: 905 | G6: U7 | H6: 45.433057 | I6: -73.938887 | J6: 39.021 | K6: 0 | L6: 0 | N6: 1 | O6: 5009380464b28f42 | P6: 0 | Q6: 4 | R6: 301 | S6: 301 | T6: 0.47911573 | U6: 58483 | V6: 0.38240429 | W6: 0.95703158 | X6: 0.47911573 | Y6: 0.057893802 | Z6: 0.48206222 | AA6: 0.016216778 | AB6: 0.13903211 | AC6: 0.001674186 | AD6: 10254.53 | AE6: 1.8941166e+08 | AF6: 7872.9829 | AG6: 92173701 | AH6: 1 | AI6: 20
A7: 1523 | B7: 45447 | C7: 40 | D7: 02:16:32pm | E7: 4.71 | F7: 905 | G7: U9 | H7: 45.433084 | I7: -73.938806 | J7: 39.021 | K7: 0 | L7: 0 | N7: 1 | O7: 5.009381e+15 | P7: 0 | Q7: 5 | R7: 308 | S7: 308 | T7: 0.45038799 | U7: 51048 | V7: 0.33378886 | W7: 0.8995711 | X7: 0.45038799 | Y7: 0.048421299 | Z7: 0.4581503 | AA7: 0.013766609 | AB7: 0.14420874 | AC7: 0.0018857177 | AD7: 8252.1954 | AE7: 1.3068204e+08 | AF7: 10726.314 | AG7: 79333061 | AH7: 1 | AI7: 90
A8: 1524 | B8: 45447 | C8: 40 | D8: 02:17:01pm | E8: 4.71 | F8: 905 | G8: U11 | H8: 45.433111 | I8: -73.938725 | J8: 39.021 | K8: 0 | L8: 0 | N8: 1 | O8: 5009382d1f03b98f | P8: 0 | Q8: 6 | R8: 401 | S8: 401 | T8: 0.55016466 | U8: 80844 | V8: 0.52861328 | W8: 1.0989156 | X8: 0.55016466 | Y8: 0.051860973 | Z8: 0.47500697 | AA8: 0.012560239 | AB8: 0.12435191 | AC8: 0.0017186861 | AD8: 14754.76 | AE8: 2.210931e+08 | AF8: 5525.7194 | AG8: 76397218 | AH8: 1 | AI8: 36
A9: 1525 | B9: 45447 | C9: 40 | D9: 02:17:13pm | E9: 4.71 | F9: 905 | G9: U13 | H9: 45.433138 | I9: -73.938644 | J9: 39.021 | K9: 0 | L9: 0 | N9: 1 | O9: 500938393916ae56 | P9: 0 | Q9: 6 | R9: 408 | S9: 408 | T9: 0.57652645 | U9: 90457 | V9: 0.59146577 | W9: 1.1514283 | X9: 0.57652645 | Y9: 0.046466941 | Z9: 0.51489816 | AA9: 0.010647779 | AB9: 0.10727609 | AC9: 0.0033033078 | AD9: 14864.819 | AE9: 2.0013638e+08 | AF9: 6739.3612 | AG9: 85424015 | AH9: 1 | AI9: 180
A10: 1526 | B10: 45447 | C10: 40 | D10: 02:18:31pm | E10: 4.71 | F10: 905 | G10: D13 | H10: 45.433113 | I10: -73.938628 | J10: 39.02 | K10: 0 | L10: 0 | N10: 1 | O10: 500938877536384a | P10: 1 | Q10: 7 | R10: 409 | S10: 409 | T10: 0.40898784 | U10: 42167 | V10: 0.27571123 | W10: 0.81680829 | X10: 0.40898784 | Y10: 0.049839369 | Z10: 0.44020799 | AA10: 0.014699282 | AB10: 0.10215902 | AC10: 0.0022943274 | AD10: 6676.5225 | AE10: 1.088119e+08 | AF10: 12664.6 | AG10: 80979986 | AH10: 1 | AI10: 74
A11: 1527 | B11: 45447 | C11: 40 | D11: 02:18:44pm | E11: 4.71 | F11: 905 | G11: D11 | H11: 45.433086 | I11: -73.938709 | J11: 39.02 | K11: 0 | L11: 0 | N11: 1 | O11: 50093894752ce1b7 | P11: 1 | Q11: 6 | R11: 402 | S11: 402 | T11: 0.55016517 | U11: 73437 | V11: 0.48018125 | W11: 1.0989423 | X11: 0.55016517 | Y11: 0.052280849 | Z11: 0.48729273 | AA11: 0.014059032 | AB11: 0.13858697 | AC11: 0.0015650075 | AD11: 13282.388 | AE11: 2.1560072e+08 | AF11: 5498.4885 | AG11: 77293523 | AH11: 1 | AI11: 43
A12: 1528 | B12: 45447 | C12: 40 | D12: 02:18:57pm | E12: 4.71 | F12: 905 | G12: D9 | H12: 45.433059 | I12: -73.93879 | J12: 39.021 | K12: 0 | L12: 0 | N12: 1 | O12: 500938a125f6843f | P12: 1 | Q12: 5 | R12: 309 | S12: 309 | T12: 0.5920933 | U12: 95406 | V12: 0.62382958 | W12: 1.1827227 | X12: 0.5920933 | Y12: 0.038453422 | Z12: 0.5107015 | AA12: 0.0087438969 | AB12: 0.12461799 | AC12: 0.0016602378 | AD12: 16205.953 | AE12: 2.3207102e+08 | AF12: 5564.935 | AG12: 83021904 | AH12: 1 | AI12: 170
A13: 1529 | B13: 45447 | C13: 40 | D13: 02:19:09pm | E13: 4.71 | F13: 905 | G13: D7 | H13: 45.433032 | I13: -73.938871 | J13: 39.021 | K13: 0 | L13: 0 | N13: 1 | O13: 500938ad2f841179 | P13: 1 | Q13: 4 | R13: 302 | S13: 302 | T13: 0.60389065 | U13: 91741 | V13: 0.5998653 | W13: 1.2063314 | X13: 0.60389065 | Y13: 0.049385645 | Z13: 0.5277549 | AA13: 0.012144647 | AB13: 0.13579854 | AC13: 0.001598549 | AD13: 16602.69 | AE13: 2.2090886e+08 | AF13: 3235.1474 | AG13: 87014671 | AH13: 1 | AI13: 38
A14: 1530 | B14: 45447 | C14: 40 | D14: 02:19:22pm | E14: 4.71 | F14: 905 | G14: D5 | H14: 45.433006 | I14: -73.938952 | J14: 39.021 | K14: 0 | L14: 0 | N14: 1 | O14: 500938ba669012e1 | P14: 1 | Q14: 3 | R14: 209 | S14: 209 | T14: 0.52202784 | U14: 74674 | V14: 0.4882696 | W14: 1.0426277 | X14: 0.52202784 | Y14: 0.053287222 | Z14: 0.48872918 | AA14: 0.012895469 | AB14: 0.12013311 | AC14: 0.0032129334 | AD14: 12833.578 | AE14: 2.0388337e+08 | AF14: 8792.9044 | AG14: 1.0019826e+08 | AH14: 1 | AI14: 140
A15: 1531 | B15: 45447 | C15: 40 | D15: 02:19:34pm | E15: 4.71 | F15: 905 | G15: D3 | H15: 45.432979 | I15: -73.939032 | J15: 39.021 | K15: 0 | L15: 0 | N15: 1 | O15: 500938c669fc4194 | P15: 1 | Q15: 2 | R15: 202 | S15: 202 | T15: 0.55364621 | U15: 80083 | V15: 0.52363734 | W15: 1.1057555 | X15: 0.55364621 | Y15: 0.054437805 | Z15: 0.52866243 | AA15: 0.019883661 | AB15: 0.12237142 | AC15: 0.0024872863 | AD15: 10194.29 | AE15: 1.0696639e+08 | AF15: 9295.429 | AG15: 1.0243096e+08 | AH15: 1 | AI15: 216
A16: 1532 | B16: 45447 | C16: 40 | D16: 02:19:47pm | E16: 4.71 | F16: 905 | G16: D1 | H16: 45.432952 | I16: -73.939113 | J16: 39.021 | K16: 0 | L16: 0 | N16: 1 | O16: 500938d31d4cc688 | P16: 1 | Q16: 1 | R16: 109 | S16: 109 | T16: 0.60021509 | U16: 88740 | V16: 0.58023513 | W16: 1.1987387 | X16: 0.60021509 | Y16: 0.05938803 | Z16: 0.55410422 | AA16: 0.019522579 | AB16: 0.13270927 | AC16: 0.0034951096 | AD16: 12820.285 | AE16: 1.6769947e+08 | AF16: 7133.5429 | AG16: 1.2316087e+08 | AH16: 1 | AI16: 76
A17: 1533 | B17: 45447 | C17: 40 | D17: 02:20:00pm | E17: 4.71 | F17: 905 | G17: D-1 | H17: 45.432925 | I17: -73.939194 | J17: 39.021 | K17: 0 | L17: 0 | N17: 1 | O17: 500938e02a9ec38d | P17: 1 | Q17: 0 | R17: 102 | S17: 102 | T17: 0.59868605 | U17: 87249 | V17: 0.57049727 | W17: 1.1955704 | X17: 0.59868605 | Y17: 0.067015635 | Z17: 0.57302325 | AA17: 0.02195083 | AB17: 0.14839283 | AC17: 0.0035458388 | AD17: 11335.421 | AE17: 1.2559287e+08 | AF17: 6047.6232 | AG17: 1.153515e+08 | AH17: 1 | AI17: 96
A18: 1534 | B18: 45447 | C18: 40 | D18: 02:20:58pm | E18: 4.71 | F18: 905 | G18: U-1 | H18: 45.4329 | I18: -73.939178 | J18: 39.021 | K18: 0 | L18: 0 | N18: 1 | O18: 5009391a2cd19750 | P18: 2 | Q18: 0 | R18: 103 | S18: 103 | T18: 0.5975597 | U18: 88087 | V18: 0.57597296 | W18: 1.1933705 | X18: 0.5975597 | Y18: 0.057886585 | Z18: 0.56068317 | AA18: 0.022107098 | AB18: 0.13717381 | AC18: 0.0035280653 | AD18: 13238.409 | AE18: 1.7247532e+08 | AF18: 5801.7471 | AG18: 1.2018506e+08 | AH18: 1 | AI18: 85
A19: 1535 | B19: 45447 | C19: 40 | D19: 02:21:11pm | E19: 4.71 | F19: 905 | G19: U1 | H19: 45.432926 | I19: -73.939096 | J19: 39.021 | K19: 0 | L19: 0 | N19: 1 | O19: 500939272161cf8e | P19: 2 | Q19: 1 | R19: 110 | S19: 110 | T19: 0.55716888 | U19: 78383 | V19: 0.51251823 | W19: 1.1127864 | X19: 0.55716888 | Y19: 0.058649271 | Z19: 0.52795019 | AA19: 0.022340482 | AB19: 0.11632609 | AC19: 0.0031764615 | AD19: 10725.374 | AE19: 1.2409625e+08 | AF19: 9160.1462 | AG19: 1.1481396e+08 | AH19: 1 | AI19: 76
... A57: 1573 | B57: 45447 | C57: 40 | D57: 02:36:33pm | E57: 4.71 | F57: 905 | G57: U13 | H57: 45.432989 | I57: -73.938545 | J57: 39.019 | K57: 0 | L57: 0 | N57: 1 | O57: 50093cc1072c464e | P57: 6 | Q57: 7 | R57: 414 | S57: 414 | T57: 0.42083332 | U57: 48680 | V57: 0.31829892 | W57: 0.84051147 | X57: 0.42083332 | Y57: 0.055240599 | Z57: 0.45720265 | AA57: 0.018392027 | AB57: 0.093820925 | AC57: 0.0029188786 | AD57: 7368.5831 | AE57: 1.2149193e+08 | AF57: 11520.365 | AG57: 95515217 | AH57: 1 | AI57: 86
A58: 77777 | B58: 45771 | C58: 40 | T58: 0.13162255 | U58: 96 | V58: 0.01275578 | W58: 0.26268213 | X58: 0.13162255 | Y58: 0.030158 | Z58: 0.24028233 | AA58: 0.035073946 | AB58: 0.069858502 | AC58: 0.0084335992 | AD58: -969.78634 | AE58: 8638045.6 | AF58: 14422.923 | AG58: 57261263 | AI58: 0

Sheet Consolidated
A1: Trial | B1: DAS | C1: joined_PlotID | D1: joined_PlotIDstring | E1: Combocode | F1: Entry | G1: Block | H1: pntcounts | I1: Thresh_mean | J1: NDVI_mean | K1: NDVI_variance | L1: HAreamean | M1: 613GNDVI_mean | N1: 613GNDVI_variance | O1: 613NDRE_mean | P1: 613NDRE_variance | Q1: 613ExG_mean | R1: 613ExG_variance | S1: 613ExR_mean | T1: 613ExR_variance | U1: Plot Yield | V1: PeakStand
A2: =VLOOKUP(C2,YieldData!F:G,2,FALSE) -> 24110 | B2: 8 | C2: 101 | D2: 101 | E2: =A2*10000+D2 -> 241100101 | F2: =VLOOKUP($E2,YieldData!$H:$R,10,FALSE) -> 1 | G2: =VLOOKUP($E2,YieldData!$H:$R,11,FALSE) -> 1 | H2: 25 | I2: 0.001167651 | J2: 0.27746898 | K2: 0.0024592894 | L2: 0.69304455 | M2: 0.079031091 | N2: 0.0042683876 | O2: -0.017167418 | P2: 0.0012096195 | Q2: 2137.9751 | R2: 1517090.9 | S2: 15061.102 | T2: 23748993 | U2: =VLOOKUP(C2,YieldData!F:AG,27,FALSE) -> 1747 | V2: =_xlfn.MAXIFS(I:I,C:C,C2) -> 0.46975166
A3: =VLOOKUP(C3,YieldData!F:G,2,FALSE) -> 24110 | B3: 8 | C3: 102 | D3: 102 | E3: =A3*10000+D3 -> 241100102 | F3: =VLOOKUP($E3,YieldData!$H:$R,10,FALSE) -> 2 | G3: =VLOOKUP($E3,YieldData!$H:$R,11,FALSE) -> 1 | H3: 37 | I3: 0.0031391197 | J3: 0.27399433 | K3: 0.0023883706 | L3: 0.89947501 | M3: 0.074093804 | N3: 0.0045883674 | O3: -0.019803941 | P3: 0.0012961527 | Q3: 2304.8042 | R3: 1711194.1 | S3: 15679.66 | T3: 24504353 | U3: =VLOOKUP(C3,YieldData!F:AG,27,FALSE) -> 2083 | V3: =_xlfn.MAXIFS(I:I,C:C,C3) -> 0.57049727
A4: =VLOOKUP(C4,YieldData!F:G,2,FALSE) -> 24110 | B4: 8 | C4: 103 | D4: 103 | E4: =A4*10000+D4 -> 241100103 | F4: =VLOOKUP($E4,YieldData!$H:$R,10,FALSE) -> 3 | G4: =VLOOKUP($E4,YieldData!$H:$R,11,FALSE) -> 1 | H4: 23 | I4: 0.0014383863 | J4: 0.26976504 | K4: 0.0039325426 | L4: 0.71355263 | M4: 0.070448375 | N4: 0.0037407828 | O4: -0.020293419 | P4: 0.0010596723 | Q4: 2192.1049 | R4: 1370721.6 | S4: 15364.241 | T4: 21781355 | U4: =VLOOKUP(C4,YieldData!F:AG,27,FALSE) -> 1595 | V4: =_xlfn.MAXIFS(I:I,C:C,C4) -> 0.57597296
A5: =VLOOKUP(C5,YieldData!F:G,2,FALSE) -> 24110 | B5: 8 | C5: 104 | D5: 104 | E5: =A5*10000+D5 -> 241100104 | F5: =VLOOKUP($E5,YieldData!$H:$R,10,FALSE) -> 4 | G5: =VLOOKUP($E5,YieldData!$H:$R,11,FALSE) -> 1 | H5: 38 | I5: 0.0023013986 | J5: 0.2691757 | K5: 0.0096413151 | L5: 0.89520915 | M5: 0.075662778 | N5: 0.0046806748 | O5: -0.019924761 | P5: 0.0012663827 | Q5: 2201.2652 | R5: 1697353.5 | S5: 15237.149 | T5: 25619117 | U5: =VLOOKUP(C5,YieldData!F:AG,27,FALSE) -> 1943 | V5: =_xlfn.MAXIFS(I:I,C:C,C5) -> 0.588768
A6: =VLOOKUP(C6,YieldData!F:G,2,FALSE) -> 24110 | B6: 8 | C6: 105 | D6: 105 | E6: =A6*10000+D6 -> 241100105 | F6: =VLOOKUP($E6,YieldData!$H:$R,10,FALSE) -> 5 | G6: =VLOOKUP($E6,YieldData!$H:$R,11,FALSE) -> 1 | H6: 24 | I6: 0.0014468841 | J6: 0.26260807 | K6: 0.0063673596 | L6: 0.72071053 | M6: 0.072886261 | N6: 0.0043785827 | O6: -0.022465287 | P6: 0.0013458489 | Q6: 2283.7753 | R6: 1786230.3 | S6: 15674.425 | T6: 23714756 | U6: =VLOOKUP(C6,YieldData!F:AG,27,FALSE) -> 1784 | V6: =_xlfn.MAXIFS(I:I,C:C,C6) -> 0.52674286
A7: =VLOOKUP(C7,YieldData!F:G,2,FALSE) -> 24110 | B7: 8 | C7: 106 | D7: 106 | E7: =A7*10000+D7 -> 241100106 | F7: =VLOOKUP($E7,YieldData!$H:$R,10,FALSE) -> 2 | G7: =VLOOKUP($E7,YieldData!$H:$R,11,FALSE) -> 2 | H7: 51 | I7: 0.0032744164 | J7: 0.27157897 | K7: 0.0030404829 | L7: 0.92030473 | M7: 0.081655012 | N7: 0.0047209705 | O7: -0.021756627 | P7: 0.0013493867 | Q7: 2160.2413 | R7: 1815564.8 | S7: 15333.241 | T7: 25561344 | U7: =VLOOKUP(C7,YieldData!F:AG,27,FALSE) -> 2109 | V7: =_xlfn.MAXIFS(I:I,C:C,C7) -> 0.66110007
A8: =VLOOKUP(C8,YieldData!F:G,2,FALSE) -> 24110 | B8: 8 | C8: 107 | D8: 107 | E8: =A8*10000+D8 -> 241100107 | F8: =VLOOKUP($E8,YieldData!$H:$R,10,FALSE) -> 4 | G8: =VLOOKUP($E8,YieldData!$H:$R,11,FALSE) -> 2 | H8: 44 | I8: 0.003181399 | J8: 0.26986302 | K8: 0.0044820225 | L8: 0.83332895 | M8: 0.077081366 | N8: 0.0044855443 | O8: -0.024647895 | P8: 0.0012381597 | Q8: 2165.9179 | R8: 1805887 | S8: 15221.37 | T8: 23915763 | U8: =VLOOKUP(C8,YieldData!F:AG,27,FALSE) -> 1767 | V8: =_xlfn.MAXIFS(I:I,C:C,C8) -> 0.62568002
A9: =VLOOKUP(C9,YieldData!F:G,2,FALSE) -> 24110 | B9: 8 | C9: 108 | D9: 108 | E9: =A9*10000+D9 -> 241100108 | F9: =VLOOKUP($E9,YieldData!$H:$R,10,FALSE) -> 1 | G9: =VLOOKUP($E9,YieldData!$H:$R,11,FALSE) -> 3 | H9: 20 | I9: 0.0011591996 | J9: 0.26480924 | K9: 0.0060220968 | L9: 0.63843057 | M9: 0.070771581 | N9: 0.0041802878 | O9: -0.021408005 | P9: 0.0016182787 | Q9: 1856.7576 | R9: 1520579.5 | S9: 14837.603 | T9: 27082338 | U9: =VLOOKUP(C9,YieldData!F:AG,27,FALSE) -> 1854 | V9: =_xlfn.MAXIFS(I:I,C:C,C9) -> 0.60942343
A10: =VLOOKUP(C10,YieldData!F:G,2,FALSE) -> 24110 | B10: 8 | C10: 109 | D10: 109 | E10: =A10*10000+D10 -> 241100109 | F10: =VLOOKUP($E10,YieldData!$H:$R,10,FALSE) -> 3 | G10: =VLOOKUP($E10,YieldData!$H:$R,11,FALSE) -> 3 | H10: 16 | I10: 0.0024537386 | J10: 0.26018324 | K10: 0.0029756069 | L10: 0.44924409 | M10: 0.071512613 | N10: 0.0048754349 | O10: -0.02109466 | P10: 0.0019594199 | Q10: 1940.3627 | R10: 1775084.8 | S10: 15949.7 | T10: 28147606 | U10: =VLOOKUP(C10,YieldData!F:AG,27,FALSE) -> 1852 | V10: =_xlfn.MAXIFS(I:I,C:C,C10) -> 0.58023513
A11: =VLOOKUP(C11,YieldData!F:G,2,FALSE) -> 24110 | B11: 8 | C11: 110 | D11: 110 | E11: =A11*10000+D11 -> 241100110 | F11: =VLOOKUP($E11,YieldData!$H:$R,10,FALSE) -> 5 | G11: =VLOOKUP($E11,YieldData!$H:$R,11,FALSE) -> 3 | H11: 5 | I11: 0.0002115274 | J11: 0.25887909 | K11: 0.010631145 | L11: 0.12018421 | M11: 0.064247564 | N11: 0.0038435659 | O11: -0.024110931 | P11: 0.001627755 | Q11: 1982.1856 | R11: 1707275 | S11: 15594.698 | T11: 25744214 | U11: =VLOOKUP(C11,YieldData!F:AG,27,FALSE) -> 1811 | V11: =_xlfn.MAXIFS(I:I,C:C,C11) -> 0.51251823
A12: =VLOOKUP(C12,YieldData!F:G,2,FALSE) -> 24110 | B12: 8 | C12: 111 | D12: 111 | E12: =A12*10000+D12 -> 241100111 | F12: =VLOOKUP($E12,YieldData!$H:$R,10,FALSE) -> 2 | G12: =VLOOKUP($E12,YieldData!$H:$R,11,FALSE) -> 3 | H12: 27 | I12: 0.0017852912 | J12: 0.26070016 | K12: 0.007593612 | L12: 0.78234211 | M12: 0.06862375 | N12: 0.0043838065 | O12: -0.023128824 | P12: 0.0017021533 | Q12: 2067.3461 | R12: 1661777.2 | S12: 15646.277 | T12: 26997978 | U12: =VLOOKUP(C12,YieldData!F:AG,27,FALSE) -> 1957 | V12: =_xlfn.MAXIFS(I:I,C:C,C12) -> 0.57165743
A13: =VLOOKUP(C13,YieldData!F:G,2,FALSE) -> 24110 | B13: 8 | C13: 112 | D13: 112 | E13: =A13*10000+D13 -> 241100112 | F13: =VLOOKUP($E13,YieldData!$H:$R,10,FALSE) -> 1 | G13: =VLOOKUP($E13,YieldData!$H:$R,11,FALSE) -> 2 | H13: 6 | I13: 0.00033844097 | J13: 0.25623668 | K13: 0.0047497892 | L13: 0.2953119 | M13: 0.068215957 | N13: 0.0039021308 | O13: -0.023961778 | P13: 0.0015437058 | Q13: 2002.6371 | R13: 1561245.8 | S13: 16000.848 | T13: 24905304 | U13: =VLOOKUP(C13,YieldData!F:AG,27,FALSE) -> 1958 | V13: =_xlfn.MAXIFS(I:I,C:C,C13) -> 0.5151535
... A337: =VLOOKUP(C337,YieldData!F:G,2,FALSE) -> 24112 | B337: 40 | C337: 414 | D337: 414 | E337: =A337*10000+D337 -> 241120414 | F337: =VLOOKUP($E337,YieldData!$H:$R,10,FALSE) -> 2 | G337: =VLOOKUP($E337,YieldData!$H:$R,11,FALSE) -> 3 | H337: 86 | I337: 0.31829892 | J337: 0.42083332 | K337: 0.055240599 | L337: 0.77047368 | M337: 0.45720265 | N337: 0.018392027 | O337: 0.093820925 | P337: 0.0029188786 | Q337: 7368.5831 | R337: 1.2149193e+08 | S337: 11520.365 | T337: 95515217 | U337: =VLOOKUP(C337,YieldData!F:AG,27,FALSE) -> 466 | V337: =_xlfn.MAXIFS(I:I,C:C,C337) -> 0.31829892
A338: 24101 | B338: 13 | C338: 1001 | D338: 1001 | E338: =$A338*10000+$C338 -> 241011001 | F338: =VLOOKUP($E338,AgronomyYieldData!H:N,7,FALSE) -> 68 | G338: =VLOOKUP($E338,AgronomyYieldData!$H:O,3,FALSE) -> 1 | H338: 63 | I338: 0.36373147 | J338: 0.23340913 | K338: 0.0027674692 | L338: 0.90265918 | M338: 0.34386464 | N338: 0.0024845222 | O338: 0 | P338: 0 | Q338: 2411.174 | R338: 2487952.1 | S338: 16146.088 | T338: 13854818 | U338: 2280 | V338: 0.96128627
A339: 24101 | B339: 13 | C339: 1002 | D339: 1002 | E339: =$A339*10000+$C339 -> 241011002 | F339: =VLOOKUP($E339,AgronomyYieldData!H:N,7,FALSE) -> 81 | G339: =VLOOKUP($E339,AgronomyYieldData!$H:O,3,FALSE) -> 1 | H339: 60 | I339: 0.51927578 | J339: 0.25561849 | K339: 0.0078549335 | L339: 0.94638158 | M339: 0.36326706 | N339: 0.0033349622 | O339: 0 | P339: 0 | Q339: 2496.4774 | R339: 2066755.8 | S339: 15636.325 | T339: 17793178 | U339: 2550 | V339: 0.44960174
A340: 24101 | B340: 13 | C340: 1005 | D340: 1005 | E340: =$A340*10000+$C340 -> 241011005 | F340: =VLOOKUP($E340,AgronomyYieldData!H:N,7,FALSE) -> 8 | G340: =VLOOKUP($E340,AgronomyYieldData!$H:O,3,FALSE) -> 1 | H340: 54 | I340: 0.45493448 | J340: 0.24123308 | K340: 0.0027985805 | L340: 0.9606289 | M340: 0.38787989 | N340: 0.0021613911 | O340: 0 | P340: 0 | Q340: 2237.4196 | R340: 1175209.9 | S340: 15688.47 | T340: 14047033 | U340: 640 | V340: 0.96999266
A341: 24101 | B341: 13 | C341: 1006 | D341: 1006 | E341: =$A341*10000+$C341 -> 241011006 | F341: =VLOOKUP($E341,AgronomyYieldData!H:N,7,FALSE) -> 18 | G341: =VLOOKUP($E341,AgronomyYieldData!$H:O,3,FALSE) -> 1 | H341: 62 | I341: 0.5726867 | J341: 0.23944592 | K341: 0.004772228 | L341: 0.99907406 | M341: 0.39157906 | N341: 0.0031892866 | O341: 0 | P341: 0 | Q341: 2213.7362 | R341: 1142922.9 | S341: 15660.082 | T341: 15856584 | U341: 2565 | V341: 0.99232975
A342: 24101 | B342: 13 | C342: 1007 | D342: 1007 | E342: =$A342*10000+$C342 -> 241011007 | F342: =VLOOKUP($E342,AgronomyYieldData!H:N,7,FALSE) -> 10 | G342: =VLOOKUP($E342,AgronomyYieldData!$H:O,3,FALSE) -> 2 | H342: 57 | I342: 0.56682066 | J342: 0.23344179 | K342: 0.0037067808 | L342: 1 | M342: 0.38602248 | N342: 0.0023599875 | O342: 0 | P342: 0 | Q342: 2216.7374 | R342: 1274537 | S342: 15931.257 | T342: 14631297 | U342: 846 | V342: 0.77271318
A343: 24101 | B343: 13 | C343: 1008 | D343: 1008 | E343: =$A343*10000+$C343 -> 241011008 | F343: =VLOOKUP($E343,AgronomyYieldData!H:N,7,FALSE) -> 38 | G343: =VLOOKUP($E343,AgronomyYieldData!$H:O,3,FALSE) -> 2 | H343: 88 | I343: 0.56661176 | J343: 0.24754275 | K343: 0.0057057276 | L343: 1 | M343: 0.39278794 | N343: 0.0027541934 | O343: 0 | P343: 0 | Q343: 2456.1615 | R343: 3704944.4 | S343: 15405.559 | T343: 17316034 | U343: 2344 | V343: 0.99713315
A344: 24101 | B344: 13 | C344: 1009 | D344: 1009 | E344: =$A344*10000+$C344 -> 241011009 | F344: =VLOOKUP($E344,AgronomyYieldData!H:N,7,FALSE) -> 17 | G344: =VLOOKUP($E344,AgronomyYieldData!$H:O,3,FALSE) -> 2 | H344: 68 | I344: 0.5178716 | J344: 0.2382842 | K344: 0.0035113553 | L344: 0.97529675 | M344: 0.38632196 | N344: 0.0024086972 | O344: 0 | P344: 0 | Q344: 2141.7536 | R344: 1320664.8 | S344: 15812.5 | T344: 16950728 | U344: 2448 | V344: 0.983941
A345: 24101 | B345: 13 | C345: 1010 | D345: 1010 | E345: =$A345*10000+$C345 -> 241011010 | F345: =VLOOKUP($E345,AgronomyYieldData!H:N,7,FALSE) -> 62 | G345: =VLOOKUP($E345,AgronomyYieldData!$H:O,3,FALSE) -> 2 | H345: 82 | I345: 0.32632832 | J345: 0.23452372 | K345: 0.0040757012 | L345: 0.99468435 | M345: 0.37726598 | N345: 0.0028961012 | O345: 0 | P345: 0 | Q345: 2202.8936 | R345: 1019397.3 | S345: 16151.071 | T345: 14203006 | U345: 2913 | V345: 0.98246793
A346: 24101 | B346: 13 | C346: 1011 | D346: 1011 | E346: =$A346*10000+$C346 -> 241011011 | F346: =VLOOKUP($E346,AgronomyYieldData!H:N,7,FALSE) -> 56 | G346: =VLOOKUP($E346,AgronomyYieldData!$H:O,3,FALSE) -> 2 | H346: 71 | I346: 0.48913925 | J346: 0.23382133 | K346: 0.0035364325 | L346: 0.90794616 | M346: 0.3744135 | N346: 0.0024624433 | O346: 0 | P346: 0 | Q346: 2234.9428 | R346: 1290680.3 | S346: 16280.833 | T346: 14260379 | U346: 395 | V346: 0.41716964
A347: 24101 | B347: 13 | C347: 1012 | D347: 1012 | E347: =$A347*10000+$C347 -> 241011012 | F347: =VLOOKUP($E347,AgronomyYieldData!H:N,7,FALSE) -> 87 | G347: =VLOOKUP($E347,AgronomyYieldData!$H:O,3,FALSE) -> 2 | H347: 71 | I347: 0.48323798 | J347: 0.24277406 | K347: 0.0051561966 | L347: 0.99707895 | M347: 0.38017119 | N347: 0.0028351807 | O347: 0 | P347: 0 | Q347: 2430.3623 | R347: 2672459.8 | S347: 15920.097 | T347: 16913269 | U347: 1081 | V347: 0.94629689
A348: 24101 | B348: 13 | C348: 1013 | D348: 1013 | E348: =$A348*10000+$C348 -> 241011013 | F348: =VLOOKUP($E348,AgronomyYieldData!H:N,7,FALSE) -> 40 | G348: =VLOOKUP($E348,AgronomyYieldData!$H:O,3,FALSE) -> 3 | H348: 77 | I348: 0.544715 | J348: 0.24483595 | K348: 0.0067094168 | L348: 0.99994444 | M348: 0.38420689 | N348: 0.0038922983 | O348: 0 | P348: 0 | Q348: 2408.6875 | R348: 2199916.3 | S348: 15835.324 | T348: 21501595 | U348: 581 | V348: 0.78006051
A349: 24101 | B349: 13 | C349: 1014 | D349: 1014 | E349: =$A349*10000+$C349 -> 241011014 | F349: =VLOOKUP($E349,AgronomyYieldData!H:N,7,FALSE) -> 8 | G349: =VLOOKUP($E349,AgronomyYieldData!$H:O,3,FALSE) -> 3 | H349: 68 | I349: 0.46458316 | J349: 0.22925282 | K349: 0.0038113416 | L349: 0.99642606 | M349: 0.37048301 | N349: 0.0025765484 | O349: 0 | P349: 0 | Q349: 2417.1255 | R349: 2536399.3 | S349: 16454.277 | T349: 15366379 | U349: 1932 | V349: 0.98807867
... A673: 24101 | B673: 13 | C673: 15024 | D673: 15024 | E673: =$A673*10000+$C673 -> 241025024 | F673: =VLOOKUP($E673,AgronomyYieldData!H:N,7,FALSE) -> 47 | G673: =VLOOKUP($E673,AgronomyYieldData!$H:O,3,FALSE) -> 4 | H673: 88 | I673: 0.49869882 | J673: 0.24614202 | K673: 0.0029822032 | L673: 0.99961841 | M673: 0.38455862 | N673: 0.0026115403 | O673: 0.084192932 | P673: 0.0029695729 | Q673: 2094.9446 | R673: 1080938.9 | S673: 15759.633 | T673: 16707860 | U673: 1853 | V673: 0.85405089

Sheet YieldData
A1: Plot Range | B1: Plot Column | C1: Experiment Name | D1: Plot | E1: Mason Plot Number | F1: Modified Plot# | G1: Experiment | H1: Combocode | I1: Planter | J1: Cone | K1: Pass | L1: Harvester | M1: Harvester Pass | N1: Type | O1: Is Perennial | P1: Check | Q1: ENTRY | R1: BLOCK | S1: Variety | T1: Origin | U1: Selection | V1: Identity1 | W1: Description1 | X1: Fn | Y1: Clone | Z1: 100 Seed weight | AA1: Actual Plants per ha | AB1: Moisture | AC1: Plot Area | AD1: Stand % | AE1: Total weight | AF1: Plot Weight | AG1: Yield | AH1: AdjustedYield | AI1: 2RowHA | AJ1: Adjusted2Row | AK1: Algo2Row | AL1: Flowering Date | AM1: Maturity Date | AN1: Field Plan | AO1: Location
A2: 1 | B2: 1 | C2: 24110McGill Farm | D2: 41 | E2: 101 | F2: 101 | G2: 24110 | H2: =G2*10000+F2 -> 241100101 | I2: 1 | J2: 1 | K2: 1 | L2: 1 | M2: 1 | N2: Experiment | O2: FALSE | P2: 0 | Q2: 1 | R2: 1 | S2: PVBLPI19 1 | T2: 2019 field trial | W2: black | X2: 0 | Y2: 0 | Z2: 27 | AB2: 18.8 | AF2: 1747 | AG2: 2276.258 | AH2: 2446.4297 | AI2: 0.92694175 | AJ2: 2455.6646 | AK2: 2276.258 | AL2: 45497 | AM2: 45532 | AN2: reg | AO2: McGill Farm
A3: 1 | B3: 2 | C3: 24110McGill Farm | D3: 42 | E3: 102 | F3: 102 | G3: 24110 | H3: =G3*10000+F3 -> 241100102 | I3: 16 | J3: 1 | K3: 2 | L3: 16 | M3: 2 | N3: Experiment | O3: FALSE | P3: 0 | Q3: 2 | R3: 1 | S3: PVBLPI19 10 | W3: black | X3: 0 | Y3: 0 | Z3: 24 | AB3: 17.6 | AF3: 2083 | AG3: 2754.1592 | AH3: 2914.1082 | AI3: 0.89861184 | AJ3: 3064.9042 | AK3: 2901.2346 | AL3: 45499 | AM3: 45532 | AN3: reg | AO3: McGill Farm
A4: 1 | B4: 3 | C4: 24110McGill Farm | D4: 43 | E4: 103 | F4: 103 | G4: 24110 | H4: =G4*10000+F4 -> 241100103 | I4: 17 | J4: 1 | K4: 3 | L4: 17 | M4: 3 | N4: Experiment | O4: FALSE | P4: 1 | Q4: 3 | R4: 1 | S4: Zorro | T4: MDP-8111 | V4: BC088 | W4: Phaseolus vulgaris | X4: 0 | Y4: 0 | Z4: 25 | AB4: 18.5 | AF4: 1595 | AG4: 2085.8874 | AH4: 2262.2365 | AI4: 0.93824301 | AJ4: 2223.1845 | AK4: 2085.8874 | AL4: 45499 | AM4: 45532 | AN4: reg | AO4: McGill Farm
A5: 1 | B5: 4 | C5: 24110McGill Farm | D5: 44 | E5: 104 | F5: 104 | G5: 24110 | H5: =G5*10000+F5 -> 241100104 | I5: 32 | J5: 1 | K5: 4 | L5: 32 | M5: 4 | N5: Experiment | O5: FALSE | P5: 2 | Q5: 4 | R5: 1 | S5: black bear | V5: black | W5: TV | X5: 0 | Y5: 0 | Z5: 26 | AB5: 16.7 | AF5: 1943 | AG5: 2597.1101 | AH5: 3461.5685 | AI5: 0.95886923 | AJ5: 2708.5133 | AK5: 2597.1101 | AL5: 45497 | AM5: 45530 | AN5: reg | AO5: McGill Farm
A6: 1 | B6: 5 | C6: 24110McGill Farm | D6: 45 | E6: 105 | F6: 105 | G6: 24110 | H6: =G6*10000+F6 -> 241100105 | I6: 33 | J6: 1 | K6: 5 | L6: 33 | M6: 5 | N6: Experiment | O6: FALSE | P6: 3 | Q6: 5 | R6: 1 | S6: Blizzard | V6: navy | W6: TV | X6: 0 | Y6: 0 | Z6: 24 | AB6: 18 | AF6: 1784 | AG6: 2347.3684 | AH6: 2578.6123 | AI6: 0.95261717 | AJ6: 2464.1257 | AK6: 2347.3684 | AL6: 45500 | AM6: 45532 | AN6: reg | AO6: McGill Farm
A7: 1 | B7: 6 | C7: 24110McGill Farm | D7: 46 | E7: 106 | F7: 106 | G7: 24110 | H7: =G7*10000+F7 -> 241100106 | I7: 48 | J7: 1 | K7: 6 | L7: 48 | M7: 6 | N7: Experiment | O7: FALSE | P7: 0 | Q7: 2 | R7: 2 | S7: PVBLPI19 10 | W7: black | X7: 0 | Y7: 0 | Z7: 24 | AB7: 18 | AF7: 2109 | AG7: 2775 | AH7: 2895.0088 | AI7: 0.95719107 | AJ7: 2899.1077 | AK7: 2775 | AL7: 45495 | AM7: 45533 | AN7: reg | AO7: McGill Farm
A8: 1 | B8: 7 | C8: 24110McGill Farm | D8: 47 | E8: 107 | F8: 107 | G8: 24110 | H8: =G8*10000+F8 -> 241100107 | I8: 49 | J8: 1 | K8: 7 | L8: 49 | M8: 7 | N8: Experiment | O8: FALSE | P8: 2 | Q8: 4 | R8: 2 | S8: black bear | V8: black | W8: TV | X8: 0 | Y8: 0 | Z8: 29 | AB8: 15.8 | AF8: 1767 | AG8: 2387.378 | AH8: 2492.9684 | AI8: 0.92059973 | AJ8: 2593.2856 | AK8: 2387.378 | AL8: 45499 | AM8: 45536 | AN8: reg | AO8: McGill Farm
A9: 2 | B9: 1 | C9: 24110McGill Farm | D9: 54 | E9: 201 | F9: 108 | G9: 24110 | H9: =G9*10000+F9 -> 241100108 | I9: 2 | J9: 1 | K9: 1 | L9: 2 | M9: 1 | N9: Experiment | O9: FALSE | P9: 0 | Q9: 1 | R9: 3 | S9: PVBLPI19 1 | T9: 2019 field trial | W9: black | X9: 0 | Y9: 0 | Z9: 25 | AB9: 17.5 | AF9: 1854 | AG9: 2454.3485 | AH9: 2738.6007 | AI9: 0.89819146 | AJ9: 2732.5449 | AK9: 2585.9863 | AL9: 45499 | AM9: 45532 | AN9: reg | AO9: McGill Farm
A10: 2 | B10: 2 | C10: 24110McGill Farm | D10: 53 | E10: 202 | F10: 109 | G10: 24110 | H10: =G10*10000+F10 -> 241100109 | I10: 15 | J10: 1 | K10: 2 | L10: 15 | M10: 2 | N10: Experiment | O10: FALSE | P10: 1 | Q10: 3 | R10: 3 | S10: Zorro | T10: MDP-8111 | V10: BC088 | W10: Phaseolus vulgaris | X10: 0 | Y10: 0 | Z10: 25 | AB10: 19 | AF10: 1852 | AG10: 2407.1245 | AH10: 2467.8478 | AI10: 0.93465789 | AJ10: 2575.407 | AK10: 2407.1245 | AL10: 45499 | AM10: 45531 | AN10: reg | AO10: McGill Farm
A11: 2 | B11: 3 | C11: 24110McGill Farm | D11: 52 | E11: 203 | F11: 110 | G11: 24110 | H11: =G11*10000+F11 -> 241100110 | I11: 18 | J11: 1 | K11: 3 | L11: 18 | M11: 3 | N11: Experiment | O11: FALSE | P11: 3 | Q11: 5 | R11: 3 | S11: Blizzard | V11: navy | W11: TV | X11: 0 | Y11: 0 | Z11: 24 | AB11: 18.8 | AF11: 1811 | AG11: 2359.647 | AH11: 2439.2268 | AI11: 0.85020757 | AJ11: 2775.3775 | AK11: 2550.6835 | AL11: 45500 | AM11: 45535 | AN11: reg | AO11: McGill Farm
A12: 2 | B12: 4 | C12: 24110McGill Farm | D12: 51 | E12: 204 | F12: 111 | G12: 24110 | H12: =G12*10000+F12 -> 241100111 | I12: 31 | J12: 1 | K12: 4 | L12: 31 | M12: 4 | N12: Experiment | O12: FALSE | P12: 0 | Q12: 2 | R12: 3 | S12: PVBLPI19 10 | W12: black | X12: 0 | Y12: 0 | Z12: 23 | AB12: 17.9 | AF12: 1957 | AG12: 2578.1402 | AH12: 2768.5914 | AI12: 0.936146 | AJ12: 2753.9938 | AK12: 2578.1402 | AL12: 45499 | AM12: 45532 | AN12: reg | AO12: McGill Farm
A13: 2 | B13: 5 | C13: 24110McGill Farm | D13: 50 | E13: 205 | F13: 112 | G13: 24110 | H13: =G13*10000+F13 -> 241100112 | I13: 34 | J13: 1 | K13: 5 | L13: 34 | M13: 5 | N13: Experiment | O13: FALSE | P13: 0 | Q13: 1 | R13: 2 | S13: PVBLPI19 1 | T13: 2019 field trial | W13: black | X13: 0 | Y13: 0 | Z13: 28 | AB13: 18.1 | AF13: 1958 | AG13: 2573.1739 | AH13: 2672.4783 | AI13: 0.94685456 | AJ13: 2717.6021 | AK13: 2573.1739 | AL13: 45498 | AM13: 45534 | AN13: reg | AO13: McGill Farm
A14: 2 | B14: 6 | C14: 24110McGill Farm | D14: 49 | E14: 206 | F14: 113 | G14: 24110 | H14: =G14*10000+F14 -> 241100113 | I14: 47 | J14: 1 | K14: 6 | L14: 47 | M14: 6 | N14: Experiment | O14: FALSE | P14: 3 | Q14: 5 | R14: 2 | S14: Blizzard | V14: navy | W14: TV | X14: 0 | Y14: 0 | Z14: 25 | AB14: 18.5 | AF14: 1849 | AG14: 2418.06 | AH14: 2522.2876 | AI14: 0.9851252 | AJ14: 2454.5713 | AK14: 2418.06 | AL14: 45500 | AM14: 45534 | AN14: reg | AO14: McGill Farm
A15: 2 | B15: 7 | C15: 24110McGill Farm | D15: 48 | E15: 207 | F15: 114 | G15: 24110 | H15: =G15*10000+F15 -> 241100114 | I15: 50 | J15: 1 | K15: 7 | L15: 50 | M15: 7 | N15: Experiment | O15: FALSE | P15: 1 | Q15: 3 | R15: 2 | S15: Zorro | T15: MDP-8111 | V15: BC088 | W15: Phaseolus vulgaris | X15: 0 | Y15: 0 | Z15: 23 | AB15: 16.8 | AF15: 1577 | AG15: 2105.3659 | AH15: 2281.3809 | AI15: 0.90816387 | AJ15: 2318.2665 | AK15: 2105.3659 | AL15: 45497 | AM15: 45533 | AN15: reg | AO15: McGill Farm
A16: 3 | B16: 1 | C16: 24110McGill Farm | D16: 55 | E16: 301 | F16: 201 | G16: 24110 | H16: =G16*10000+F16 -> 241100201 | I16: 3 | J16: 1 | K16: 1 | L16: 3 | M16: 1 | N16: Experiment | O16: FALSE | P16: 2 | Q16: 4 | R16: 3 | S16: black bear | V16: black | W16: TV | X16: 0 | Y16: 0 | Z16: 25 | AB16: 18.3 | AF16: 1884 | AG16: 2469.878 | AH16: 2643.0338 | AI16: 0.97549984 | AJ16: 2531.9103 | AK16: 2469.878 | AL16: 45499 | AM16: 45535 | AN16: reg | AO16: McGill Farm
A17: 3 | B17: 2 | C17: 24110McGill Farm | D17: 56 | E17: 302 | F17: 202 | G17: 24110 | H17: =G17*10000+F17 -> 241100202 | I17: 14 | J17: 1 | K17: 2 | L17: 14 | M17: 2 | N17: Experiment | O17: FALSE | P17: 0 | Q17: 1 | R17: 4 | S17: PVBLPI19 1 | T17: 2019 field trial | W17: black | X17: 0 | Y17: 0 | Z17: 25 | AB17: 17.6 | AF17: 2029 | AG17: 2682.7599 | AH17: 2977.3795 | AI17: 0.94867173 | AJ17: 2827.9118 | AK17: 2682.7599 | AL17: 45497 | AM17: 45534 | AN17: reg | AO17: McGill Farm
A18: 3 | B18: 3 | C18: 24110McGill Farm | D18: 57 | E18: 303 | F18: 203 | G18: 24110 | H18: =G18*10000+F18 -> 241100203 | I18: 19 | J18: 1 | K18: 3 | L18: 19 | M18: 3 | N18: Experiment | O18: FALSE | P18: 0 | Q18: 2 | R18: 4 | S18: PVBLPI19 10 | W18: black | X18: 0 | Y18: 0 | Z18: 26 | AB18: 18.4 | AF18: 1921 | AG18: 2515.3017 | AH18: 2639.5342 | AI18: 0.91847919 | AJ18: 2738.5505 | AK18: 2515.3017 | AL18: 45494 | AM18: 45532 | AN18: reg | AO18: McGill Farm
A19: 3 | B19: 4 | C19: 24110McGill Farm | D19: 58 | E19: 304 | F19: 204 | G19: 24110 | H19: =G19*10000+F19 -> 241100204 | I19: 30 | J19: 1 | K19: 4 | L19: 30 | M19: 4 | N19: Experiment | O19: FALSE | P19: 1 | Q19: 3 | R19: 4 | S19: Zorro | T19: MDP-8111 | V19: BC088 | W19: Phaseolus vulgaris | X19: 0 | Y19: 0 | Z19: 26 | AB19: 18.3 | AF19: 1553 | AG19: 2035.9451 | AH19: 2226.6589 | AI19: 0.96424319 | AJ19: 2111.4436 | AK19: 2035.9451 | AL19: 45498 | AM19: 45532 | AN19: reg | AO19: McGill Farm
A20: 3 | B20: 5 | C20: 24110McGill Farm | D20: 59 | E20: 305 | F20: 205 | G20: 24110 | H20: =G20*10000+F20 -> 241100205 | I20: 35 | J20: 1 | K20: 5 | L20: 35 | M20: 5 | N20: Experiment | O20: FALSE | P20: 3 | Q20: 5 | R20: 4 | S20: Blizzard | V20: navy | W20: TV | X20: 0 | Y20: 0 | Z20: 24 | AB20: 18.4 | AF20: 1772 | AG20: 2320.2054 | AH20: 2513.0323 | AI20: 0.95057302 | AJ20: 2440.8492 | AK20: 2320.2054 | AL20: 45500 | AM20: 45532 | AN20: reg | AO20: McGill Farm
A21: 3 | B21: 6 | C21: 24110McGill Farm | D21: 60 | E21: 306 | F21: 206 | G21: 24110 | H21: =G21*10000+F21 -> 241100206 | I21: 46 | J21: 1 | K21: 6 | L21: 46 | M21: 6 | N21: Experiment | O21: FALSE | P21: 2 | Q21: 4 | R21: 4 | S21: black bear | V21: black | W21: TV | X21: 0 | Y21: 0 | Z21: 25 | AB21: 18.8 | AF21: 1549 | AG21: 2018.2734 | AH21: 3028.3465 | AI21: 0.93642063 | AJ21: 2155.3064 | AK21: 2018.2734 | AL21: 45497 | AM21: 45534 | AN21: reg | AO21: McGill Farm
A22: 3 | B22: 7 | C22: 24111McGill Farm | D22: 41 | E22: 307 | F22: 207 | G22: 24111 | H22: =G22*10000+F22 -> 241110207 | I22: 51 | J22: 1 | K22: 7 | L22: 51 | M22: 7 | N22: Experiment | O22: FALSE | P22: 0 | Q22: 1 | R22: 1 | S22: PVKIPI19 4 | T22: 2019 field trial | W22: white kidney | X22: 0 | Y22: 0 | Z22: 53 | AB22: 17.2 | AF22: 1091 | AG22: 1449.5315 | AH22: 2117.401 | AI22: 0.94065789 | AJ22: 1540.9762 | AK22: 1449.5315 | AL22: 45493 | AM22: 45528 | AN22: reg | AO22: McGill Farm
A23: 4 | B23: 1 | C23: 24111McGill Farm | D23: 48 | E23: 401 | F23: 208 | G23: 24111 | H23: =G23*10000+F23 -> 241110208 | I23: 4 | J23: 1 | K23: 1 | L23: 4 | M23: 1 | N23: Experiment | O23: FALSE | P23: 0 | Q23: 1 | R23: 2 | S23: PVKIPI19 4 | T23: 2019 field trial | W23: white kidney | X23: 0 | Y23: 0 | Z23: 62 | AB23: 17.3 | AF23: 1030 | AG23: 1366.8325 | AH23: 1431.4448 | AI23: 0.9362878 | AJ23: 1459.8422 | AK23: 1366.8325 | AL23: 45490 | AM23: 45528 | AN23: reg | AO23: McGill Farm
A24: 4 | B24: 2 | C24: 24111McGill Farm | D24: 47 | E24: 402 | F24: 209 | G24: 24111 | H24: =G24*10000+F24 -> 241110209 | I24: 13 | J24: 1 | K24: 2 | L24: 13 | M24: 2 | N24: Experiment | O24: FALSE | P24: 2 | Q24: 4 | R24: 2 | S24: Snowdon | T24: 2019 field trial | V24: Snowdon | W24: Control-01 | X24: 0 | Y24: 0 | Z24: 60 | AB24: 17 | AF24: 573 | AG24: 763.14185 | AH24: 774.98078 | AI24: 0.94579019 | AJ24: 806.88282 | AK24: 763.14185 | AL24: 45488 | AM24: 45527 | AN24: reg | AO24: McGill Farm
A25: 4 | B25: 3 | C25: 24111McGill Farm | D25: 46 | E25: 403 | F25: 210 | G25: 24111 | H25: =G25*10000+F25 -> 241110210 | I25: 20 | J25: 1 | K25: 3 | L25: 20 | M25: 3 | N25: Experiment | O25: FALSE | P25: 0 | Q25: 2 | R25: 2 | S25: PVKIPI19 10 | W25: red kidney | X25: 0 | Y25: 0 | Z25: 58 | AB25: 17.5 | AF25: 849 | AG25: 1123.9169 | AH25: 1208.2552 | AI25: 0.91300658 | AJ25: 1231.0063 | AK25: 1123.9169 | AL25: 45492 | AM25: 45526 | AN25: reg | AO25: McGill Farm
A26: 4 | B26: 4 | C26: 24111McGill Farm | D26: 45 | E26: 404 | F26: 211 | G26: 24111 | H26: =G26*10000+F26 -> 241110211 | I26: 29 | J26: 1 | K26: 4 | L26: 29 | M26: 4 | N26: Experiment | O26: FALSE | P26: 3 | Q26: 5 | R26: 1 | S26: Coho | W26: red kidney | X26: 0 | Y26: 0 | Z26: 56 | AB26: 18.2 | AF26: 733 | AG26: 962.12131 | AH26: 1339.4741 | AI26: 0.95190068 | AJ26: 1010.7371 | AK26: 962.12131 | AL26: 45493 | AM26: 45528 | AN26: reg | AO26: McGill Farm
A27: 4 | B27: 5 | C27: 24111McGill Farm | D27: 44 | E27: 405 | F27: 212 | G27: 24111 | H27: =G27*10000+F27 -> 241110212 | I27: 36 | J27: 1 | K27: 5 | L27: 36 | M27: 5 | N27: Experiment | O27: FALSE | P27: 2 | Q27: 4 | R27: 1 | S27: Snowdon | T27: 2019 field trial | V27: Snowdon | W27: Control-01 | X27: 0 | Y27: 0 | Z27: 59 | AB27: 16.5 | AF27: 678 | AG27: 908.42426 | AH27: 1547.158 | AI27: 0.89669873 | AJ27: 1013.0763 | AK27: 957.90043 | AL27: 45488 | AM27: 45526 | AN27: reg | AO27: McGill Farm
A28: 4 | B28: 6 | C28: 24111McGill Farm | D28: 43 | E28: 406 | F28: 213 | G28: 24111 | H28: =G28*10000+F28 -> 241110213 | I28: 45 | J28: 1 | K28: 6 | L28: 45 | M28: 6 | N28: Experiment | O28: FALSE | P28: 1 | Q28: 3 | R28: 1 | S28: Redhawk | W28: dark red kidney | X28: 0 | Y28: 0 | Z28: 54 | AB28: 18 | AF28: 475 | AG28: 625 | AH28: 685.6173 | AI28: 0.82226433 | AJ28: 760.09621 | AK28: 685.95976 | AL28: 45491 | AM28: 45528 | AN28: reg | AO28: McGill Farm
A29: 4 | B29: 7 | C29: 24111McGill Farm | D29: 42 | E29: 407 | F29: 214 | G29: 24111 | H29: =G29*10000+F29 -> 241110214 | I29: 52 | J29: 1 | K29: 7 | L29: 52 | M29: 7 | N29: Experiment | O29: FALSE | P29: 0 | Q29: 2 | R29: 1 | S29: PVKIPI19 10 | W29: red kidney | X29: 0 | Y29: 0 | Z29: 60 | AB29: 17.5 | AF29: 817 | AG29: 1081.5549 | AH29: 1153.568 | AI29: 0.89524862 | AJ29: 1208.1056 | AK29: 1141.333 | AL29: 45490 | AM29: 45527 | AN29: reg | AO29: McGill Farm
A30: 5 | B30: 1 | C30: 24111McGill Farm | D30: 49 | E30: 501 | F30: 301 | G30: 24111 | H30: =G30*10000+F30 -> 241110301 | I30: 5 | J30: 1 | K30: 1 | L30: 5 | M30: 1 | N30: Experiment | O30: FALSE | P30: 3 | Q30: 5 | R30: 2 | S30: Coho | W30: red kidney | X30: 0 | Y30: 0 | Z30: 57 | AB30: 18.2 | AF30: 598 | AG30: 784.92298 | AH30: 824.33345 | AI30: 0.70585526 | AJ30: 1112.0169 | AK30: 920.26914 | AL30: 45488 | AM30: 45528 | AN30: reg | AO30: McGill Farm
A31: 5 | B31: 2 | C31: 24111McGill Farm | D31: 50 | E31: 502 | F31: 302 | G31: 24111 | H31: =G31*10000+F31 -> 241110302 | I31: 12 | J31: 1 | K31: 2 | L31: 12 | M31: 2 | N31: Experiment | O31: FALSE | P31: 1 | Q31: 3 | R31: 2 | S31: Redhawk | W31: dark red kidney | X31: 0 | Y31: 0 | Z31: 57 | AB31: 17.9 | AF31: 702 | AG31: 924.81065 | AH31: 972.9462 | AI31: 0.91195453 | AJ31: 1014.0973 | AK31: 924.81065 | AL31: 45489 | AM31: 45528 | AN31: reg | AO31: McGill Farm
A32: 5 | B32: 3 | C32: 24111McGill Farm | D32: 51 | E32: 503 | F32: 303 | G32: 24111 | H32: =G32*10000+F32 -> 241110303 | I32: 21 | J32: 1 | K32: 3 | L32: 21 | M32: 3 | N32: Experiment | O32: FALSE | P32: 1 | Q32: 3 | R32: 3 | S32: Redhawk | W32: dark red kidney | X32: 0 | Y32: 0 | Z32: 57 | AB32: 17.3 | AF32: 546 | AG32: 724.55392 | AH32: 770.75953 | AI32: 0.92788721 | AJ32: 780.86421 | AK32: 724.55392 | AL32: 45489 | AM32: 45527 | AN32: reg | AO32: McGill Farm
A33: 5 | B33: 4 | C33: 24111McGill Farm | D33: 52 | E33: 504 | F33: 304 | G33: 24111 | H33: =G33*10000+F33 -> 241110304 | I33: 28 | J33: 1 | K33: 4 | L33: 28 | M33: 4 | N33: Experiment | O33: FALSE | P33: 3 | Q33: 5 | R33: 3 | S33: Coho | W33: red kidney | X33: 0 | Y33: 0 | Z33: 61 | AB33: 18.3 | AF33: 718 | AG33: 941.28049 | AH33: 1057.8557 | AI33: 0.75950316 | AJ33: 1239.3372 | AK33: 1069.939 | AL33: 45491 | AM33: 45530 | AN33: reg | AO33: McGill Farm
A34: 5 | B34: 5 | C34: 24111McGill Farm | D34: 53 | E34: 505 | F34: 305 | G34: 24111 | H34: =G34*10000+F34 -> 241110305 | I34: 37 | J34: 1 | K34: 5 | L34: 37 | M34: 5 | N34: Experiment | O34: FALSE | P34: 2 | Q34: 4 | R34: 3 | S34: Snowdon | T34: 2019 field trial | V34: Snowdon | W34: Control-01 | X34: 0 | Y34: 0 | Z34: 61 | AB34: 16.6 | AF34: 792 | AG34: 1059.8973 | AH34: 1102.6243 | AI34: 0.9054928 | AJ34: 1170.5199 | AK34: 1059.8973 | AL34: 45489 | AM34: 45526 | AN34: reg | AO34: McGill Farm
A35: 5 | B35: 6 | C35: 24111McGill Farm | D35: 54 | E35: 506 | F35: 306 | G35: 24111 | H35: =G35*10000+F35 -> 241110306 | I35: 44 | J35: 1 | K35: 6 | L35: 44 | M35: 6 | N35: Experiment | O35: FALSE | P35: 0 | Q35: 1 | R35: 3 | S35: PVKIPI19 4 | T35: 2019 field trial | W35: white kidney | X35: 0 | Y35: 0 | Z35: 57 | AB35: 16.9 | AF35: 862 | AG35: 1149.4255 | AH35: 1182.6331 | AI35: 0.96718399 | AJ35: 1188.4249 | AK35: 1149.4255 | AL35: 45489 | AM35: 45526 | AN35: reg | AO35: McGill Farm
A36: 5 | B36: 7 | C36: 24111McGill Farm | D36: 55 | E36: 507 | F36: 307 | G36: 24111 | H36: =G36*10000+F36 -> 241110307 | I36: 53 | J36: 1 | K36: 7 | L36: 53 | M36: 7 | N36: Experiment | O36: FALSE | P36: 0 | Q36: 2 | R36: 3 | S36: PVKIPI19 10 | W36: red kidney | X36: 0 | Y36: 0 | Z36: 59 | AB36: 17.5 | AF36: 856 | AG36: 1133.1836 | AH36: 1211.8422 | AI36: 0.92017921 | AJ36: 1231.4814 | AK36: 1133.1836 | AL36: 45491 | AM36: 45528 | AN36: reg | AO36: McGill Farm
A37: 6 | B37: 1 | C37: 24112McGill Farm | D37: 34 | E37: 601 | F37: 308 | G37: 24112 | H37: =G37*10000+F37 -> 241120308 | I37: 6 | J37: 1 | K37: 1 | L37: 6 | M37: 1 | N37: Experiment | O37: FALSE | P37: 1 | Q37: 2 | R37: 1 | S37: ETNA | T37: 2019 field trial | W37: cran | X37: 0 | Y37: 0 | Z37: 56 | AB37: 18.6 | AF37: 465 | AG37: 607.36521 | AH37: 638.39476 | AI37: 0.58486184 | AJ37: 1038.4764 | AK37: 766.45824 | AL37: 45490 | AM37: 45523 | AN37: reg | AO37: McGill Farm
A38: 6 | B38: 2 | C38: 24112McGill Farm | D38: 33 | E38: 602 | F38: 309 | G38: 24112 | H38: =G38*10000+F38 -> 241120309 | I38: 11 | J38: 1 | K38: 2 | L38: 11 | M38: 2 | N38: Experiment | O38: FALSE | P38: 0 | Q38: 1 | R38: 1 | S38: PVCRPI19 3 | T38: 2019 field trial | W38: cran | X38: 0 | Y38: 0 | Z38: 48 | AB38: 18 | AF38: 953 | AG38: 1253.9474 | AH38: 1342.8007 | AI38: 0.96692105 | AJ38: 1296.8457 | AK38: 1253.9474 | AL38: 45489 | AM38: 45526 | AN38: reg | AO38: McGill Farm
A39: 6 | B39: 3 | C39: 24111McGill Farm | D39: 60 | E39: 603 | F39: 310 | G39: 24111 | H39: =G39*10000+F39 -> 241110310 | I39: 22 | J39: 1 | K39: 3 | L39: 22 | M39: 3 | N39: Experiment | O39: FALSE | P39: 3 | Q39: 5 | R39: 4 | S39: Coho | W39: red kidney | X39: 0 | Y39: 0 | Z39: 59 | AB39: 18.6 | AF39: 586 | AG39: 765.41078 | AH39: 814.963 | AI39: 0.83383443 | AJ39: 917.94096 | AK39: 834.76542 | AL39: 45491 | AM39: 45536 | AN39: reg | AO39: McGill Farm
A40: 6 | B40: 4 | C40: 24111McGill Farm | D40: 59 | E40: 604 | F40: 311 | G40: 24111 | H40: =G40*10000+F40 -> 241110311 | I40: 27 | J40: 1 | K40: 4 | L40: 27 | M40: 4 | N40: Experiment | O40: FALSE | P40: 2 | Q40: 4 | R40: 4 | S40: Snowdon | T40: 2019 field trial | V40: Snowdon | W40: Control-01 | X40: 0 | Y40: 0 | Z40: 61 | AB40: 16.9 | AF40: 687 | AG40: 916.07349 | AH40: 1127.3695 | AI40: 0.88950731 | AJ40: 1029.8662 | AK40: 969.64271 | AL40: 45488 | AM40: 45525 | AN40: reg | AO40: McGill Farm
A41: 6 | B41: 5 | C41: 24111McGill Farm | D41: 58 | E41: 605 | F41: 312 | G41: 24111 | H41: =G41*10000+F41 -> 241110312 | I41: 38 | J41: 1 | K41: 5 | L41: 38 | M41: 5 | N41: Experiment | O41: FALSE | P41: 0 | Q41: 2 | R41: 4 | S41: PVKIPI19 10 | W41: red kidney | X41: 0 | Y41: 0 | Z41: 55 | AB41: 17.8 | AF41: 689 | AG41: 908.79012 | AH41: 1081.6995 | AI41: 0.9564079 | AJ41: 950.21185 | AK41: 908.79012 | AL41: 45490 | AM41: 45526 | AN41: reg | AO41: McGill Farm
A42: 6 | B42: 6 | C42: 24111McGill Farm | D42: 57 | E42: 606 | F42: 313 | G42: 24111 | H42: =G42*10000+F42 -> 241110313 | I42: 43 | J42: 1 | K42: 6 | L42: 43 | M42: 6 | N42: Experiment | O42: FALSE | P42: 0 | Q42: 1 | R42: 4 | S42: PVKIPI19 4 | T42: 2019 field trial | W42: white kidney | X42: 0 | Y42: 0 | Z42: 57 | AB42: 16.8 | AF42: 726 | AG42: 969.24262 | AH42: 1131.8504 | AI42: 0.97241411 | AJ42: 996.73854 | AK42: 969.24262 | AL42: 45488 | AM42: 45526 | AN42: reg | AO42: McGill Farm
A43: 6 | B43: 7 | C43: 24111McGill Farm | D43: 56 | E43: 607 | F43: 314 | G43: 24111 | H43: =G43*10000+F43 -> 241110314 | I43: 54 | J43: 1 | K43: 7 | L43: 54 | M43: 7 | N43: Experiment | O43: FALSE | P43: 1 | Q43: 3 | R43: 4 | S43: Redhawk | W43: dark red kidney | X43: 0 | Y43: 0 | Z43: 57 | AB43: 17.9 | AF43: 865 | AG43: 1139.5459 | AH43: 2125.8619 | AI43: 0.93287632 | AJ43: 1221.5402 | AK43: 1139.5459 | AL43: 45488 | AM43: 45528 | AN43: reg | AO43: McGill Farm
A44: 7 | B44: 1 | C44: 24112McGill Farm | D44: 35 | E44: 701 | F44: 401 | G44: 24112 | H44: =G44*10000+F44 -> 241120401 | I44: 7 | J44: 1 | K44: 1 | L44: 7 | M44: 1 | N44: Experiment | O44: FALSE | P44: 2 | Q44: 3 | R44: 1 | S44: Krimson | V44: cran | W44: TV | X44: 0 | Y44: 0 | Z44: 45 | AB44: 20 | AF44: 186 | AG44: 238.76765 | AH44: 258.06295 | AI44: 0.8475901 | AJ44: 281.70179 | AK44: 258.46388 | AL44: 45489 | AM44: 45522 | AN44: reg | AO44: McGill Farm
A45: 7 | B45: 2 | C45: 24112McGill Farm | D45: 36 | E45: 702 | F45: 402 | G45: 24112 | H45: =G45*10000+F45 -> 241120402 | I45: 10 | J45: 1 | K45: 2 | L45: 10 | M45: 2 | N45: Experiment | O45: FALSE | P45: 3 | Q45: 4 | R45: 1 | S45: Navabi | W45: Cran | X45: 0 | Y45: 0 | Z45: 47 | AB45: 17.9 | AF45: 897 | AG45: 1181.7025 | AH45: 1390.938 | AI45: 0.97512516 | AJ45: 1211.847 | AK45: 1181.7025 | AL45: 45487 | AM45: 45524 | AN45: reg | AO45: McGill Farm
A46: 7 | B46: 3 | C46: 24112McGill Farm | D46: 37 | E46: 703 | F46: 403 | G46: 24112 | H46: =G46*10000+F46 -> 241120403 | I46: 23 | J46: 1 | K46: 3 | L46: 23 | M46: 3 | N46: Experiment | O46: FALSE | P46: 0 | Q46: 1 | R46: 2 | S46: PVCRPI19 3 | T46: 2019 field trial | W46: cran | X46: 0 | Y46: 0 | Z46: 46 | AB46: 18.1 | AF46: 562 | AG46: 738.57189 | AH46: 783.42863 | AI46: 0.90657237 | AJ46: 814.68608 | AK46: 738.57189 | AL46: 45489 | AM46: 45522 | AN46: reg | AO46: McGill Farm
A47: 7 | B47: 4 | C47: 24112McGill Farm | D47: 38 | E47: 704 | F47: 404 | G47: 24112 | H47: =G47*10000+F47 -> 241120404 | I47: 26 | J47: 1 | K47: 4 | L47: 26 | M47: 4 | N47: Experiment | O47: FALSE | P47: 1 | Q47: 2 | R47: 2 | S47: ETNA | T47: 2019 field trial | W47: cran | X47: 0 | Y47: 0 | Z47: 55 | AB47: 18.4 | AF47: 368 | AG47: 481.84852 | AH47: 538.59286 | AI47: 0.67427861 | AJ47: 714.61339 | AK47: 575.58942 | AL47: 45492 | AM47: 45525 | AN47: reg | AO47: McGill Farm
A48: 7 | B48: 5 | C48: 24112McGill Farm | D48: 39 | E48: 705 | F48: 405 | G48: 24112 | H48: =G48*10000+F48 -> 241120405 | I48: 39 | J48: 1 | K48: 5 | L48: 39 | M48: 5 | N48: Experiment | O48: FALSE | P48: 2 | Q48: 3 | R48: 2 | S48: Krimson | V48: cran | W48: TV | X48: 0 | Y48: 0 | Z48: 45 | AB48: 18.6 | AF48: 273 | AG48: 356.58216 | AH48: 398.84942 | AI48: 0.96326364 | AJ48: 370.18127 | AK48: 356.58216 | AL48: 45489 | AM48: 45523 | AN48: reg | AO48: McGill Farm
A49: 7 | B49: 6 | C49: 24112McGill Farm | D49: 40 | E49: 706 | F49: 406 | G49: 24112 | H49: =G49*10000+F49 -> 241120406 | I49: 42 | J49: 1 | K49: 6 | L49: 42 | M49: 6 | N49: Experiment | O49: FALSE | P49: 3 | Q49: 4 | R49: 2 | S49: Navabi | W49: Cran | X49: 0 | Y49: 0 | Z49: 48 | AB49: 17.5 | AF49: 830 | AG49: 1098.7644 | AH49: 1189.1644 | AI49: 0.96273002 | AJ49: 1141.3007 | AK49: 1098.7644 | AL49: 45488 | AM49: 45525 | AN49: reg | AO49: McGill Farm
A50: 7 | B50: 7 | C50: 24112McGill Farm | D50: 41 | E50: 707 | F50: 407 | G50: 24112 | H50: =G50*10000+F50 -> 241120407 | I50: 55 | J50: 1 | K50: 7 | L50: 55 | M50: 7 | N50: Experiment | O50: FALSE | P50: 3 | Q50: 4 | R50: 3 | S50: Navabi | W50: Cran | X50: 0 | Y50: 0 | Z50: 46 | AB50: 18 | AF50: 804 | AG50: 1057.8947 | AH50: 1133.7767 | AI50: 0.95890104 | AJ50: 1103.2366 | AK50: 1057.8947 | AL50: 45488 | AM50: 45528 | AN50: reg | AO50: McGill Farm
A51: 8 | B51: 1 | C51: 24112McGill Farm | D51: 48 | E51: 801 | F51: 408 | G51: 24112 | H51: =G51*10000+F51 -> 241120408 | I51: 8 | J51: 1 | K51: 1 | L51: 8 | M51: 1 | N51: Experiment | O51: FALSE | P51: 2 | Q51: 3 | R51: 4 | S51: Krimson | V51: cran | W51: TV | X51: 0 | Y51: 0 | Z51: 47 | AB51: 17.7 | AF51: 311 | AG51: 410.70764 | AH51: 456.71507 | AI51: 0.93324342 | AJ51: 440.08629 | AK51: 410.70764 | AL51: 45489 | AM51: 45522 | AN51: reg | AO51: McGill Farm
A52: 8 | B52: 2 | C52: 24112McGill Farm | D52: 47 | E52: 802 | F52: 409 | G52: 24112 | H52: =G52*10000+F52 -> 241120409 | I52: 9 | J52: 1 | K52: 2 | L52: 9 | M52: 2 | N52: Experiment | O52: FALSE | P52: 1 | Q52: 2 | R52: 4 | S52: ETNA | T52: 2019 field trial | W52: cran | X52: 0 | Y52: 0 | Z52: 51 | AB52: 17.9 | AF52: 366 | AG52: 482.16624 | AH52: 514.87092 | AI52: 0.68985946 | AJ52: 698.93401 | AK52: 570.65839 | AL52: 45491 | AM52: 45525 | AN52: reg | AO52: McGill Farm
A53: 8 | B53: 3 | C53: 24112McGill Farm | D53: 46 | E53: 803 | F53: 410 | G53: 24112 | H53: =G53*10000+F53 -> 241120410 | I53: 24 | J53: 1 | K53: 3 | L53: 24 | M53: 3 | N53: Experiment | O53: FALSE | P53: 3 | Q53: 4 | R53: 4 | S53: Navabi | W53: Cran | X53: 0 | Y53: 0 | Z53: 46 | AB53: 18.1 | AF53: 780 | AG53: 1025.0642 | AH53: 1124.2725 | AI53: 0.94347368 | AJ53: 1086.4788 | AK53: 1025.0642 | AL53: 45489 | AM53: 45527 | AN53: reg | AO53: McGill Farm
A54: 8 | B54: 4 | C54: 24112McGill Farm | D54: 45 | E54: 804 | F54: 411 | G54: 24112 | H54: =G54*10000+F54 -> 241120411 | I54: 25 | J54: 1 | K54: 4 | L54: 25 | M54: 4 | N54: Experiment | O54: FALSE | P54: 0 | Q54: 1 | R54: 4 | S54: PVCRPI19 3 | T54: 2019 field trial | W54: cran | X54: 0 | Y54: 0 | Z54: 46 | AB54: 18.5 | AF54: 550 | AG54: 719.2715 | AH54: 758.95696 | AI54: 0.93892763 | AJ54: 766.05638 | AK54: 719.2715 | AL54: 45489 | AM54: 45527 | AN54: reg | AO54: McGill Farm
A55: 8 | B55: 5 | C55: 24112McGill Farm | D55: 44 | E55: 805 | F55: 412 | G55: 24112 | H55: =G55*10000+F55 -> 241120412 | I55: 40 | J55: 1 | K55: 5 | L55: 40 | M55: 5 | N55: Experiment | O55: FALSE | P55: 2 | Q55: 3 | R55: 3 | S55: Krimson | V55: cran | W55: TV | X55: 0 | Y55: 0 | Z55: 50 | AB55: 18 | AF55: 475 | AG55: 625 | AH55: 657.72621 | AI55: 0.54724764 | AJ55: 1142.0789 | AK55: 807.88619 | AL55: 45490 | AM55: 45527 | AN55: reg | AO55: McGill Farm
A56: 8 | B56: 6 | C56: 24112McGill Farm | D56: 43 | E56: 806 | F56: 413 | G56: 24112 | H56: =G56*10000+F56 -> 241120413 | I56: 41 | J56: 1 | K56: 6 | L56: 41 | M56: 6 | N56: Experiment | O56: FALSE | P56: 0 | Q56: 1 | R56: 3 | S56: PVCRPI19 3 | T56: 2019 field trial | W56: cran | X56: 0 | Y56: 0 | Z56: 48 | AB56: 18.1 | AF56: 902 | AG56: 1185.3947 | AH56: 1228.1458 | AI56: 0.92749437 | AJ56: 1278.0614 | AK56: 1185.3947 | AL56: 45488 | AM56: 45527 | AN56: reg | AO56: McGill Farm
A57: 8 | B57: 7 | C57: 24112McGill Farm | D57: 42 | E57: 807 | F57: 414 | G57: 24112 | H57: =G57*10000+F57 -> 241120414 | I57: 56 | J57: 1 | K57: 7 | L57: 56 | M57: 7 | N57: Experiment | O57: FALSE | P57: 1 | Q57: 2 | R57: 3 | S57: ETNA | T57: 2019 field trial | W57: cran | X57: 0 | Y57: 0 | Z57: 53 | AB57: 18.3 | AF57: 466 | AG57: 610.91463 | AH57: 660.79349 | AI57: 0.92457027 | AJ57: 660.75522 | AK57: 610.91463 | AL57: 45489 | AM57: 45526 | AN57: reg | AO57: McGill Farm

Sheet AgronomyYieldData
A1: Experiment Name | B1: BARCODE_128 | C1: Org Name | D1: Locn | E1: Plot | F1: Identity1 | G1: Description1 | H1: Combocode | I1: qGIS plot number | J1: BLOC | K1: SPACING | L1: DENSITY | M1: VARIETY | N1: Treatment | O1: Mason Plot # | P1: Plot Range | Q1: Plot Column | R1: 100 Seed weight | S1: Moisture | T1: Plot Weight | U1: Yield | V1: Flowering Date | W1: Maturity Date | X1: HAsum | Y1: HAmean | Z1: AdjustedYield | AA1: Weighted Adjustment(0.5) | AB1: WeightedYield | AC1: AlgoYield | AD1: WeightedAdjustment(0.35) | AE1: WeightedYield(0.35) | AF1: AlgoYield2 | AG1: Comments | AH1: Check | AI1: Planter
A2: 24101-n | B2: 17A4AB3390 | D2: LODS | E2: 1 | H2: =24101*10000+I2 -> 241011001 | I2: 1001 | J2: 1 | K2: 30" | L2: 100000 | M2: Nautica | N2: 68 | O2: 101 | P2: 1 | Q2: 1 | R2: 39 | S2: 19.8 | T2: 1772 | U2: 2280 | V2: 45497 | W2: 45536 | X2: 131707 | Y2: 0.86650482 | Z2: 2631.2606 | AA2: =1-((0.95-Y2)*0.5) -> 0.95825241 | AB2: =U2/AA2 -> 2379.3313 | AC2: {=_xlfn.IFS(Y2<0.6,U2,0.9<Y2,U2,Y2,AB2)} -> 2379.3313 | AD2: 0.95327669 | AE2: 2562.812 | AF2: 2562.812 | AH2: 0 | AI2: 1
A3: 24101-n | B3: 1EB5B01FFF | D3: LODS | E3: 30 | H3: =24101*10000+I3 -> 241011002 | I3: 1002 | J3: 1 | K3: 30" | L3: 150000 | M3: ETNA | N3: 81 | O3: 102 | P3: 1 | Q3: 2 | R3: 47 | S3: 19.2 | T3: 1967 | U3: 2550 | V3: 45490 | W3: 45524 | X3: 143320 | Y3: 0.94289474 | Z3: 2704.4376 | AA3: =1-((0.95-Y3)*0.5) -> 0.99644737 | AB3: =U3/AA3 -> 2559.0915 | AC3: {=_xlfn.IFS(Y3<0.6,U3,0.9<Y3,U3,Y3,AB3)} -> 2550 | AD3: 0.98001316 | AE3: 2678.4836 | AF3: 2550 | AH3: 0 | AI3: 30
A4: 24101-n | B4: 114965A262 | D4: LODS | E4: 31 | H4: =24101*10000+I4 -> 241011003 | I4: 1003 | J4: 1 | K4: 30" | L4: 75000 | M4: Red Rover | N4: 55 | O4: 103 | P4: 1 | Q4: 3 | V4: 45489 | W4: 45525 | X4: 149940 | Y4: 0.98644088 | AH4: 0 | AI4: 31
A5: 24101-n | B5: 1F294A5502 | D5: LODS | E5: 60 | H5: =24101*10000+I5 -> 241011004 | I5: 1004 | J5: 1 | K5: 22" | L5: 150000 | M5: black bear | N5: 32 | O5: 104 | P5: 1 | Q5: 4 | S5: 1 | V5: 45494 | AH5: 0 | AI5: 60
A6: 24101-n | B6: 128FCE3EF1 | D6: LODS | E6: 61 | H6: =24101*10000+I6 -> 241011005 | I6: 1005 | J6: 1 | K6: 22" | L6: 75000 | M6: Nautica | N6: 8 | O6: 105 | P6: 1 | Q6: 5 | R6: 29 | S6: 17.2 | T6: 482 | U6: 640 | V6: 45495 | W6: 45536 | X6: 112896 | Y6: 0.81769437 | Z6: 861.67234 | AA6: =1-((0.95-Y6)*0.5) -> 0.93384719 | AB6: =U6/AA6 -> 685.33697 | AC6: {=_xlfn.IFS(Y6<0.6,U6,0.9<Y6,U6,Y6,AB6)} -> 685.33697 | AD6: 0.93619303 | AE6: 784.53358 | AF6: 784.53358 | AH6: 0 | AI6: 61
A7: 24101-n | B7: 1BBE7A47FB | D7: LODS | E7: 90 | H7: =24101*10000+I7 -> 241011006 | I7: 1006 | J7: 1 | K7: 22" | L7: 100000 | M7: Cayenne | N7: 18 | O7: 106 | P7: 1 | Q7: 6 | R7: 45 | S7: 20.3 | T7: 2006 | U7: 2565 | V7: 45495 | X7: 117763 | Y7: 0.90204808 | Z7: 3310.7391 | AA7: =1-((0.95-Y7)*0.5) -> 0.97602404 | AB7: =U7/AA7 -> 2628.009 | AC7: {=_xlfn.IFS(Y7<0.6,U7,0.9<Y7,U7,Y7,AB7)} -> 2565 | AD7: 0.96571683 | AE7: 2993.1606 | AF7: 2565 | AH7: 0 | AI7: 90
A8: 24101-n | B8: 151746B5A8 | D8: LODS | E8: 91 | H8: =24101*10000+I8 -> 241011007 | I8: 1007 | J8: 2 | K8: 22" | L8: 75000 | M8: Red Rover | N8: 10 | O8: 107 | P8: 1 | Q8: 7 | R8: 62 | S8: 20 | T8: 659 | U8: 846 | V8: 45490 | W8: 45526 | X8: 100665 | Y8: 0.76854334 | Z8: 1277.4251 | AA8: =1-((0.95-Y8)*0.5) -> 0.90927167 | AB8: =U8/AA8 -> 930.415 | AC8: {=_xlfn.IFS(Y8<0.6,U8,0.9<Y8,U8,Y8,AB8)} -> 930.415 | AD8: 0.91899017 | AE8: 1107.6129 | AF8: 1107.6129 | AH8: 0 | AI8: 91
A9: 24101-n | B9: 139FAB529C | D9: LODS | E9: 120 | H9: =24101*10000+I9 -> 241011008 | I9: 1008 | J9: 2 | K9: 22" | L9: 150000 | M9: Nautica | N9: 38 | O9: 108 | P9: 1 | Q9: 8 | R9: 26 | S9: 17.6 | T9: 1773 | U9: 2344 | V9: 45496 | W9: 45536 | X9: 118323 | Y9: 0.92685103 | Z9: 3011.1276 | AA9: =1-((0.95-Y9)*0.5) -> 0.98842551 | AB9: =U9/AA9 -> 2371.4483 | AC9: {=_xlfn.IFS(Y9<0.6,U9,0.9<Y9,U9,Y9,AB9)} -> 2344 | AD9: 0.97439786 | AE9: 2705.27 | AF9: 2344 | AH9: 0 | AI9: 120
A10: 24101-n | B10: 109D664FB0 | D10: LODS | E10: 121 | H10: =24101*10000+I10 -> 241011009 | I10: 1009 | J10: 2 | K10: 22" | L10: 100000 | M10: black bear | N10: 17 | O10: 109 | P10: 1 | Q10: 9 | R10: 26 | S10: 21.4 | T10: 1941 | U10: 2448 | V10: 45496 | W10: 45536 | X10: 126236 | Y10: 0.89830508 | Z10: 2947.6413 | AA10: =1-((0.95-Y10)*0.5) -> 0.97415254 | AB10: =U10/AA10 -> 2512.9535 | AC10: {=_xlfn.IFS(Y10<0.6,U10,0.9<Y10,U10,Y10,AB10)} -> 2512.9535 | AD10: 0.96440678 | AE10: 2773.4013 | AF10: 2773.4013 | AH10: 0 | AI10: 121
A11: 24101-n | B11: 1CDBA3A339 | D11: LODS | E11: 150 | H11: =24101*10000+I11 -> 241011010 | I11: 1010 | J11: 2 | K11: 30" | L11: 100000 | M11: black bear | N11: 62 | O11: 110 | P11: 1 | Q11: 10 | R11: 26 | S11: 19.4 | T11: 2252 | U11: 2913 | V11: 45495 | W11: 45535 | X11: 150764 | Y11: 0.99186842 | Z11: 2936.8815 | AA11: =1-((0.95-Y11)*0.5) -> 1.0209342 | AB11: =U11/AA11 -> 2853.2691 | AC11: {=_xlfn.IFS(Y11<0.6,U11,0.9<Y11,U11,Y11,AB11)} -> 2913 | AD11: 0.99715395 | AE11: 2933.2402 | AF11: 2913 | AH11: 0 | AI11: 150
A12: 24101-n | B12: 10E594A03A | D12: LODS | E12: 151 | H12: =24101*10000+I12 -> 241011011 | I12: 1011 | J12: 2 | K12: 30" | L12: 75000 | M12: Redhawk | N12: 56 | O12: 111 | P12: 1 | Q12: 11 | R12: 47 | S12: 19.8 | T12: 307 | U12: 395 | V12: 45489 | W12: 45524 | X12: 136601 | Y12: 0.89868488 | Z12: 439.53115 | AA12: =1-((0.95-Y12)*0.5) -> 0.97434244 | AB12: =U12/AA12 -> 405.40162 | AC12: {=_xlfn.IFS(Y12<0.6,U12,0.9<Y12,U12,Y12,AB12)} -> 405.40162 | AD12: 0.96453971 | AE12: 431.37412 | AF12: 431.37412 | AH12: 0 | AI12: 151
A13: 24101-n | B13: 1B388374BB | D13: LODS | E13: 180 | H13: =24101*10000+I13 -> 241011012 | I13: 1012 | J13: 2 | K13: 30" | L13: 150000 | M13: Ronnies red | N13: 87 | O13: 112 | P13: 1 | Q13: 12 | R13: 74 | S13: 24.2 | T13: 889 | U13: 1081 | V13: 45492 | X13: 151415 | Y13: 0.99617098 | Z13: 1085.1551 | AA13: =1-((0.95-Y13)*0.5) -> 1.0230855 | AB13: =U13/AA13 -> 1056.6077 | AC13: {=_xlfn.IFS(Y13<0.6,U13,0.9<Y13,U13,Y13,AB13)} -> 1081 | AD13: 0.99865984 | AE13: 1084.527 | AF13: 1081 | AH13: 0 | AI13: 180
A14: 24101-n | B14: 18663BCBFE | D14: LODS | E14: 181 | H14: =24101*10000+I14 -> 241011013 | I14: 1013 | J14: 3 | K14: 22" | L14: 150000 | M14: Red Rover | N14: 40 | O14: 113 | P14: 1 | Q14: 13 | R14: 60 | S14: 20.2 | T14: 454 | U14: 581 | V14: 45490 | W14: 45525 | X14: 126862 | Y14: 0.98479428 | Z14: 696.13108 | AA14: =1-((0.95-Y14)*0.5) -> 1.0173971 | AB14: =U14/AA14 -> 571.0651 | AC14: {=_xlfn.IFS(Y14<0.6,U14,0.9<Y14,U14,Y14,AB14)} -> 581 | AD14: 0.994678 | AE14: 636.76498 | AF14: 581 | AH14: 0 | AI14: 181
A15: 24101-n | B15: 1A1BE75B42 | D15: LODS | E15: 210 | H15: =24101*10000+I15 -> 241011014 | I15: 1014 | J15: 3 | K15: 22" | L15: 75000 | M15: Nautica | N15: 8 | O15: 114 | P15: 1 | Q15: 14 | R15: 26 | S15: 17.2 | T15: 1454 | U15: 1932 | V15: 45495 | W15: 45534 | X15: 123784 | Y15: 0.95438283 | Z15: 2372.4218 | AA15: =1-((0.95-Y15)*0.5) -> 1.0021914 | AB15: =U15/AA15 -> 1927.7754 | AC15: {=_xlfn.IFS(Y15<0.6,U15,0.9<Y15,U15,Y15,AB15)} -> 1932 | AD15: 0.98403399 | AE15: 2164.2334 | AF15: 1932 | AH15: 0 | AI15: 210
A16: 24101-n | B16: 164D3540D0 | D16: LODS | E16: 211 | H16: =24101*10000+I16 -> 241011015 | I16: 1015 | J16: 3 | K16: 22" | L16: 100000 | M16: CLERK | N16: 19 | O16: 115 | P16: 1 | Q16: 15 | R16: 68 | S16: 20.6 | T16: 626 | U16: 798 | V16: 45496 | X16: 125646 | Y16: 0.96256685 | Z16: 965.37892 | AA16: =1-((0.95-Y16)*0.5) -> 1.0062834 | AB16: =U16/AA16 -> 793.01714 | AC16: {=_xlfn.IFS(Y16<0.6,U16,0.9<Y16,U16,Y16,AB16)} -> 798 | AD16: 0.9868984 | AE16: 885.34515 | AF16: 798 | AH16: 0 | AI16: 211
A17: 24101-n | B17: 1AFDF9FCFC | D17: LODS | E17: 240 | H17: =24101*10000+I17 -> 241011016 | I17: 1016 | J17: 3 | K17: 30" | L17: 100000 | M17: black bear | N17: 62 | O17: 116 | P17: 1 | Q17: 16 | R17: 59 | S17: 17.5 | T17: 1837 | U17: 2432 | V17: 45496 | W17: 45534 | X17: 149894 | Y17: 0.98615771 | Z17: 2466.137 | AA17: =1-((0.95-Y17)*0.5) -> 1.0180789 | AB17: =U17/AA17 -> 2388.813 | AC17: {=_xlfn.IFS(Y17<0.6,U17,0.9<Y17,U17,Y17,AB17)} -> 2432 | AD17: 0.9951552 | AE17: 2460.872 | AF17: 2432 | AH17: 0 | AI17: 240
A18: 24101-n | B18: 1EFFB4BBF3 | D18: LODS | E18: 241 | H18: =24101*10000+I18 -> 241011017 | I18: 1017 | J18: 3 | K18: 30" | L18: 150000 | M18: Apex | N18: 76 | O18: 117 | P18: 1 | Q18: 17 | R18: 29 | S18: 17.8 | T18: 2002 | U18: 2641 | V18: 45491 | W18: 45536 | X18: 139791 | Y18: 0.91967763 | Z18: 2871.6584 | AA18: =1-((0.95-Y18)*0.5) -> 0.98483882 | AB18: =U18/AA18 -> 2681.6571 | AC18: {=_xlfn.IFS(Y18<0.6,U18,0.9<Y18,U18,Y18,AB18)} -> 2641 | AD18: 0.97188717 | AE18: 2831.0937 | AF18: 2641 | AH18: 0 | AI18: 241
A19: 24101-n | B19: 1AEA6AB175 | D19: LODS | E19: 270 | H19: =24101*10000+I19 -> 241011018 | I19: 1018 | J19: 3 | K19: 30" | L19: 75000 | M19: Eclipse | N19: 50 | O19: 118 | P19: 1 | Q19: 18 | R19: 28 | S19: 16.5 | T19: 1392 | U19: 1865 | V19: 45498 | W19: 45525 | X19: 142536 | Y19: 0.93773067 | Z19: 1988.844 | AA19: =1-((0.95-Y19)*0.5) -> 0.99386534 | AB19: =U19/AA19 -> 1876.5118 | AC19: {=_xlfn.IFS(Y19<0.6,U19,0.9<Y19,U19,Y19,AB19)} -> 1865 | AD19: 0.97820574 | AE19: 1967.8193 | AF19: 1865 | AH19: 0 | AI19: 270
A20: 24101-n | B20: 1629533B8A | D20: LODS | E20: 271 | H20: =24101*10000+I20 -> 241011019 | I20: 1019 | J20: 4 | K20: 22" | L20: 75000 | M20: Ronnies red | N20: 12 | O20: 119 | P20: 1 | Q20: 19 | R20: 76 | S20: 18 | T20: 201 | U20: 264 | V20: 45492 | X20: 118264 | Y20: 0.88502674 | Z20: 339.3109 | AA20: =1-((0.95-Y20)*0.5) -> 0.96751337 | AB20: =U20/AA20 -> 272.86445 | AC20: {=_xlfn.IFS(Y20<0.6,U20,0.9<Y20,U20,Y20,AB20)} -> 272.86445 | AD20: 0.95975936 | AE20: 309.40563 | AF20: 309.40563 | AH20: 0 | AI20: 271
A21: 24101-n | B21: 179D7709CE | D21: LODS | E21: 300 | H21: =24101*10000+I21 -> 241011020 | I21: 1020 | J21: 4 | K21: 22" | L21: 100000 | M21: T9905 | N21: 28 | O21: 120 | P21: 1 | Q21: 20 | R21: 27 | S21: 18.4 | T21: 1182 | U21: 1548 | V21: 45495 | W21: 45534 | X21: 119975 | Y21: 0.92424242 | Z21: 1961.1828 | AA21: =1-((0.95-Y21)*0.5) -> 0.98712121 | AB21: =U21/AA21 -> 1568.1965 | AC21: {=_xlfn.IFS(Y21<0.6,U21,0.9<Y21,U21,Y21,AB21)} -> 1548 | AD21: 0.97348485 | AE21: 1777.3945 | AF21: 1548 | AH21: 0 | AI21: 300
A22: 24101-n | B22: 19CD413B6F | D22: LODS | E22: 301 | H22: =24101*10000+I22 -> 241011021 | I22: 1021 | J22: 4 | K22: 22" | L22: 150000 | M22: Nautica | N22: 38 | O22: 121 | P22: 1 | Q22: 21 | R22: 26 | S22: 18 | T22: 949 | U22: 1249 | V22: 45495 | W22: 45530 | X22: 119654 | Y22: 0.92844365 | Z22: 1586.6519 | AA22: =1-((0.95-Y22)*0.5) -> 0.98922182 | AB22: =U22/AA22 -> 1262.6086 | AC22: {=_xlfn.IFS(Y22<0.6,U22,0.9<Y22,U22,Y22,AB22)} -> 1249 | AD22: 0.97495528 | AE22: 1433.628 | AF22: 1249 | AH22: 0 | AI22: 301
A23: 24101-n | B23: 1.08E+65 | D23: LODS | E23: 330 | H23: =24101*10000+I23 -> 241011022 | I23: 1022 | J23: 4 | K23: 30" | L23: 150000 | M23: black bear | N23: 77 | O23: 122 | P23: 1 | Q23: 22 | V23: 45494 | W23: 45532 | X23: 151128 | Y23: 0.99426316 | AH23: 0 | AI23: 330
A24: 24101-n | B24: 18D12A1076 | D24: LODS | E24: 331 | H24: =24101*10000+I24 -> 241011023 | I24: 1023 | J24: 4 | K24: 30" | L24: 100000 | M24: Redhawk | N24: 71 | O24: 123 | P24: 1 | Q24: 23 | R24: 51 | S24: 20 | T24: 69 | U24: 89 | V24: 45490 | W24: 45525 | X24: 100546 | Y24: 0.66148684 | Z24: 134.54538 | AA24: =1-((0.95-Y24)*0.5) -> 0.85574342 | AB24: =U24/AA24 -> 104.00314 | AC24: {=_xlfn.IFS(Y24<0.6,U24,0.9<Y24,U24,Y24,AB24)} -> 104.00314 | AD24: 0.8815204 | AE24: 121.53202 | AF24: 121.53202 | AH24: 0 | AI24: 331
A25: 24101-n | B25: 1EB3699B63 | D25: LODS | E25: 360 | H25: =24101*10000+I25 -> 241011024 | I25: 1024 | J25: 4 | K25: 30" | L25: 75000 | M25: Ronnies red | N25: 57 | O25: 124 | P25: 1 | Q25: 24 | V25: 45499 | X25: 129602 | Y25: 0.86343196 | AH25: 0 | AI25: 360
A26: 24101-n | B26: 17DD20C9A0 | D26: LODS | E26: 2 | H26: =24101*10000+I26 -> 241012001 | I26: 2001 | J26: 1 | K26: 30" | L26: 100000 | M26: CLERK | N26: 64 | O26: 201 | P26: 2 | Q26: 1 | R26: 67 | S26: 23.8 | T26: 635 | U26: 776 | V26: 45496 | W26: 45536 | X26: 151510 | Y26: 0.99678287 | Z26: 778.50455 | AA26: =1-((0.95-Y26)*0.5) -> 1.0233914 | AB26: =U26/AA26 -> 758.26314 | AC26: {=_xlfn.IFS(Y26<0.6,U26,0.9<Y26,U26,Y26,AB26)} -> 776 | AD26: 0.99887401 | AE26: 778.12642 | AF26: 776 | AH26: 0 | AI26: 2
A27: 24101-n | B27: 167E0CFA3F | D27: LODS | E27: 29 | H27: =24101*10000+I27 -> 241012002 | I27: 2002 | J27: 1 | K27: 30" | L27: 150000 | M27: Cayenne | N27: 78 | O27: 202 | P27: 2 | Q27: 2 | V27: 45493 | W27: 45534 | X27: 149240 | Y27: 0.98184211 | AH27: 0 | AI27: 29
A28: 24101-n | B28: 13EFA08461 | D28: LODS | E28: 32 | H28: =24101*10000+I28 -> 241012003 | I28: 2003 | J28: 1 | K28: 30" | L28: 75000 | M28: T9905 | N28: 58 | O28: 203 | P28: 2 | Q28: 3 | R28: 38 | S28: 21 | T28: 1637 | U28: 2075 | V28: 45497 | W28: 45534 | X28: 147503 | Y28: 0.97040809 | Z28: 2138.2757 | AA28: =1-((0.95-Y28)*0.5) -> 1.010204 | AB28: =U28/AA28 -> 2054.0405 | AC28: {=_xlfn.IFS(Y28<0.6,U28,0.9<Y28,U28,Y28,AB28)} -> 2075 | AD28: 0.98964283 | AE28: 2128.2049 | AF28: 2075 | AH28: 0 | AI28: 32
A29: 24101-n | B29: 184AA18C55 | D29: LODS | E29: 59 | H29: =24101*10000+I29 -> 241012004 | I29: 2004 | J29: 1 | K29: 22" | L29: 150000 | M29: ETNA | N29: 36 | O29: 204 | P29: 2 | Q29: 4 | R29: 47 | S29: 19.3 | T29: 190 | U29: 246 | V29: 45490 | W29: 45526 | X29: 86819 | Y29: 0.55921639 | Z29: 430.68913 | AA29: =1-((0.95-Y29)*0.5) -> 0.80460819 | AB29: =U29/AA29 -> 305.73887 | AC29: {=_xlfn.IFS(Y29<0.6,U29,0.9<Y29,U29,Y29,AB29)} -> 246 | AD29: 0.84572574 | AE29: 370.26296 | AF29: 246 | AH29: 0 | AI29: 59
A30: 24101-n | B30: 108817FC5A | D30: LODS | E30: 62 | H30: =24101*10000+I30 -> 241012005 | I30: 2005 | J30: 1 | K30: 22" | L30: 75000 | M30: Merlot | N30: 7 | O30: 205 | P30: 2 | Q30: 5 | R30: 40 | S30: 20.6 | T30: 929 | U30: 1184 | V30: 45496 | W30: 45536 | X30: 100329 | Y30: 0.68722073 | Z30: 1793.7667 | AA30: =1-((0.95-Y30)*0.5) -> 0.86861037 | AB30: =U30/AA30 -> 1363.0968 | AC30: {=_xlfn.IFS(Y30<0.6,U30,0.9<Y30,U30,Y30,AB30)} -> 1363.0968 | AD30: 0.89052726 | AE30: 1601.8054 | AF30: 1601.8054 | AH30: 0 | AI30: 62
A31: 24101-n | B31: 17F17445E8 | D31: LODS | E31: 89 | H31: =24101*10000+I31 -> 241012006 | I31: 2006 | J31: 1 | K31: 22" | L31: 100000 | M31: Windbreaker | N31: 29 | O31: 206 | P31: 2 | Q31: 6 | R31: 47 | S31: 21 | T31: 1359 | U31: 1723 | V31: 45494 | W31: 45528 | X31: 125734 | Y31: 0.94206774 | Z31: 2082.937 | AA31: =1-((0.95-Y31)*0.5) -> 0.99603387 | AB31: =U31/AA31 -> 1729.8609 | AC31: {=_xlfn.IFS(Y31<0.6,U31,0.9<Y31,U31,Y31,AB31)} -> 1723 | AD31: 0.97972371 | AE31: 1924.9799 | AF31: 1723 | AH31: 0 | AI31: 89
A32: 24101-n | B32: 1584ADAD28 | D32: LODS | E32: 92 | H32: =24101*10000+I32 -> 241012007 | I32: 2007 | J32: 2 | K32: 22" | L32: 75000 | M32: Zorro | N32: 15 | O32: 207 | P32: 2 | Q32: 7 | R32: 26 | S32: 20.5 | T32: 1573 | U32: 2007 | V32: 45498 | W32: 45535 | X32: 101188 | Y32: 0.74060823 | Z32: 3014.8437 | AA32: =1-((0.95-Y32)*0.5) -> 0.89530411 | AB32: =U32/AA32 -> 2241.6964 | AC32: {=_xlfn.IFS(Y32<0.6,U32,0.9<Y32,U32,Y32,AB32)} -> 2241.6964 | AD32: 0.90921288 | AE32: 2650.4121 | AF32: 2650.4121 | AH32: 0 | AI32: 92
A33: 24101-n | B33: 14967C7782 | D33: LODS | E33: 119 | H33: =24101*10000+I33 -> 241012008 | I33: 2008 | J33: 2 | K33: 22" | L33: 150000 | M33: Merlot | N33: 37 | O33: 208 | P33: 2 | Q33: 8 | R33: 45 | S33: 18.6 | T33: 1280 | U33: 1672 | V33: 45497 | W33: 45534 | X33: 98089 | Y33: 0.69079535 | Z33: 2590.9702 | AA33: =1-((0.95-Y33)*0.5) -> 0.87039768 | AB33: =U33/AA33 -> 1920.961 | AC33: {=_xlfn.IFS(Y33<0.6,U33,0.9<Y33,U33,Y33,AB33)} -> 1920.961 | AD33: 0.89177837 | AE33: 2279.0794 | AF33: 2279.0794 | AH33: 0 | AI33: 119
A34: 24101-n | B34: 1BBE1B7C42 | D34: LODS | E34: 122 | H34: =24101*10000+I34 -> 241012009 | I34: 2009 | J34: 2 | K34: 22" | L34: 100000 | M34: Merlot | N34: 22 | O34: 209 | P34: 2 | Q34: 9 | R34: 61 | S34: 18.6 | T34: 1334 | U34: 1742 | V34: 45494 | W34: 45534 | X34: 121060 | Y34: 0.88057041 | Z34: 2187.1698 | AA34: =1-((0.95-Y34)*0.5) -> 0.96528521 | AB34: =U34/AA34 -> 1804.648 | AC34: {=_xlfn.IFS(Y34<0.6,U34,0.9<Y34,U34,Y34,AB34)} -> 1804.648 | AD34: 0.95819964 | AE34: 2023.9689 | AF34: 2023.9689 | AH34: 0 | AI34: 122
A35: 24101-n | B35: 1005824E2F | D35: LODS | E35: 149 | H35: =24101*10000+I35 -> 241012010 | I35: 2010 | J35: 2 | K35: 30" | L35: 100000 | M35: Red Rover | N35: 70 | O35: 210 | P35: 2 | Q35: 10 | R35: 55 | S35: 20.3 | T35: 674 | U35: 862 | V35: 45491 | W35: 45525 | X35: 151953 | Y35: 0.99967764 | Z35: 862.27797 | AA35: =1-((0.95-Y35)*0.5) -> 1.0248388 | AB35: =U35/AA35 -> 841.10787 | AC35: {=_xlfn.IFS(Y35<0.6,U35,0.9<Y35,U35,Y35,AB35)} -> 862 | AD35: 0.99988717 | AE35: 862.23625 | AF35: 862 | AH35: 0 | AI35: 149
A36: 24101-n | B36: 1C72DABC5F | D36: LODS | E36: 152 | H36: =24101*10000+I36 -> 241012011 | I36: 2011 | J36: 2 | K36: 30" | L36: 75000 | M36: ETNA | N36: 51 | O36: 211 | P36: 2 | Q36: 11 | R36: 63 | S36: 21.5 | T36: 537 | U36: 676 | V36: 45489 | W36: 45525 | X36: 143412 | Y36: 0.9435 | Z36: 716.48119 | AA36: =1-((0.95-Y36)*0.5) -> 0.99675 | AB36: =U36/AA36 -> 678.20416 | AC36: {=_xlfn.IFS(Y36<0.6,U36,0.9<Y36,U36,Y36,AB36)} -> 676 | AD36: 0.980225 | AE36: 709.68622 | AF36: 676 | AH36: 0 | AI36: 152
A37: 24101-n | B37: 158627AD2E | D37: LODS | E37: 179 | H37: =24101*10000+I37 -> 241012012 | I37: 2012 | J37: 2 | K37: 30" | L37: 150000 | M37: Eclipse | N37: 80 | O37: 212 | P37: 2 | Q37: 12 | R37: 43 | S37: 17.2 | T37: 1946 | U37: 2586 | V37: 45493 | W37: 45530 | X37: 151987 | Y37: 0.99991447 | Z37: 2586.2212 | AA37: =1-((0.95-Y37)*0.5) -> 1.0249572 | AB37: =U37/AA37 -> 2523.0321 | AC37: {=_xlfn.IFS(Y37<0.6,U37,0.9<Y37,U37,Y37,AB37)} -> 2586 | AD37: 0.99997007 | AE37: 2586.188 | AF37: 2586 | AH37: 0 | AI37: 179
A38: 24101-n | B38: 108190DD84 | D38: LODS | E38: 182 | H38: =24101*10000+I38 -> 241012013 | I38: 2013 | J38: 3 | K38: 22" | L38: 150000 | M38: Zorro | N38: 45 | O38: 213 | P38: 2 | Q38: 13 | R38: 40 | S38: 19.1 | T38: 1515 | U38: 1967 | V38: 45493 | W38: 45533 | X38: 122395 | Y38: 0.85062612 | Z38: 2442.7474 | AA38: =1-((0.95-Y38)*0.5) -> 0.95031306 | AB38: =U38/AA38 -> 2069.8442 | AC38: {=_xlfn.IFS(Y38<0.6,U38,0.9<Y38,U38,Y38,AB38)} -> 2069.8442 | AD38: 0.94771914 | AE38: 2299.4266 | AF38: 2299.4266 | AH38: 0 | AI38: 182
A39: 24101-n | B39: 174D419533 | D39: LODS | E39: 209 | H39: =24101*10000+I39 -> 241012014 | I39: 2014 | J39: 3 | K39: 22" | L39: 75000 | M39: Ronnies red | N39: 12 | O39: 214 | P39: 2 | Q39: 14 | R39: 76 | S39: 20 | T39: 567 | U39: 728 | V39: 45496 | X39: 122427 | Y39: 0.8375 | Z39: 903.85885 | AA39: =1-((0.95-Y39)*0.5) -> 0.94375 | AB39: =U39/AA39 -> 771.39073 | AC39: {=_xlfn.IFS(Y39<0.6,U39,0.9<Y39,U39,Y39,AB39)} -> 771.39073 | AD39: 0.943125 | AE39: 855.08668 | AF39: 855.08668 | AH39: 0 | AI39: 209
A40: 24101-n | B40: 1BE74AADB7 | D40: LODS | E40: 212 | H40: =24101*10000+I40 -> 241012015 | I40: 2015 | J40: 3 | K40: 22" | L40: 100000 | M40: Nautica | N40: 23 | O40: 215 | P40: 2 | Q40: 15 | R40: 25 | S40: 20.3 | T40: 1627 | U40: 2081 | V40: 45496 | W40: 45534 | X40: 107334 | Y40: 0.78895815 | Z40: 2947.0267 | AA40: =1-((0.95-Y40)*0.5) -> 0.91947907 | AB40: =U40/AA40 -> 2263.238 | AC40: {=_xlfn.IFS(Y40<0.6,U40,0.9<Y40,U40,Y40,AB40)} -> 2263.238 | AD40: 0.92613535 | AE40: 2633.9899 | AF40: 2633.9899 | AH40: 0 | AI40: 212
A41: 24101-n | B41: 1C1CAA7A5F | D41: LODS | E41: 239 | H41: =24101*10000+I41 -> 241012016 | I41: 2016 | J41: 3 | K41: 30" | L41: 100000 | M41: Redhawk | N41: 71 | O41: 216 | P41: 2 | Q41: 16 | R41: 56 | S41: 19.3 | T41: 361 | U41: 467 | V41: 45489 | W41: 45530 | X41: 147100 | Y41: 0.96778226 | Z41: 482.54656 | AA41: =1-((0.95-Y41)*0.5) -> 1.0088911 | AB41: =U41/AA41 -> 462.88443 | AC41: {=_xlfn.IFS(Y41<0.6,U41,0.9<Y41,U41,Y41,AB41)} -> 467 | AD41: 0.98872379 | AE41: 480.05926 | AF41: 467 | AH41: 0 | AI41: 239
A42: 24101-n | B42: 1597C0C6D6 | D42: LODS | E42: 242 | H42: =24101*10000+I42 -> 241012017 | I42: 2017 | J42: 3 | K42: 30" | L42: 150000 | M42: Red Dawn | N42: 84 | O42: 217 | P42: 2 | Q42: 17 | R42: 63 | S42: 20.3 | T42: 364 | U42: 466 | V42: 45489 | W42: 45524 | X42: 151930 | Y42: 0.9995329 | Z42: 466.21777 | AA42: =1-((0.95-Y42)*0.5) -> 1.0247664 | AB42: =U42/AA42 -> 454.73776 | AC42: {=_xlfn.IFS(Y42<0.6,U42,0.9<Y42,U42,Y42,AB42)} -> 466 | AD42: 0.99983651 | AE42: 466.18507 | AF42: 466 | AH42: 0 | AI42: 242
A43: 24101-n | B43: 1CB9FA324A | D43: LODS | E43: 269 | H43: =24101*10000+I43 -> 241012018 | I43: 2018 | J43: 3 | K43: 30" | L43: 75000 | M43: CLERK | N43: 49 | O43: 218 | P43: 2 | Q43: 18 | R43: 71 | S43: 21.9 | T43: 720 | U43: 902 | V43: 45494 | W43: 45537 | X43: 142915 | Y43: 0.94022408 | Z43: 959.34578 | AA43: =1-((0.95-Y43)*0.5) -> 0.99511204 | AB43: =U43/AA43 -> 906.4306 | AC43: {=_xlfn.IFS(Y43<0.6,U43,0.9<Y43,U43,Y43,AB43)} -> 902 | AD43: 0.97907843 | AE43: 949.65785 | AF43: 902 | AH43: 0 | AI43: 269
A44: 24101-n | B44: 1836349E2A | D44: LODS | E44: 272 | H44: =24101*10000+I44 -> 241012019 | I44: 2019 | J44: 4 | K44: 22" | L44: 75000 | M44: CLERK | N44: 4 | O44: 219 | P44: 2 | Q44: 19 | R44: 70 | S44: 20.7 | T44: 639 | U44: 813 | V44: 45493 | X44: 124607 | Y44: 0.89741302 | Z44: 991.73251 | AA44: =1-((0.95-Y44)*0.5) -> 0.97370651 | AB44: =U44/AA44 -> 834.95385 | AC44: {=_xlfn.IFS(Y44<0.6,U44,0.9<Y44,U44,Y44,AB44)} -> 834.95385 | AD44: 0.96409456 | AE44: 926.79273 | AF44: 926.79273 | AH44: 0 | AI44: 272
A45: 24101-n | B45: 1EFD657BCD | D45: LODS | E45: 299 | H45: =24101*10000+I45 -> 241012020 | I45: 2020 | J45: 4 | K45: 22" | L45: 100000 | M45: Merlot | N45: 22 | O45: 220 | P45: 2 | Q45: 20 | R45: 44 | S45: 18.2 | T45: 873 | U45: 1146 | V45: 45497 | W45: 45531 | X45: 119679 | Y45: 0.8477293 | Z45: 1455.4743 | AA45: =1-((0.95-Y45)*0.5) -> 0.94886465 | AB45: =U45/AA45 -> 1207.7592 | AC45: {=_xlfn.IFS(Y45<0.6,U45,0.9<Y45,U45,Y45,AB45)} -> 1207.7592 | AD45: 0.94670525 | AE45: 1354.5181 | AF45: 1354.5181 | AH45: 0 | AI45: 299
A46: 24101-n | B46: 1846B14E28 | D46: LODS | E46: 302 | H46: =24101*10000+I46 -> 241012021 | I46: 2021 | J46: 4 | K46: 22" | L46: 150000 | M46: Ronnies red | N46: 42 | O46: 221 | P46: 2 | Q46: 21 | R46: 69 | S46: 20 | T46: 252 | U46: 323 | V46: 45498 | W46: 45537 | X46: 127166 | Y46: 0.9391771 | Z46: 386.0755 | AA46: =1-((0.95-Y46)*0.5) -> 0.99458855 | AB46: =U46/AA46 -> 324.75741 | AC46: {=_xlfn.IFS(Y46<0.6,U46,0.9<Y46,U46,Y46,AB46)} -> 323 | AD46: 0.97871199 | AE46: 359.38287 | AF46: 323 | AH46: 0 | AI46: 302
A47: 24101-n | B47: 171E125DCE | D47: LODS | E47: 329 | H47: =24101*10000+I47 -> 241012022 | I47: 2022 | J47: 4 | K47: 30" | L47: 150000 | M47: T9905 | N47: 88 | O47: 222 | P47: 2 | Q47: 22 | R47: 28 | S47: 19.2 | T47: 602 | U47: 781 | V47: 45495 | W47: 45534 | X47: 149940 | Y47: 0.98644088 | Z47: 791.73523 | AA47: =1-((0.95-Y47)*0.5) -> 1.0182204 | AB47: =U47/AA47 -> 767.02448 | AC47: {=_xlfn.IFS(Y47<0.6,U47,0.9<Y47,U47,Y47,AB47)} -> 781 | AD47: 0.99525431 | AE47: 790.08046 | AF47: 781 | AH47: 0 | AI47: 329
A48: 24101-n | B48: 1B2DDA698C | D48: LODS | E48: 332 | H48: =24101*10000+I48 -> 241012023 | I48: 2023 | J48: 4 | K48: 30" | L48: 100000 | M48: Ronnies red | N48: 72 | O48: 223 | P48: 2 | Q48: 23 | V48: 45498 | W48: 45535 | X48: 149719 | Y48: 0.98499342 | AA48: =1-((0.95-Y48)*0.5) -> 1.0174967 | AH48: 0 | AI48: 332
A49: 24101-n | B49: 1DE0FDE558 | D49: LODS | E49: 359 | H49: =24101*10000+I49 -> 241012024 | I49: 2024 | J49: 4 | K49: 30" | L49: 75000 | M49: Eclipse | N49: 50 | O49: 224 | P49: 2 | Q49: 24 | R49: 0 | S49: 21.4 | T49: 224 | U49: 283 | V49: 45501 | W49: 45526 | X49: 151780 | Y49: 0.9985592 | Z49: 283.40833 | AA49: =1-((0.95-Y49)*0.5) -> 1.0242796 | AB49: =U49/AA49 -> 276.29175 | AC49: {=_xlfn.IFS(Y49<0.6,U49,0.9<Y49,U49,Y49,AB49)} -> 283 | AD49: 0.99949572 | AE49: 283.34691 | AF49: 283 | AH49: 0 | AI49: 359
A50: 24101-n | B50: 1143BB41EA | D50: LODS | E50: 3 | H50: =24101*10000+I50 -> 241013001 | I50: 3001 | J50: 1 | K50: 30" | L50: 100000 | M50: Windbreaker | N50: 74 | O50: 301 | P50: 3 | Q50: 1 | R50: 42 | S50: 21.2 | T50: 1586 | U50: 2005 | V50: 45494 | W50: 45527 | X50: 151855 | Y50: 0.99903948 | Z50: 2006.9277 | AA50: =1-((0.95-Y50)*0.5) -> 1.0245197 | AB50: =U50/AA50 -> 1957.0145 | AC50: {=_xlfn.IFS(Y50<0.6,U50,0.9<Y50,U50,Y50,AB50)} -> 2005 | AD50: 0.99966382 | AE50: 2006.638 | AF50: 2005 | AH50: 0 | AI50: 3
A51: 24101-n | B51: 1FA7816CE1 | D51: LODS | E51: 28 | H51: =24101*10000+I51 -> 241013002 | I51: 3002 | J51: 1 | K51: 30" | L51: 150000 | M51: Zorro | N51: 90 | O51: 302 | P51: 3 | Q51: 2 | R51: 25 | S51: 19.4 | T51: 2071 | U51: 2678 | V51: 45495 | W51: 45530 | X51: 148840 | Y51: 0.97921053 | Z51: 2734.8562 | AA51: =1-((0.95-Y51)*0.5) -> 1.0146053 | AB51: =U51/AA51 -> 2639.4501 | AC51: {=_xlfn.IFS(Y51<0.6,U51,0.9<Y51,U51,Y51,AB51)} -> 2678 | AD51: 0.99272368 | AE51: 2725.9645 | AF51: 2678 | AH51: 0 | AI51: 28
A52: 24101-n | B52: 15158A5F69 | D52: LODS | E52: 33 | H52: =24101*10000+I52 -> 241013003 | I52: 3003 | J52: 1 | K52: 30" | L52: 75000 | M52: black bear | N52: 47 | O52: 303 | P52: 3 | Q52: 3 | R52: 26 | S52: 21.7 | T52: 1836 | U52: 2307 | V52: 45496 | W52: 45535 | X52: 134790 | Y52: 0.88678215 | Z52: 2601.5409 | AA52: =1-((0.95-Y52)*0.5) -> 0.96839107 | AB52: =U52/AA52 -> 2382.302 | AC52: {=_xlfn.IFS(Y52<0.6,U52,0.9<Y52,U52,Y52,AB52)} -> 2382.302 | AD52: 0.96037375 | AE52: 2546.3351 | AF52: 2546.3351 | AH52: 0 | AI52: 33
A53: 24101-n | B53: 1BEEB999A1 | D53: LODS | E53: 58 | H53: =24101*10000+I53 -> 241013004 | I53: 3004 | J53: 1 | K53: 22" | L53: 150000 | M53: Apex | N53: 31 | O53: 304 | P53: 3 | Q53: 4 | R53: 28 | S53: 20.5 | T53: 1623 | U53: 2070 | V53: 45495 | W53: 45536 | X53: 124963 | Y53: 0.9197861 | Z53: 2517.8819 | AA53: =1-((0.95-Y53)*0.5) -> 0.98489305 | AB53: =U53/AA53 -> 2101.7511 | AC53: {=_xlfn.IFS(Y53<0.6,U53,0.9<Y53,U53,Y53,AB53)} -> 2070 | AD53: 0.97192513 | AE53: 2337.7101 | AF53: 2070 | AH53: 0 | AI53: 58
A54: 24101-n | B54: 1C2A16BA08 | D54: LODS | E54: 63 | H54: =24101*10000+I54 -> 241013005 | I54: 3005 | J54: 1 | K54: 22" | L54: 75000 | M54: Apex | N54: 1 | O54: 305 | P54: 3 | Q54: 5 | R54: 28 | S54: 22.8 | T54: 1518 | U54: 1880 | V54: 45497 | X54: 123989 | Y54: 0.96693476 | Z54: 2304.7206 | AA54: =1-((0.95-Y54)*0.5) -> 1.0084674 | AB54: =U54/AA54 -> 1864.215 | AC54: {=_xlfn.IFS(Y54<0.6,U54,0.9<Y54,U54,Y54,AB54)} -> 1880 | AD54: 0.98842717 | AE54: 2095.0529 | AF54: 1880 | AH54: 0 | AI54: 63
A55: 24101-n | B55: 1F019EB283 | D55: LODS | E55: 88 | H55: =24101*10000+I55 -> 241013006 | I55: 3006 | J55: 1 | K55: 22" | L55: 100000 | M55: Zorro | N55: 30 | O55: 306 | P55: 3 | Q55: 6 | R55: 25 | S55: 20.8 | T55: 1322 | U55: 1680 | V55: 45495 | W55: 45530 | X55: 115942 | Y55: 0.91347012 | Z55: 2202.4516 | AA55: =1-((0.95-Y55)*0.5) -> 0.98173506 | AB55: =U55/AA55 -> 1711.256 | AC55: {=_xlfn.IFS(Y55<0.6,U55,0.9<Y55,U55,Y55,AB55)} -> 1680 | AD55: 0.96971454 | AE55: 1965.6025 | AF55: 1680 | AH55: 0 | AI55: 88
A56: 24101-n | B56: 1275B49A02 | D56: LODS | E56: 93 | H56: =24101*10000+I56 -> 241013007 | I56: 3007 | J56: 2 | K56: 22" | L56: 75000 | M56: ETNA | N56: 6 | O56: 307 | P56: 3 | Q56: 7 | R56: 59 | S56: 18.9 | T56: 678 | U56: 882 | V56: 45492 | W56: 45527 | X56: 109193 | Y56: 0.81071429 | Z56: 1227.771 | AA56: =1-((0.95-Y56)*0.5) -> 0.93035714 | AB56: =U56/AA56 -> 948.02303 | AC56: {=_xlfn.IFS(Y56<0.6,U56,0.9<Y56,U56,Y56,AB56)} -> 948.02303 | AD56: 0.93375 | AE56: 1099.3855 | AF56: 1099.3855 | AH56: 0 | AI56: 93
A57: 24101-n | B57: 1575F9896E | D57: LODS | E57: 118 | H57: =24101*10000+I57 -> 241013008 | I57: 3008 | J57: 2 | K57: 22" | L57: 150000 | M57: Ronnies red | N57: 42 | O57: 308 | P57: 3 | Q57: 8 | R57: 76 | S57: 21.8 | T57: 790 | U57: 991 | V57: 45496 | W57: 45537 | X57: 113688 | Y57: 0.85841496 | Z57: 1324.977 | AA57: =1-((0.95-Y57)*0.5) -> 0.95420748 | AB57: =U57/AA57 -> 1038.5582 | AC57: {=_xlfn.IFS(Y57<0.6,U57,0.9<Y57,U57,Y57,AB57)} -> 1038.5582 | AD57: 0.95044524 | AE57: 1193.028 | AF57: 1193.028 | AH57: 0 | AI57: 118
A58: 24101-n | B58: 19789DB30C | D58: LODS | E58: 123 | H58: =24101*10000+I58 -> 241013009 | I58: 3009 | J58: 2 | K58: 22" | L58: 100000 | M58: CLERK | N58: 19 | O58: 309 | P58: 3 | Q58: 9 | R58: 67 | S58: 20 | T58: 696 | U58: 893 | V58: 45496 | W58: 45537 | X58: 128183 | Y58: 0.97853309 | Z58: 1058.9305 | AA58: =1-((0.95-Y58)*0.5) -> 1.0142665 | AB58: =U58/AA58 -> 880.43917 | AC58: {=_xlfn.IFS(Y58<0.6,U58,0.9<Y58,U58,Y58,AB58)} -> 893 | AD58: 0.99248658 | AE58: 976.24748 | AF58: 893 | AH58: 0 | AI58: 123
A59: 24101-n | B59: 1697EBC230 | D59: LODS | E59: 148 | H59: =24101*10000+I59 -> 241013010 | I59: 3010 | J59: 2 | K59: 30" | L59: 100000 | M59: T9905 | N59: 73 | O59: 310 | P59: 3 | Q59: 10 | R59: 26 | S59: 20.3 | T59: 1889 | U59: 2416 | V59: 45495 | W59: 45534 | X59: 148816 | Y59: 0.97907195 | Z59: 2467.6429 | AA59: =1-((0.95-Y59)*0.5) -> 1.014536 | AB59: =U59/AA59 -> 2381.3843 | AC59: {=_xlfn.IFS(Y59<0.6,U59,0.9<Y59,U59,Y59,AB59)} -> 2416 | AD59: 0.99267518 | AE59: 2459.5643 | AF59: 2416 | AH59: 0 | AI59: 148
A60: 24101-n | B60: 1FCFC7D6A5 | D60: LODS | E60: 153 | H60: =24101*10000+I60 -> 241013011 | I60: 3011 | J60: 2 | K60: 30" | L60: 75000 | M60: Nautica | N60: 53 | O60: 311 | P60: 3 | Q60: 11 | R60: 24 | S60: 19.9 | T60: 1686 | U60: 2167 | V60: 45497 | W60: 45534 | X60: 146210 | Y60: 0.96190157 | Z60: 2252.8293 | AA60: =1-((0.95-Y60)*0.5) -> 1.0059508 | AB60: =U60/AA60 -> 2154.1809 | AC60: {=_xlfn.IFS(Y60<0.6,U60,0.9<Y60,U60,Y60,AB60)} -> 2167 | AD60: 0.98666555 | AE60: 2238.9363 | AF60: 2167 | AH60: 0 | AI60: 153
A61: 24101-n | B61: 1335921DEC | D61: LODS | E61: 178 | H61: =24101*10000+I61 -> 241013012 | I61: 3012 | J61: 2 | K61: 30" | L61: 150000 | M61: Windbreaker | N61: 89 | O61: 312 | P61: 3 | Q61: 12 | R61: 42 | S61: 19.2 | T61: 1618 | U61: 2098 | V61: 45492 | W61: 45526 | X61: 150232 | Y61: 0.98836842 | Z61: 2122.6902 | AA61: =1-((0.95-Y61)*0.5) -> 1.0191842 | AB61: =U61/AA61 -> 2058.5091 | AC61: {=_xlfn.IFS(Y61<0.6,U61,0.9<Y61,U61,Y61,AB61)} -> 2098 | AD61: 0.99592895 | AE61: 2118.8991 | AF61: 2098 | AH61: 0 | AI61: 178
A62: 24101-n | B62: 1C8C2E820A | D62: LODS | E62: 183 | H62: =24101*10000+I62 -> 241013013 | I62: 3013 | J62: 3 | K62: 22" | L62: 150000 | M62: Apex | N62: 31 | O62: 313 | P62: 3 | Q62: 13 | R62: 28 | S62: 20 | T62: 2126 | U62: 2729 | V62: 45494 | W62: 45536 | X62: 125482 | Y62: 0.8956289 | Z62: 3305.7607 | AA62: =1-((0.95-Y62)*0.5) -> 0.97281445 | AB62: =U62/AA62 -> 2805.2626 | AC62: {=_xlfn.IFS(Y62<0.6,U62,0.9<Y62,U62,Y62,AB62)} -> 2805.2626 | AD62: 0.96347012 | AE62: 3103.1777 | AF62: 3103.1777 | AH62: 0 | AI62: 183
A63: 24101-n | B63: 1F4E4C5AF3 | D63: LODS | E63: 208 | H63: =24101*10000+I63 -> 241013014 | I63: 3014 | J63: 3 | K63: 22" | L63: 75000 | M63: Windbreaker | N63: 14 | O63: 314 | P63: 3 | Q63: 14 | R63: 45 | S63: 18.4 | T63: 925 | U63: 1211 | V63: 45493 | W63: 45525 | X63: 115221 | Y63: 0.79982127 | Z63: 1597.535 | AA63: =1-((0.95-Y63)*0.5) -> 0.92491063 | AB63: =U63/AA63 -> 1309.3157 | AC63: {=_xlfn.IFS(Y63<0.6,U63,0.9<Y63,U63,Y63,AB63)} -> 1309.3157 | AD63: 0.92993744 | AE63: 1481.4635 | AF63: 1481.4635 | AH63: 0 | AI63: 208
A64: 24101-n | B64: 1BFEDDC748 | D64: LODS | E64: 213 | H64: =24101*10000+I64 -> 241013015 | I64: 3015 | J64: 3 | K64: 22" | L64: 100000 | M64: Red Rover | N64: 25 | O64: 315 | P64: 3 | Q64: 15 | R64: 62 | S64: 20.9 | T64: 647 | U64: 821 | V64: 45491 | W64: 45528 | X64: 130185 | Y64: 0.95539697 | Z64: 958.57434 | AA64: =1-((0.95-Y64)*0.5) -> 1.0026985 | AB64: =U64/AA64 -> 818.79051 | AC64: {=_xlfn.IFS(Y64<0.6,U64,0.9<Y64,U64,Y64,AB64)} -> 821 | AD64: 0.98438894 | AE64: 898.49588 | AF64: 821 | AH64: 0 | AI64: 213
A65: 24101-n | B65: 15E9CC80F0 | D65: LODS | E65: 238 | H65: =24101*10000+I65 -> 241013016 | I65: 3016 | J65: 3 | K65: 30" | L65: 100000 | M65: Cayenne | N65: 63 | O65: 316 | P65: 3 | Q65: 16 | R65: 56 | S65: 17.9 | T65: 1310 | U65: 1726 | V65: 45499 | W65: 45534 | X65: 142226 | Y65: 0.93569121 | Z65: 1844.6256 | AA65: =1-((0.95-Y65)*0.5) -> 0.99284561 | AB65: =U65/AA65 -> 1738.4375 | AC65: {=_xlfn.IFS(Y65<0.6,U65,0.9<Y65,U65,Y65,AB65)} -> 1726 | AD65: 0.97749193 | AE65: 1824.4062 | AF65: 1726 | AH65: 0 | AI65: 238
A66: 24101-n | B66: 1EF1E40699 | D66: LODS | E66: 243 | H66: =24101*10000+I66 -> 241013017 | I66: 3017 | J66: 3 | K66: 30" | L66: 150000 | M66: Nautica | N66: 83 | O66: 317 | P66: 3 | Q66: 17 | R66: 23 | S66: 15.9 | T66: 766 | U66: 1034 | V66: 45499 | W66: 45535 | X66: 149280 | Y66: 0.98210526 | Z66: 1052.8403 | AA66: =1-((0.95-Y66)*0.5) -> 1.0160526 | AB66: =U66/AA66 -> 1017.6638 | AC66: {=_xlfn.IFS(Y66<0.6,U66,0.9<Y66,U66,Y66,AB66)} -> 1034 | AD66: 0.99373684 | AE66: 1049.9109 | AF66: 1034 | AH66: 0 | AI66: 243
... A70: 24101-n | B70: 165D4DC392 | D70: LODS | E70: 303 | H70: =24101*10000+I70 -> 241013021 | I70: 3021 | J70: 4 | K70: 22" | L70: 150000 | M70: Eclipse | N70: 35 | O70: 321 | P70: 3 | Q70: 21 | R70: 44 | S70: 17.3 | T70: 1162 | U70: 1542 | V70: 45496 | W70: 45527 | X70: 128625 | Y70: 0.9588551 | Z70: 1822.2034 | AA70: =1-((0.95-Y70)*0.5) -> 1.0044275 | AB70: =U70/AA70 -> 1535.2028 | AC70: {=_xlfn.IFS(Y70<0.6,U70,0.9<Y70,U70,Y70,AB70)} -> 1542 | AD70: 0.98559928 | AE70: 1694.8396 | AF70: 1542 | AH70: 0 | AI70: 303
A71: 24101-n | B71: 1ED9D8003A | D71: LODS | E71: 328 | H71: =24101*10000+I71 -> 241013022 | I71: 3022 | J71: 4 | K71: 30" | L71: 150000 | M71: Red Rover | N71: 85 | O71: 322 | P71: 3 | Q71: 22 | V71: 45492 | W71: 45527 | X71: 151518 | Y71: 0.99682239 | AA71: =1-((0.95-Y71)*0.5) -> 1.0234112 | AH71: 0 | AI71: 328
A72: 24101-n | B72: 15B3A956D5 | D72: LODS | E72: 333 | H72: =24101*10000+I72 -> 241013023 | I72: 3023 | J72: 4 | K72: 30" | L72: 100000 | M72: Merlot | N72: 67 | O72: 323 | P72: 3 | Q72: 23 | R72: 44 | S72: 19.9 | T72: 507 | U72: 652 | V72: 45498 | W72: 45532 | X72: 135319 | Y72: 0.89025072 | Z72: 732.37795 | AA72: =1-((0.95-Y72)*0.5) -> 0.97012536 | AB72: =U72/AA72 -> 672.07809 | AC72: {=_xlfn.IFS(Y72<0.6,U72,0.9<Y72,U72,Y72,AB72)} -> 672.07809 | AD72: 0.96158775 | AE72: 717.41302 | AF72: 717.41302 | AH72: 0 | AI72: 333
A73: 24101-n | B73: 1AC1A4B836 | D73: LODS | E73: 358 | H73: =24101*10000+I73 -> 241013024 | I73: 3024 | J73: 4 | K73: 30" | L73: 75000 | M73: Red Rover | N73: 55 | O73: 324 | P73: 3 | Q73: 24 | V73: 45492 | W73: 45523 | X73: 149865 | Y73: 0.98594746 | AA73: =1-((0.95-Y73)*0.5) -> 1.0179737 | AH73: 0 | AI73: 358
A74: 24101-n | B74: 197BBB7845 | D74: LODS | E74: 4 | H74: =24101*10000+I74 -> 241014001 | I74: 4001 | J74: 1 | K74: 30" | L74: 100000 | M74: Zorro | N74: 75 | O74: 401 | P74: 4 | Q74: 1 | R74: 27 | S74: 21.5 | T74: 1519 | U74: 1913 | V74: 45494 | W74: 45528 | X74: 144210 | Y74: 0.94875624 | Z74: 2016.324 | AA74: =1-((0.95-Y74)*0.5) -> 0.99937812 | AB74: =U74/AA74 -> 1914.1904 | AC74: {=_xlfn.IFS(Y74<0.6,U74,0.9<Y74,U74,Y74,AB74)} -> 1913 | AD74: 0.98206468 | AE74: 1999.1591 | AF74: 1913 | AH74: 0 | AI74: 4
A75: 24101-n | B75: 1CFB818B13 | D75: LODS | E75: 27 | H75: =24101*10000+I75 -> 241014002 | I75: 4002 | J75: 1 | K75: 30" | L75: 150000 | M75: Merlot | N75: 82 | O75: 402 | P75: 4 | Q75: 2 | R75: 38 | S75: 19.7 | T75: 1394 | U75: 1796 | V75: 45493 | W75: 45530 | X75: 144312 | Y75: 0.94941481 | Z75: 1891.6916 | AA75: =1-((0.95-Y75)*0.5) -> 0.9997074 | AB75: =U75/AA75 -> 1796.5257 | AC75: {=_xlfn.IFS(Y75<0.6,U75,0.9<Y75,U75,Y75,AB75)} -> 1796 | AD75: 0.98229518 | AE75: 1875.8152 | AF75: 1796 | AH75: 0 | AI75: 27
A76: 24101-n | B76: 1D59F1C964 | D76: LODS | E76: 34 | H76: =24101*10000+I76 -> 241014003 | I76: 4003 | J76: 1 | K76: 30" | L76: 75000 | M76: Zorro | N76: 60 | O76: 403 | P76: 4 | Q76: 3 | R76: 28 | S76: 19.6 | T76: 1320 | U76: 1703 | V76: 45496 | W76: 45530 | X76: 126330 | Y76: 0.83111295 | Z76: 2049.0596 | AA76: =1-((0.95-Y76)*0.5) -> 0.94055648 | AB76: =U76/AA76 -> 1810.6302 | AC76: {=_xlfn.IFS(Y76<0.6,U76,0.9<Y76,U76,Y76,AB76)} -> 1810.6302 | AD76: 0.94088953 | AE76: 1976.9281 | AF76: 1976.9281 | AH76: 0 | AI76: 34
A77: 24101-n | B77: 10DF836229 | D77: LODS | E77: 57 | H77: =24101*10000+I77 -> 241014004 | I77: 4004 | J77: 1 | K77: 22" | L77: 150000 | M77: Merlot | N77: 37 | O77: 404 | P77: 4 | Q77: 4 | R77: 40 | S77: 19.9 | T77: 1582 | U77: 2033 | V77: 45495 | W77: 45534 | X77: 115707 | Y77: 0.81550802 | Z77: 2670.6592 | AA77: =1-((0.95-Y77)*0.5) -> 0.93275401 | AB77: =U77/AA77 -> 2179.5671 | AC77: {=_xlfn.IFS(Y77<0.6,U77,0.9<Y77,U77,Y77,AB77)} -> 2179.5671 | AD77: 0.93542781 | AE77: 2467.9691 | AF77: 2467.9691 | AH77: 0 | AI77: 57
A78: 24101-n | B78: 1B00FCE504 | D78: LODS | E78: 64 | H78: =24101*10000+I78 -> 241014005 | I78: 4005 | J78: 1 | K78: 22" | L78: 75000 | M78: black bear | N78: 2 | O78: 405 | P78: 4 | Q78: 5 | R78: 28 | S78: 23.3 | T78: 1636 | U78: 2013 | V78: 45497 | W78: 45536 | X78: 119853 | Y78: 0.90161002 | Z78: 2552.9609 | AA78: =1-((0.95-Y78)*0.5) -> 0.97580501 | AB78: =U78/AA78 -> 2062.9121 | AC78: {=_xlfn.IFS(Y78<0.6,U78,0.9<Y78,U78,Y78,AB78)} -> 2013 | AD78: 0.96556351 | AE78: 2331.3362 | AF78: 2013 | AH78: 0 | AI78: 64
A79: 24101-n | B79: 1080B6E78B | D79: LODS | E79: 87 | H79: =24101*10000+I79 -> 241014006 | I79: 4006 | J79: 1 | K79: 22" | L79: 100000 | M79: Eclipse | N79: 20 | O79: 406 | P79: 4 | Q79: 6 | R79: 25 | S79: 19.1 | T79: 1911 | U79: 2481 | V79: 45497 | W79: 45532 | X79: 124151 | Y79: 0.98039216 | Z79: 3037.5269 | AA79: =1-((0.95-Y79)*0.5) -> 1.0151961 | AB79: =U79/AA79 -> 2443.8629 | AC79: {=_xlfn.IFS(Y79<0.6,U79,0.9<Y79,U79,Y79,AB79)} -> 2481 | AD79: 0.99313726 | AE79: 2750.0745 | AF79: 2481 | AH79: 0 | AI79: 87
A80: 24101-n | B80: 176A73EB1D | D80: LODS | E80: 94 | H80: =24101*10000+I80 -> 241014007 | I80: 4007 | J80: 2 | K80: 22" | L80: 75000 | M80: Apex | N80: 1 | O80: 407 | P80: 4 | Q80: 7 | R80: 28 | S80: 20.3 | T80: 1673 | U80: 2140 | V80: 45497 | W80: 45537 | X80: 108157 | Y80: 0.76228776 | Z80: 3007.4997 | AA80: =1-((0.95-Y80)*0.5) -> 0.90614388 | AB80: =U80/AA80 -> 2361.6559 | AC80: {=_xlfn.IFS(Y80<0.6,U80,0.9<Y80,U80,Y80,AB80)} -> 2361.6559 | AD80: 0.91680072 | AE80: 2727.5837 | AF80: 2727.5837 | AH80: 0 | AI80: 94
A81: 24101-n | B81: 1BD33F1538 | D81: LODS | E81: 117 | H81: =24101*10000+I81 -> 241014008 | I81: 4008 | J81: 2 | K81: 22" | L81: 150000 | M81: Red Dawn | N81: 39 | O81: 408 | P81: 4 | Q81: 8 | R81: 62 | S81: 21.3 | T81: 587 | U81: 741 | V81: 45490 | W81: 45524 | X81: 115137 | Y81: 0.84252669 | Z81: 978.23044 | AA81: =1-((0.95-Y81)*0.5) -> 0.94626334 | AB81: =U81/AA81 -> 783.08011 | AC81: {=_xlfn.IFS(Y81<0.6,U81,0.9<Y81,U81,Y81,AB81)} -> 783.08011 | AD81: 0.94488434 | AE81: 892.43508 | AF81: 892.43508 | AH81: 0 | AI81: 117
A82: 24101-n | B82: 1A8EC4F4D0 | D82: LODS | E82: 124 | H82: =24101*10000+I82 -> 241014009 | I82: 4009 | J82: 2 | K82: 22" | L82: 100000 | M82: Ronnies red | N82: 27 | O82: 409 | P82: 4 | Q82: 9 | R82: 217 | S82: 20.6 | T82: 775 | U82: 987 | V82: 45494 | W82: 45537 | X82: 124914 | Y82: 0.93482143 | Z82: 1201.0183 | AA82: =1-((0.95-Y82)*0.5) -> 0.99241071 | AB82: =U82/AA82 -> 994.54791 | AC82: {=_xlfn.IFS(Y82<0.6,U82,0.9<Y82,U82,Y82,AB82)} -> 987 | AD82: 0.9771875 | AE82: 1108.8375 | AF82: 987 | AH82: 0 | AI82: 124
A83: 24101-n | B83: 1CA2619B26 | D83: LODS | E83: 147 | H83: =24101*10000+I83 -> 241014010 | I83: 4010 | J83: 2 | K83: 30" | L83: 100000 | M83: Apex | N83: 61 | O83: 410 | P83: 4 | Q83: 10 | R83: 26 | S83: 18.9 | T83: 1952 | U83: 2540 | V83: 45497 | W83: 45535 | X83: 151355 | Y83: 0.99574348 | Z83: 2550.8578 | AA83: =1-((0.95-Y83)*0.5) -> 1.0228717 | AB83: =U83/AA83 -> 2483.2048 | AC83: {=_xlfn.IFS(Y83<0.6,U83,0.9<Y83,U83,Y83,AB83)} -> 2540 | AD83: 0.99851022 | AE83: 2549.2151 | AF83: 2540 | AH83: 0 | AI83: 147
A84: 24101-n | B84: 142716F39E | D84: LODS | E84: 154 | H84: =24101*10000+I84 -> 241014011 | I84: 4011 | J84: 2 | K84: 30" | L84: 75000 | M84: Red Rover | N84: 55 | O84: 411 | P84: 4 | Q84: 11 | R84: 56 | S84: 21 | T84: 680 | U84: 862 | V84: 45492 | W84: 45526 | X84: 150293 | Y84: 0.98877624 | Z84: 871.7847 | AA84: =1-((0.95-Y84)*0.5) -> 1.0193881 | AB84: =U84/AA84 -> 845.6053 | AC84: {=_xlfn.IFS(Y84<0.6,U84,0.9<Y84,U84,Y84,AB84)} -> 862 | AD84: 0.99607168 | AE84: 870.28349 | AF84: 862 | AH84: 0 | AI84: 154
A85: 24101-n | B85: 1C6889CD4C | D85: LODS | E85: 177 | H85: =24101*10000+I85 -> 241014012 | I85: 4012 | J85: 2 | K85: 30" | L85: 150000 | M85: CLERK | N85: 79 | O85: 412 | P85: 4 | Q85: 12 | R85: 68 | S85: 20.8 | T85: 1144 | U85: 1454 | V85: 45495 | W85: 45537 | X85: 151957 | Y85: 0.99972368 | Z85: 1454.4019 | AA85: =1-((0.95-Y85)*0.5) -> 1.0248618 | AB85: =U85/AA85 -> 1418.7278 | AC85: {=_xlfn.IFS(Y85<0.6,U85,0.9<Y85,U85,Y85,AB85)} -> 1454 | AD85: 0.99990329 | AE85: 1454.3416 | AF85: 1454 | AH85: 0 | AI85: 177
... A95: 24101-n | B95: 19E2CC8138 | D95: LODS | E95: 327 | H95: =24101*10000+I95 -> 241014022 | I95: 4022 | J95: 4 | K95: 30" | L95: 150000 | M95: Merlot | N95: 82 | O95: 422 | P95: 4 | Q95: 22 | R95: 44 | S95: 18.3 | T95: 1108 | U95: 1453 | V95: 45493 | W95: 45534 | X95: 128282 | Y95: 0.84395497 | Z95: 1721.6558 | AA95: =1-((0.95-Y95)*0.5) -> 0.94697749 | AB95: =U95/AA95 -> 1534.3554 | AC95: {=_xlfn.IFS(Y95<0.6,U95,0.9<Y95,U95,Y95,AB95)} -> 1534.3554 | AD95: 0.94538424 | AE95: 1667.0051 | AF95: 1667.0051 | AH95: 0 | AI95: 327
A96: 24101-n | B96: 1EF86E95D8 | D96: LODS | E96: 334 | H96: =24101*10000+I96 -> 241014023 | I96: 4023 | J96: 4 | K96: 30" | L96: 100000 | M96: Eclipse | N96: 65 | O96: 423 | P96: 4 | Q96: 23 | V96: 45493 | W96: 45530 | X96: 113124 | Y96: 0.74424174 | AA96: =1-((0.95-Y96)*0.5) -> 0.89712087 | AH96: 0 | AI96: 334
A97: 24101-n | B97: 19A34A75F4 | D97: LODS | E97: 357 | H97: =24101*10000+I97 -> 241014024 | I97: 4024 | J97: 4 | K97: 30" | L97: 75000 | M97: CLERK | N97: 49 | O97: 424 | P97: 4 | Q97: 24 | V97: 45494 | W97: 45534 | X97: 151574 | Y97: 0.99719737 | AA97: =1-((0.95-Y97)*0.5) -> 1.0235987 | AH97: 0 | AI97: 357
A98: 24101-n | B98: 1A09581714 | D98: LODS | E98: 5 | H98: =24101*10000+I98 -> 241015001 | I98: 5001 | J98: 1 | K98: 30" | L98: 100000 | M98: Eclipse | N98: 65 | O98: 501 | P98: 5 | Q98: 1 | R98: 26 | S98: 19.4 | T98: 1534 | U98: 1984 | V98: 45496 | W98: 45530 | X98: 151698 | Y98: 0.99801316 | Z98: 1987.9497 | AA98: =1-((0.95-Y98)*0.5) -> 1.0240066 | AB98: =U98/AA98 -> 1937.4876 | AC98: {=_xlfn.IFS(Y98<0.6,U98,0.9<Y98,U98,Y98,AB98)} -> 1984 | AD98: 0.9993046 | AE98: 1987.3549 | AF98: 1984 | AH98: 0 | AI98: 5
A99: 24101-n | B99: 1BF894EAAD | D99: LODS | E99: 26 | H99: =24101*10000+I99 -> 241015002 | I99: 5002 | J99: 1 | K99: 30" | L99: 150000 | M99: Nautica | N99: 83 | O99: 502 | P99: 5 | Q99: 2 | R99: 48 | S99: 18.9 | T99: 1705 | U99: 2219 | V99: 45495 | W99: 45532 | X99: 149375 | Y99: 0.9827238 | Z99: 2258.0098 | AA99: =1-((0.95-Y99)*0.5) -> 1.0163619 | AB99: =U99/AA99 -> 2183.2774 | AC99: {=_xlfn.IFS(Y99<0.6,U99,0.9<Y99,U99,Y99,AB99)} -> 2219 | AD99: 0.99395333 | AE99: 2251.9518 | AF99: 2219 | AH99: 0 | AI99: 26
A100: 24101-n | B100: 142BD536E6 | D100: LODS | E100: 35 | H100: =24101*10000+I100 -> 241015003 | I100: 5003 | J100: 1 | K100: 30" | L100: 75000 | M100: Ronnies red | N100: 57 | O100: 503 | P100: 5 | Q100: 3 | R100: 70 | S100: 22 | T100: 693 | U100: 867 | V100: 45495 | X100: 144507 | Y100: 0.95069144 | Z100: 911.96782 | AA100: =1-((0.95-Y100)*0.5) -> 1.0003457 | AB100: =U100/AA100 -> 866.70037 | AC100: {=_xlfn.IFS(Y100<0.6,U100,0.9<Y100,U100,Y100,AB100)} -> 867 | AD100: 0.982742 | AE100: 904.52588 | AF100: 867 | AH100: 0 | AI100: 35
A101: 24101-n | B101: 178A7FCC1B | D101: LODS | E101: 56 | H101: =24101*10000+I101 -> 241015004 | I101: 5004 | J101: 1 | K101: 22" | L101: 150000 | M101: Ronnies red | N101: 42 | O101: 504 | P101: 5 | Q101: 4 | R101: 70 | S101: 19.6 | T101: 766 | U101: 988 | V101: 45494 | W101: 45537 | X101: 125912 | Y101: 0.88918677 | Z101: 1192.7139 | AA101: =1-((0.95-Y101)*0.5) -> 0.96959339 | AB101: =U101/AA101 -> 1018.9838 | AC101: {=_xlfn.IFS(Y101<0.6,U101,0.9<Y101,U101,Y101,AB101)} -> 1018.9838 | AD101: 0.96121537 | AE101: 1124.3559 | AF101: 1124.3559 | AH101: 0 | AI101: 56
A102: 24101-n | B102: 12BC26828A | D102: LODS | E102: 65 | H102: =24101*10000+I102 -> 241015005 | I102: 5005 | J102: 1 | K102: 22" | L102: 75000 | M102: ETNA | N102: 6 | O102: 505 | P102: 5 | Q102: 5 | R102: 72 | S102: 18.9 | T102: 740 | U102: 963 | V102: 45490 | W102: 45524 | X102: 118856 | Y102: 0.8783542 | Z102: 1231.5488 | AA102: =1-((0.95-Y102)*0.5) -> 0.9641771 | AB102: =U102/AA102 -> 998.77916 | AC102: {=_xlfn.IFS(Y102<0.6,U102,0.9<Y102,U102,Y102,AB102)} -> 998.77916 | AD102: 0.95742397 | AE102: 1128.9075 | AF102: 1128.9075 | AH102: 0 | AI102: 65
A103: 24101-n | B103: 1C4B0E1D45 | D103: LODS | E103: 86 | H103: =24101*10000+I103 -> 241015006 | I103: 5006 | J103: 1 | K103: 22" | L103: 100000 | M103: Merlot | N103: 22 | O103: 506 | P103: 5 | Q103: 6 | R103: 47 | S103: 20.5 | T103: 955 | U103: 1218 | V103: 45497 | X103: 94032 | Y103: 0.65652952 | Z103: 1968.8617 | AA103: =1-((0.95-Y103)*0.5) -> 0.85326476 | AB103: =U103/AA103 -> 1427.4585 | AC103: {=_xlfn.IFS(Y103<0.6,U103,0.9<Y103,U103,Y103,AB103)} -> 1427.4585 | AD103: 0.87978533 | AE103: 1710.6161 | AF103: 1710.6161 | AH103: 0 | AI103: 86
A104: 24101-n | B104: 1F0AE1958B | D104: LODS | E104: 95 | H104: =24101*10000+I104 -> 241015007 | I104: 5007 | J104: 2 | K104: 22" | L104: 75000 | M104: Red Dawn | N104: 9 | O104: 507 | P104: 5 | Q104: 7 | R104: 65 | S104: 19.9 | T104: 378 | U104: 486 | V104: 45488 | W104: 45522 | X104: 115916 | Y104: 0.78342246 | Z104: 637.28488 | AA104: =1-((0.95-Y104)*0.5) -> 0.91671123 | AB104: =U104/AA104 -> 530.15604 | AC104: {=_xlfn.IFS(Y104<0.6,U104,0.9<Y104,U104,Y104,AB104)} -> 530.15604 | AD104: 0.92419786 | AE104: 596.68484 | AF104: 596.68484 | AH104: 0 | AI104: 95
A105: 24101-n | B105: 1B69F7C04C | D105: LODS | E105: 116 | H105: =24101*10000+I105 -> 241015008 | I105: 5008 | J105: 2 | K105: 22" | L105: 150000 | M105: CLERK | N105: 34 | O105: 508 | P105: 5 | Q105: 8 | R105: 70 | S105: 22.8 | T105: 873 | U105: 1081 | V105: 45498 | X105: 110257 | Y105: 0.85790885 | Z105: 1490.2637 | AA105: =1-((0.95-Y105)*0.5) -> 0.95395442 | AB105: =U105/AA105 -> 1133.1778 | AC105: {=_xlfn.IFS(Y105<0.6,U105,0.9<Y105,U105,Y105,AB105)} -> 1133.1778 | AD105: 0.9502681 | AE105: 1318.6394 | AF105: 1318.6394 | AH105: 0 | AI105: 116
A106: 24101-n | B106: 15EEF1DD70 | D106: LODS | E106: 125 | H106: =24101*10000+I106 -> 241015009 | I106: 5009 | J106: 2 | K106: 22" | L106: 100000 | M106: Redhawk | N106: 26 | O106: 509 | P106: 5 | Q106: 9 | R106: 60 | S106: 20.8 | T106: 672 | U106: 854 | V106: 45492 | W106: 45523 | X106: 130871 | Y106: 0.92576029 | Z106: 991.88402 | AA106: =1-((0.95-Y106)*0.5) -> 0.98788014 | AB106: =U106/AA106 -> 864.47734 | AC106: {=_xlfn.IFS(Y106<0.6,U106,0.9<Y106,U106,Y106,AB106)} -> 854 | AD106: 0.9740161 | AE106: 942.27618 | AF106: 854 | AH106: 0 | AI106: 125
A107: 24101-n | B107: 1938526BD4 | D107: LODS | E107: 146 | H107: =24101*10000+I107 -> 241015010 | I107: 5010 | J107: 2 | K107: 30" | L107: 100000 | M107: Red Dawn | N107: 69 | O107: 510 | P107: 5 | Q107: 10 | R107: 62 | S107: 20.5 | T107: 538 | U107: 686 | V107: 45489 | W107: 45523 | X107: 151811 | Y107: 0.99875001 | Z107: 686.85857 | AA107: =1-((0.95-Y107)*0.5) -> 1.024375 | AB107: =U107/AA107 -> 669.67663 | AC107: {=_xlfn.IFS(Y107<0.6,U107,0.9<Y107,U107,Y107,AB107)} -> 686 | AD107: 0.9995625 | AE107: 686.72946 | AF107: 686 | AH107: 0 | AI107: 146
A108: 24101-n | B108: 152CB970AB | D108: LODS | E108: 155 | H108: =24101*10000+I108 -> 241015011 | I108: 5011 | J108: 2 | K108: 30" | L108: 75000 | M108: black bear | N108: 47 | O108: 511 | P108: 5 | Q108: 11 | R108: 37 | S108: 19.7 | T108: 1726 | U108: 2224 | V108: 45496 | W108: 45536 | X108: 151265 | Y108: 0.99518412 | Z108: 2234.7624 | AA108: =1-((0.95-Y108)*0.5) -> 1.0225921 | AB108: =U108/AA108 -> 2174.8653 | AC108: {=_xlfn.IFS(Y108<0.6,U108,0.9<Y108,U108,Y108,AB108)} -> 2224 | AD108: 0.99831444 | AE108: 2233.1323 | AF108: 2224 | AH108: 0 | AI108: 155
A109: 24101-n | B109: 103F624B8D | D109: LODS | E109: 176 | H109: =24101*10000+I109 -> 241015012 | I109: 5012 | J109: 2 | K109: 30" | L109: 150000 | M109: Redhawk | N109: 86 | O109: 512 | P109: 5 | Q109: 12 | R109: 58 | S109: 20 | T109: 867 | U109: 1113 | V109: 45491 | W109: 45525 | X109: 148921 | Y109: 0.97974342 | Z109: 1136.0117 | AA109: =1-((0.95-Y109)*0.5) -> 1.0148717 | AB109: =U109/AA109 -> 1096.6903 | AC109: {=_xlfn.IFS(Y109<0.6,U109,0.9<Y109,U109,Y109,AB109)} -> 1113 | AD109: 0.9929102 | AE109: 1132.4167 | AF109: 1113 | AH109: 0 | AI109: 176
A110: 24101-n | B110: 1319C119F5 | D110: LODS | E110: 185 | H110: =24101*10000+I110 -> 241015013 | I110: 5013 | J110: 3 | K110: 22" | L110: 150000 | M110: Red Dawn | N110: 39 | O110: 513 | P110: 5 | Q110: 13 | R110: 62 | S110: 18.1 | T110: 441 | U110: 580 | V110: 45490 | W110: 45524 | X110: 126287 | Y110: 0.96969697 | Z110: 698.10163 | AA110: =1-((0.95-Y110)*0.5) -> 1.0098485 | AB110: =U110/AA110 -> 574.34359 | AC110: {=_xlfn.IFS(Y110<0.6,U110,0.9<Y110,U110,Y110,AB110)} -> 580 | AD110: 0.98939394 | AE110: 640.38626 | AF110: 580 | AH110: 0 | AI110: 185
A111: 24101-n | B111: 131B9648B9 | D111: LODS | E111: 206 | H111: =24101*10000+I111 -> 241015014 | I111: 5014 | J111: 3 | K111: 22" | L111: 75000 | M111: Redhawk | N111: 11 | O111: 514 | P111: 5 | Q111: 14 | R111: 60 | S111: 19 | T111: 482 | U111: 626 | V111: 45488 | W111: 45525 | X111: 89469 | Y111: 0.69313113 | Z111: 1063.5192 | AA111: =1-((0.95-Y111)*0.5) -> 0.87156557 | AB111: =U111/AA111 -> 718.24774 | AC111: {=_xlfn.IFS(Y111<0.6,U111,0.9<Y111,U111,Y111,AB111)} -> 718.24774 | AD111: 0.8925959 | AE111: 882.94093 | AF111: 882.94093 | AH111: 0 | AI111: 206
A112: 24101-n | B112: 1758056A3A | D112: LODS | E112: 215 | H112: =24101*10000+I112 -> 241015015 | I112: 5015 | J112: 3 | K112: 22" | L112: 100000 | M112: Zorro | N112: 30 | O112: 515 | P112: 5 | Q112: 15 | R112: 26 | S112: 19 | T112: 1395 | U112: 1813 | V112: 45497 | W112: 45534 | X112: 111164 | Y112: 0.84539768 | Z112: 2478.9714 | AA112: =1-((0.95-Y112)*0.5) -> 0.94769884 | AB112: =U112/AA112 -> 1913.055 | AC112: {=_xlfn.IFS(Y112<0.6,U112,0.9<Y112,U112,Y112,AB112)} -> 1913.055 | AD112: 0.94588919 | AE112: 2214.1255 | AF112: 2214.1255 | AH112: 0 | AI112: 215
...
