Workbook

Sheet 704 
A1: fid | B1: id | C1: Trial Name | D1: DAS | E1: layer | F1: path | G1: 704ExG_mean | H1: 704ExG_variance | I1: 704ExR_mean | J1: 704ExR_variance | K1: 704gNDVI_mean | L1: 704gNDVI_variance | M1: 704gNDRE_mean | N1: 704gNDRE_variance | O1: 704NDVI_mean | P1: 704NDVI_variance | Q1: 704THRESH_mean | R1: 704THRESH_variance | S1: 704HA_mean | T1: 704HA_variance | U1: 704PLT_
A2: 1 | B2: 101 | C2: AYT Trial | D2: 10 | E2: 7-04 ayt plot files â€” ayttrialdata_rows_polygons__ayt_plots_dissolved | F2: D:/Drone Imagery/2025 summer/20250704/shapefiles/7-04 ayt plot files.gpkg|layername=ayttrialdata_rows_polygons__ayt_plots_dissolved | G2: 2704.6762 | H2: 10293556 | I2: 2704.6762 | J2: 10293556 | K2: 0.063690008 | L2: 0.0090996723 | M2: -0.033861884 | N2: 0.00073684243 | O2: 0.25585097 | P2: 0.018101762 | Q2: 0.091019998 | R2: 0.082735358 | S2: 0.96994594 | T2: 0.02915081 | U2: 72
A3: 2 | B3: 102 | C3: AYT Trial | D3: 10 | E3: 7-04 ayt plot files â€” ayttrialdata_rows_polygons__ayt_plots_dissolved | F3: D:/Drone Imagery/2025 summer/20250704/shapefiles/7-04 ayt plot files.gpkg|layername=ayttrialdata_rows_polygons__ayt_plots_dissolved | G3: 3744.3685 | H3: 40554902 | I3: 3744.3685 | J3: 40554902 | K3: 0.072802684 | L3: 0.0069335091 | M3: -0.030261519 | N3: 0.00077486177 | O3: 0.27532694 | P3: 0.020750776 | Q3: 0.11319875 | R3: 0.10038479 | S3: 0.90491395 | T3: 0.086044689 | U3: 57
A4: 3 | B4: 103 | C4: AYT Trial | D4: 10 | E4: 7-04 ayt plot files â€” ayttrialdata_rows_polygons__ayt_plots_dissolved | F4: D:/Drone Imagery/2025 summer/20250704/shapefiles/7-04 ayt plot files.gpkg|layername=ayttrialdata_rows_polygons__ayt_plots_dissolved | G4: 3370.7805 | H4: 27904618 | I4: 3370.7805 | J4: 27904618 | K4: 0.078040029 | L4: 0.0079329347 | M4: -0.025044146 | N4: 0.00070578081 | O4: 0.28121831 | P4: 0.019766732 | Q4: 0.10325035 | R4: 0.092589712 | S4: 0.94013334 | T4: 0.056282639 | U4: 84
A5: 4 | B5: 104 | C5: AYT Trial | D5: 10 | E5: 7-04 ayt plot files â€” ayttrialdata_rows_polygons__ayt_plots_dissolved | F5: D:/Drone Imagery/2025 summer/20250704/shapefiles/7-04 ayt plot files.gpkg|layername=ayttrialdata_rows_polygons__ayt_plots_dissolved | G5: 3920.1302 | H5: 39937947 | I5: 3920.1302 | J5: 39937947 | K5: 0.068368519 | L5: 0.0089967866 | M5: -0.030878627 | N5: 0.00084212816 | O5: 0.27670967 | P5: 0.023543382 | Q5: 0.11446292 | R5: 0.10136116 | S5: 0.93327381 | T5: 0.062273808 | U5: 59
A6: 5 | B6: 105 | C6: AYT Trial | D6: 10 | E6: 7-04 ayt plot files â€” ayttrialdata_rows_polygons__ayt_plots_dissolved | F6: D:/Drone Imagery/2025 summer/20250704/shapefiles/7-04 ayt plot files.gpkg|layername=ayttrialdata_rows_polygons__ayt_plots_dissolved | G6: 4852.085 | H6: 54276747 | I6: 4852.085 | J6: 54276747 | K6: 0.090191458 | L6: 0.0091880314 | M6: -0.026284081 | N6: 0.0012883554 | O6: 0.30446813 | P6: 0.026882291 | Q6: 0.14608241 | R6: 0.12474234 | S6: 0.94198074 | T6: 0.054653026 | U6: 63
A7: 6 | B7: 106 | C7: AYT Trial | D7: 10 | E7: 7-04 ayt plot files â€” ayttrialdata_rows_polygons__ayt_plots_dissolved | F7: D:/Drone Imagery/2025 summer/20250704/shapefiles/7-04 ayt plot files.gpkg|layername=ayttrialdata_rows_polygons__ayt_plots_dissolved | G7: 2843.6147 | H7: 19437533 | I7: 2843.6147 | J7: 19437533 | K7: 0.071526475 | L7: 0.0054133348 | M7: -0.026268315 | N7: 0.0013123126 | O7: 0.26059313 | P7: 0.012870042 | Q7: 0.063626681 | R7: 0.059578327 | S7: 0.94314641 | T7: 0.053621262 | U7: 48
A8: 7 | B8: 107 | C8: AYT Trial | D8: 10 | E8: 7-04 ayt plot files â€” ayttrialdata_rows_polygons__ayt_plots_dissolved | F8: D:/Drone Imagery/2025 summer/20250704/shapefiles/7-04 ayt plot files.gpkg|layername=ayttrialdata_rows_polygons__ayt_plots_dissolved | G8: 3078.0814 | H8: 33247213 | I8: 3078.0814 | J8: 33247213 | K8: 0.083826089 | L8: 0.0055260245 | M8: -0.026677735 | N8: 0.00160842 | O8: 0.28082221 | P8: 0.015883089 | Q8: 0.092593945 | R8: 0.084020306 | S8: 0.94130173 | T8: 0.055252784 | U8: 59
A9: 8 | B9: 108 | C9: AYT Trial | D9: 10 | E9: 7-04 ayt plot files â€” ayttrialdata_rows_polygons__ayt_plots_dissolved | F9: D:/Drone Imagery/2025 summer/20250704/shapefiles/7-04 ayt plot files.gpkg|layername=ayttrialdata_rows_polygons__ayt_plots_dissolved | G9: 3965.4551 | H9: 62353202 | I9: 3965.4551 | J9: 62353202 | K9: 0.090750941 | L9: 0.00529848 | M9: -0.026935347 | N9: 0.0007690851 | O9: 0.29691723 | P9: 0.021248439 | Q9: 0.12999952 | R9: 0.11309965 | S9: 0.89432139 | T9: 0.094510642 | U9: 64
A10: 9 | B10: 109 | C10: AYT Trial | D10: 10 | E10: 7-04 ayt plot files â€” ayttrialdata_rows_polygons__ayt_plots_dissolved | F10: D:/Drone Imagery/2025 summer/20250704/shapefiles/7-04 ayt plot files.gpkg|layername=ayttrialdata_rows_polygons__ayt_plots_dissolved | G10: 2630.6495 | H10: 32894378 | I10: 2630.6495 | J10: 32894378 | K10: 0.088685699 | L10: 0.0060005275 | M10: -0.027021156 | N10: 0.00063429453 | O10: 0.28583664 | P10: 0.016629933 | Q10: 0.092424714 | R10: 0.083882386 | S10: 0.96895294 | T10: 0.030083141 | U10: 92
A11: 10 | B11: 110 | C11: AYT Trial | D11: 10 | E11: 7-04 ayt plot files â€” ayttrialdata_rows_polygons__ayt_plots_dissolved | F11: D:/Drone Imagery/2025 summer/20250704/shapefiles/7-04 ayt plot files.gpkg|layername=ayttrialdata_rows_polygons__ayt_plots_dissolved | G11: 3965.0876 | H11: 72572676 | I11: 3965.0876 | J11: 72572676 | K11: 0.091703269 | L11: 0.0064920963 | M11: -0.026150972 | N11: 0.00066916756 | O11: 0.30760704 | P11: 0.023522844 | Q11: 0.13520786 | R11: 0.1169267 | S11: 0.90340365 | T11: 0.087265491 | U11: 67
A12: 11 | B12: 201 | C12: AYT Trial | D12: 10 | E12: 7-04 ayt plot files â€” ayttrialdata_rows_polygons__ayt_plots_dissolved | F12: D:/Drone Imagery/2025 summer/20250704/shapefiles/7-04 ayt plot files.gpkg|layername=ayttrialdata_rows_polygons__ayt_plots_dissolved | G12: 2822.0601 | H12: 9746082.1 | I12: 2822.0601 | J12: 9746082.1 | K12: 0.035246088 | L12: 0.0090884552 | M12: -0.044973045 | N12: 0.00066445409 | O12: 0.22418679 | P12: 0.017570649 | Q12: 0.079701136 | R12: 0.073348865 | S12: 0.946111 | T12: 0.050984979 | U12: 83
A13: 12 | B13: 202 | C13: AYT Trial | D13: 10 | E13: 7-04 ayt plot files â€” ayttrialdata_rows_polygons__ayt_plots_dissolved | F13: D:/Drone Imagery/2025 summer/20250704/shapefiles/7-04 ayt plot files.gpkg|layername=ayttrialdata_rows_polygons__ayt_plots_dissolved | G13: 2482.2425 | H13: 7680483.2 | I13: 2482.2425 | J13: 7680483.2 | K13: 0.027306101 | L13: 0.0059068889 | M13: -0.045049368 | N13: 0.00056085006 | O13: 0.21203048 | P13: 0.011734199 | Q13: 0.051638982 | R13: 0.048972397 | S13: 0.95119297 | T13: 0.046424906 | U13: 76
... A165: 164 | B165: 612 | C165: PYT Trial | D165: 10 | E165: PYT plots | F165: D:/Drone Imagery/2025 summer/20250704/shapefiles/7-04 reg plot polygons.gpkg|layername=pyt_trial_data_rows_polygons__pyt_trial_data_row_polygons | G165: 3177.906 | H165: 5281778.1 | I165: 3177.906 | J165: 5281778.1 | K165: 0.052814919 | L165: 0.0023167525 | M165: -0.031813119 | N165: 0.00054481704 | O165: 0.2313696 | P165: 0.0042864093 | Q165: 0.016999004 | R165: 0.016710037 | S165: 0.83581642 | T165: 0.13722733 | U165: 61
A166: 165 | C166: PYT Trial | D166: 10 | E166: PYT plots | F166: D:/Drone Imagery/2025 summer/20250704/shapefiles/7-04 reg plot polygons.gpkg|layername=pyt_trial_data_rows_polygons__pyt_trial_data_row_polygons | G166: 1392.5653 | H166: 321273.52 | I166: 1392.5653 | J166: 321273.52 | K166: 0.028927717 | L166: 0.001540259 | M166: -0.035423331 | N166: 0.00045927125 | O166: 0.21366349 | P166: 0.00094946271 | Q166: 0 | R166: 0 | S166: 0 | T166: 0 | U166: 0
A167: 166 | C167: PYT Trial | D167: 10 | E167: PYT plots | F167: D:/Drone Imagery/2025 summer/20250704/shapefiles/7-04 reg plot polygons.gpkg|layername=pyt_trial_data_rows_polygons__pyt_trial_data_row_polygons | G167: 150.53517 | H167: 2443874.4 | I167: 150.53517 | J167: 2443874.4 | K167: -0.048769832 | L167: 0.044632959 | M167: -0.025160478 | N167: 0.012115284 | O167: 0.18291008 | P167: 0.029187201 | Q167: 0.020821609 | R167: 0.02038807 | S167: 0 | T167: 0 | U167: 0
A168: 167 | B168: 801 | C168: Registration | D168: 10 | E168: Registration Plots | F168: D:/Drone Imagery/2025 summer/20250704/shapefiles/7-04 reg plot files.gpkg|layername=registrationtrialdatarows | G168: 3354.6346 | H168: 13968109 | I168: 3354.6346 | J168: 13968109 | K168: 0.083563806 | L168: 0.0076138674 | M168: -0.029225603 | N168: 0.0006112483 | O168: 0.28470247 | P168: 0.016365323 | Q168: 0.094161125 | R168: 0.085294808 | S168: 0.88945763 | T168: 0.098322752 | U168: 94
A169: 168 | B169: 802 | C169: Registration | D169: 10 | E169: Registration Plots | F169: D:/Drone Imagery/2025 summer/20250704/shapefiles/7-04 reg plot files.gpkg|layername=registrationtrialdatarows | G169: 2657.1947 | H169: 5470673.9 | I169: 2657.1947 | J169: 5470673.9 | K169: 0.061499673 | L169: 0.0065791581 | M169: -0.034845118 | N169: 0.00053402548 | O169: 0.25682707 | P169: 0.011565342 | Q169: 0.061441621 | R169: 0.057666549 | S169: 0.94922007 | T169: 0.048201332 | U169: 95
A170: 169 | B170: 803 | C170: Registration | D170: 10 | E170: Registration Plots | F170: D:/Drone Imagery/2025 summer/20250704/shapefiles/7-04 reg plot files.gpkg|layername=registrationtrialdatarows | G170: 3868.0896 | H170: 36044716 | I170: 3868.0896 | J170: 36044716 | K170: 0.072998388 | L170: 0.0069182919 | M170: -0.028931945 | N170: 0.00082716064 | O170: 0.28134719 | P170: 0.019645798 | Q170: 0.11529483 | R170: 0.10200193 | S170: 0.86788576 | T170: 0.11466007 | U170: 71
A171: 170 | B171: 804 | C171: Registration | D171: 10 | E171: Registration Plots | F171: D:/Drone Imagery/2025 summer/20250704/shapefiles/7-04 reg plot files.gpkg|layername=registrationtrialdatarows | G171: 4464.7419 | H171: 39331353 | I171: 4464.7419 | J171: 39331353 | K171: 0.084514658 | L171: 0.009188135 | M171: -0.024470962 | N171: 0.0010740852 | O171: 0.29944813 | P171: 0.026731796 | Q171: 0.15578864 | R171: 0.13151854 | S171: 0.91299781 | T171: 0.079432807 | U171: 78
A172: 171 | B172: 805 | C172: Registration | D172: 10 | E172: Registration Plots | F172: D:/Drone Imagery/2025 summer/20250704/shapefiles/7-04 reg plot files.gpkg|layername=registrationtrialdatarows | G172: 3750.2561 | H172: 39252674 | I172: 3750.2561 | J172: 39252674 | K172: 0.079395428 | L172: 0.007503804 | M172: -0.020915213 | N172: 0.00087326868 | O172: 0.28429707 | P172: 0.02257632 | Q172: 0.12089382 | R172: 0.1062785 | S172: 0.89260254 | T172: 0.095863242 | U172: 93
A173: 172 | B173: 806 | C173: Registration | D173: 10 | E173: Registration Plots | F173: D:/Drone Imagery/2025 summer/20250704/shapefiles/7-04 reg plot files.gpkg|layername=registrationtrialdatarows | G173: 3693.7542 | H173: 61294953 | I173: 3693.7542 | J173: 61294953 | K173: 0.082331305 | L173: 0.0057375382 | M173: -0.022710917 | N173: 0.00079588634 | O173: 0.28732417 | P173: 0.021795455 | Q173: 0.12433461 | R173: 0.10887552 | S173: 0.96063348 | T173: 0.037816793 | U173: 105
A174: 173 | B174: 807 | C174: Registration | D174: 10 | E174: Registration Plots | F174: D:/Drone Imagery/2025 summer/20250704/shapefiles/7-04 reg plot files.gpkg|layername=registrationtrialdatarows | G174: 3993.611 | H174: 62678483 | I174: 3993.611 | J174: 62678483 | K174: 0.083888806 | L174: 0.00692092 | M174: -0.028549625 | N174: 0.00084967126 | O174: 0.2965938 | P174: 0.024210219 | Q174: 0.14462062 | R174: 0.1237055 | S174: 0.97125327 | T174: 0.02792036 | U174: 128
A175: 174 | B175: 808 | C175: Registration | D175: 10 | E175: Registration Plots | F175: D:/Drone Imagery/2025 summer/20250704/shapefiles/7-04 reg plot files.gpkg|layername=registrationtrialdatarows | G175: 3373.3973 | H175: 48952724 | I175: 3373.3973 | J175: 48952724 | K175: 0.078327881 | L175: 0.0059330422 | M175: -0.031721948 | N175: 0.00063711065 | O175: 0.28375594 | P175: 0.0199425 | Q175: 0.11622363 | R175: 0.1027157 | S175: 0.97405646 | T175: 0.025270471 | U175: 136
A176: 175 | B176: 809 | C176: Registration | D176: 10 | E176: Registration Plots | F176: D:/Drone Imagery/2025 summer/20250704/shapefiles/7-04 reg plot files.gpkg|layername=registrationtrialdatarows | G176: 2647.9833 | H176: 40421431 | I176: 2647.9833 | J176: 40421431 | K176: 0.075741601 | L176: 0.0047782881 | M176: -0.030390978 | N176: 0.00099150394 | O176: 0.26941718 | P176: 0.015465341 | Q176: 0.083752915 | R176: 0.076738364 | S176: 0.94253217 | T176: 0.054165276 | U176: 111
A177: 176 | B177: 701 | C177: Registration | D177: 10 | E177: Registration Plots | F177: D:/Drone Imagery/2025 summer/20250704/shapefiles/7-04 reg plot files.gpkg|layername=registrationtrialdatarows | G177: 3840.9586 | H177: 36938638 | I177: 3840.9586 | J177: 36938638 | K177: 0.075398201 | L177: 0.0068575635 | M177: -0.031351003 | N177: 0.00064137255 | O177: 0.28161453 | P177: 0.020839948 | Q177: 0.11787151 | R177: 0.10397781 | S177: 0.9238563 | T177: 0.070345839 | U177: 98
A178: 177 | B178: 702 | C178: Registration | D178: 10 | E178: Registration Plots | F178: D:/Drone Imagery/2025 summer/20250704/shapefiles/7-04 reg plot files.gpkg|layername=registrationtrialdatarows | G178: 3720.9924 | H178: 37315762 | I178: 3720.9924 | J178: 37315762 | K178: 0.06494879 | L178: 0.0076113686 | M178: -0.032745561 | N178: 0.00067113546 | O178: 0.27061297 | P178: 0.022727529 | Q178: 0.11534779 | R178: 0.10204267 | S178: 0.95709393 | T178: 0.041065142 | U178: 120
A179: 178 | B179: 703 | C179: Registration | D179: 10 | E179: Registration Plots | F179: D:/Drone Imagery/2025 summer/20250704/shapefiles/7-04 reg plot files.gpkg|layername=registrationtrialdatarows | G179: 4188.3014 | H179: 36362179 | I179: 4188.3014 | J179: 36362179 | K179: 0.081973767 | L179: 0.009049742 | M179: -0.027821861 | N179: 0.00081591105 | O179: 0.28588972 | P179: 0.025084218 | Q179: 0.13943196 | R179: 0.11999069 | S179: 0.93182094 | T179: 0.063530672 | U179: 149
... A241: 240 | B241: 66666 | C241: Registration | D241: 10 | E241: Registration Plots | F241: D:/Drone Imagery/2025 summer/20250704/shapefiles/7-04 reg plot files.gpkg|layername=registrationtrialdatarows | G241: 2186.1341 | H241: 2759488.6 | I241: 2186.1341 | J241: 2759488.6 | K241: 0.01924764 | L241: 0.018175326 | M241: -0.029566713 | N241: 0.0051213258 | O241: 0.22658046 | P241: 0.010732822 | Q241: 0.0094998603 | R241: 0.009409613 | S241: 0 | T241: 0 | U241: 0

Sheet 710
A1: fid | B1: id | C1: Trial Name | D1: DAS | E1: layer | F1: path | G1: 710ExG_mean | H1: 710ExG_variance | I1: 710ExR_mean | J1: 710ExR_variance | K1: 710gNDVI_mean | L1: 710gNDVI_variance | M1: 710NDRE_mean | N1: 710NDRE_variance | O1: 710NDVI_mean | P1: 710NDVI_variance | Q1: 710THRESH_mean | R1: 710THRESH_variance | S1: 710HA_mean | T1: 710HA_variance | U1: 710PLTCOUNT_
A2: 1 | B2: 101 | C2: AYT Trial | D2: 16 | E2: 7-04 ayt plot files â€” ayttrialdata_rows_polygons__ayt_plots_dissolved | F2: D:/Drone Imagery/2025 summer/20250704/shapefiles/7-04 ayt plot files.gpkg|layername=ayttrialdata_rows_polygons__ayt_plots_dissolved | G2: 3973.4536 | H2: 31517480 | I2: 15158.061 | J2: 51530410 | K2: 0.080697938 | L2: 0.020720947 | M2: -0.034021859 | N2: 0.001557897 | O2: 0.28850773 | P2: 0.043256571 | Q2: 0.17821562 | R2: 0.14645481 | S2: 0.47725098 | T2: 0.24948248 | U2: 10
A3: 2 | B3: 102 | C3: AYT Trial | D3: 16 | E3: 7-04 ayt plot files â€” ayttrialdata_rows_polygons__ayt_plots_dissolved | F3: D:/Drone Imagery/2025 summer/20250704/shapefiles/7-04 ayt plot files.gpkg|layername=ayttrialdata_rows_polygons__ayt_plots_dissolved | G3: 5194.7756 | H3: 55726104 | I3: 14124.596 | J3: 52347950 | K3: 0.087687512 | L3: 0.017659488 | M3: -0.03414026 | N3: 0.001552583 | O3: 0.30060168 | P3: 0.044597697 | Q3: 0.19635999 | R3: 0.15780275 | S3: 0.61160079 | T3: 0.23754526 | U3: 19
A4: 3 | B4: 103 | C4: AYT Trial | D4: 16 | E4: 7-04 ayt plot files â€” ayttrialdata_rows_polygons__ayt_plots_dissolved | F4: D:/Drone Imagery/2025 summer/20250704/shapefiles/7-04 ayt plot files.gpkg|layername=ayttrialdata_rows_polygons__ayt_plots_dissolved | G4: 4781.1616 | H4: 57153275 | I4: 14509.178 | J4: 48521902 | K4: 0.086392257 | L4: 0.016102273 | M4: -0.030812049 | N4: 0.001289666 | O4: 0.29965418 | P4: 0.038945837 | Q4: 0.18097567 | R4: 0.14822348 | S4: 0.77498202 | T4: 0.17438489 | U4: 17
A5: 4 | B5: 104 | C5: AYT Trial | D5: 16 | E5: 7-04 ayt plot files â€” ayttrialdata_rows_polygons__ayt_plots_dissolved | F5: D:/Drone Imagery/2025 summer/20250704/shapefiles/7-04 ayt plot files.gpkg|layername=ayttrialdata_rows_polygons__ayt_plots_dissolved | G5: 6005.9342 | H5: 67626000 | I5: 13469.209 | J5: 57597314 | K5: 0.098846367 | L5: 0.021083473 | M5: -0.027137765 | N5: 0.001651845 | O5: 0.32370159 | P5: 0.049508987 | Q5: 0.22154848 | R5: 0.17246475 | S5: 0.60906392 | T5: 0.23810506 | U5: 17
A6: 5 | B6: 105 | C6: AYT Trial | D6: 16 | E6: 7-04 ayt plot files â€” ayttrialdata_rows_polygons__ayt_plots_dissolved | F6: D:/Drone Imagery/2025 summer/20250704/shapefiles/7-04 ayt plot files.gpkg|layername=ayttrialdata_rows_polygons__ayt_plots_dissolved | G6: 7195.9773 | H6: 77778040 | I6: 12543.351 | J6: 64671707 | K6: 0.12237219 | L6: 0.021643979 | M6: -0.022402257 | N6: 0.001799943 | O6: 0.35623286 | P6: 0.053162112 | Q6: 0.26098986 | R6: 0.19287415 | S6: 0.47889036 | T6: 0.24955438 | U6: 12
A7: 6 | B7: 106 | C7: AYT Trial | D7: 16 | E7: 7-04 ayt plot files â€” ayttrialdata_rows_polygons__ayt_plots_dissolved | F7: D:/Drone Imagery/2025 summer/20250704/shapefiles/7-04 ayt plot files.gpkg|layername=ayttrialdata_rows_polygons__ayt_plots_dissolved | G7: 4989.9607 | H7: 50263332 | I7: 14845.16 | J7: 39460211 | K7: 0.083096311 | L7: 0.012090263 | M7: -0.024722658 | N7: 0.001459909 | O7: 0.28888468 | P7: 0.031831091 | Q7: 0.15189718 | R7: 0.12882443 | S7: 0.87010084 | T7: 0.11302537 | U7: 27
A8: 7 | B8: 107 | C8: AYT Trial | D8: 16 | E8: 7-04 ayt plot files â€” ayttrialdata_rows_polygons__ayt_plots_dissolved | F8: D:/Drone Imagery/2025 summer/20250704/shapefiles/7-04 ayt plot files.gpkg|layername=ayttrialdata_rows_polygons__ayt_plots_dissolved | G8: 5356.6983 | H8: 56756327 | I8: 14485.063 | J8: 44346315 | K8: 0.10300642 | L8: 0.012912997 | M8: -0.019883959 | N8: 0.001332554 | O8: 0.31288252 | P8: 0.035284577 | Q8: 0.17388596 | R8: 0.14364963 | S8: 0.73421033 | T8: 0.19514552 | U8: 19
A9: 8 | B9: 108 | C9: AYT Trial | D9: 16 | E9: 7-04 ayt plot files â€” ayttrialdata_rows_polygons__ayt_plots_dissolved | F9: D:/Drone Imagery/2025 summer/20250704/shapefiles/7-04 ayt plot files.gpkg|layername=ayttrialdata_rows_polygons__ayt_plots_dissolved | G9: 6630.9143 | H9: 75775519 | I9: 13594.953 | J9: 54521050 | K9: 0.12768325 | L9: 0.016080316 | M9: -0.015621806 | N9: 0.001435242 | O9: 0.34650443 | P9: 0.043976121 | Q9: 0.22483165 | R9: 0.17428238 | S9: 0.6468562 | T9: 0.22843326 | U9: 18
A10: 9 | B10: 109 | C10: AYT Trial | D10: 16 | E10: 7-04 ayt plot files â€” ayttrialdata_rows_polygons__ayt_plots_dissolved | F10: D:/Drone Imagery/2025 summer/20250704/shapefiles/7-04 ayt plot files.gpkg|layername=ayttrialdata_rows_polygons__ayt_plots_dissolved | G10: 5071.6634 | H10: 45730767 | I10: 14922.833 | J10: 40702958 | K10: 0.10057642 | L10: 0.012553454 | M10: -0.019225876 | N10: 0.001303942 | O10: 0.29967027 | P10: 0.031199672 | Q10: 0.14015362 | R10: 0.12051059 | S10: 0.84582541 | T10: 0.13040479 | U10: 27
A11: 10 | B11: 110 | C11: AYT Trial | D11: 16 | E11: 7-04 ayt plot files â€” ayttrialdata_rows_polygons__ayt_plots_dissolved | F11: D:/Drone Imagery/2025 summer/20250704/shapefiles/7-04 ayt plot files.gpkg|layername=ayttrialdata_rows_polygons__ayt_plots_dissolved | G11: 7166.9697 | H11: 1.0051251e+08 | I11: 13413.673 | J11: 60958785 | K11: 0.12759955 | L11: 0.014278594 | M11: -0.01405992 | N11: 0.001642135 | O11: 0.35262482 | P11: 0.042668996 | Q11: 0.2246522 | R11: 0.17418359 | S11: 0.55090472 | T11: 0.24740871 | U11: 14
A12: 11 | B12: 201 | C12: AYT Trial | D12: 16 | E12: 7-04 ayt plot files â€” ayttrialdata_rows_polygons__ayt_plots_dissolved | F12: D:/Drone Imagery/2025 summer/20250704/shapefiles/7-04 ayt plot files.gpkg|layername=ayttrialdata_rows_polygons__ayt_plots_dissolved | G12: 3812.0437 | H12: 27750147 | I12: 15418.975 | J12: 41061830 | K12: 0.040059207 | L12: 0.019612766 | M12: -0.042160125 | N12: 0.001290504 | O12: 0.24284881 | P12: 0.040001234 | Q12: 0.15006806 | R12: 0.12754764 | S12: 0.77261647 | T12: 0.17568026 | U12: 23
A13: 12 | B13: 202 | C13: AYT Trial | D13: 16 | E13: 7-04 ayt plot files â€” ayttrialdata_rows_polygons__ayt_plots_dissolved | F13: D:/Drone Imagery/2025 summer/20250704/shapefiles/7-04 ayt plot files.gpkg|layername=ayttrialdata_rows_polygons__ayt_plots_dissolved | G13: 3211.3717 | H13: 27096508 | I13: 15039.561 | J13: 33994391 | K13: 0.03403022 | L13: 0.016757467 | M13: -0.042761552 | N13: 0.001293443 | O13: 0.2306097 | P13: 0.034587572 | Q13: 0.13105175 | R13: 0.11387719 | S13: 0.74017151 | T13: 0.19231765 | U13: 22
... A165: 164 | B165: 612 | C165: PYT Trial | D165: 16 | E165: PYT plots | F165: D:/Drone Imagery/2025 summer/20250704/shapefiles/7-04 reg plot polygons.gpkg|layername=pyt_trial_data_rows_polygons__pyt_trial_data_row_polygons | G165: 3901.2463 | H165: 23338693 | I165: 16448.532 | J165: 20276710 | K165: 0.040848031 | L165: 0.004719423 | M165: -0.03770129 | N165: 0.000993423 | O165: 0.21327535 | P165: 0.013164043 | Q165: 0.06072965 | R165: 0.057041559 | S165: 0.6401868 | T165: 0.23034766 | U165: 18
A166: 165 | C166: PYT Trial | D166: 16 | E166: PYT plots | F166: D:/Drone Imagery/2025 summer/20250704/shapefiles/7-04 reg plot polygons.gpkg|layername=pyt_trial_data_rows_polygons__pyt_trial_data_row_polygons | G166: 1981.7388 | H166: 504019.08 | I166: 15196.557 | J166: 8700602.2 | K166: 0.045657754 | L166: 0.002012884 | M166: -0.026180246 | N166: 0.000431829 | O166: 0.22263014 | P166: 0.001867641 | Q166: 0 | R166: 0 | S166: 0 | T166: 0 | U166: 0
A167: 166 | C167: PYT Trial | D167: 16 | E167: PYT plots | F167: D:/Drone Imagery/2025 summer/20250704/shapefiles/7-04 reg plot polygons.gpkg|layername=pyt_trial_data_rows_polygons__pyt_trial_data_row_polygons | G167: 311.94652 | H167: 4052354 | I167: 15557.242 | J167: 45746497 | K167: -0.0692731 | L167: 0.037568126 | M167: -0.038437369 | N167: 0.008569879 | O167: 0.16924347 | P167: 0.024653907 | Q167: 0.015706806 | R167: 0.015460103 | S167: 0 | T167: 0 | U167: 0
A168: 167 | B168: 801 | C168: Registration | D168: 16 | E168: Registration Plots | F168: D:/Drone Imagery/2025 summer/20250704/shapefiles/7-04 reg plot files.gpkg|layername=registrationtrialdatarows | G168: 4465.2482 | H168: 27702690 | I168: 14037.927 | J168: 43129387 | K168: 0.11590809 | L168: 0.016301149 | M168: -0.019621376 | N168: 0.001214148 | O168: 0.31925858 | P168: 0.035805957 | Q168: 0.17877219 | R168: 0.1468127 | S168: 0.85601005 | T168: 0.12325685 | U168: 33
A169: 168 | B169: 802 | C169: Registration | D169: 16 | E169: Registration Plots | F169: D:/Drone Imagery/2025 summer/20250704/shapefiles/7-04 reg plot files.gpkg|layername=registrationtrialdatarows | G169: 2956.3804 | H169: 13336673 | I169: 15841.543 | J169: 30469515 | K169: 0.077215371 | L169: 0.012592056 | M169: -0.027435262 | N169: 0.00108219 | O169: 0.26890472 | P169: 0.024581068 | Q169: 0.11766353 | R169: 0.10381882 | S169: 0.88382702 | T169: 0.10267682 | U169: 27
A170: 169 | B170: 803 | C170: Registration | D170: 16 | E170: Registration Plots | F170: D:/Drone Imagery/2025 summer/20250704/shapefiles/7-04 reg plot files.gpkg|layername=registrationtrialdatarows | G170: 5895.2179 | H170: 60944620 | I170: 14228.068 | J170: 52205984 | K170: 0.10124569 | L170: 0.015896541 | M170: -0.023853907 | N170: 0.001688582 | O170: 0.31983779 | P170: 0.042287103 | Q170: 0.20608701 | R170: 0.16361515 | S170: 0.41601517 | T170: 0.24294655 | U170: 11
A171: 170 | B171: 804 | C171: Registration | D171: 16 | E171: Registration Plots | F171: D:/Drone Imagery/2025 summer/20250704/shapefiles/7-04 reg plot files.gpkg|layername=registrationtrialdatarows | G171: 7754.3866 | H171: 70896947 | I171: 12469.718 | J171: 65485274 | K171: 0.14316 | L171: 0.020891089 | M171: -0.017216398 | N171: 0.001859069 | O171: 0.37796136 | P171: 0.053778931 | Q171: 0.30141916 | R171: 0.21056565 | S171: 0.74435059 | T171: 0.19029279 | U171: 26
A172: 171 | B172: 805 | C172: Registration | D172: 16 | E172: Registration Plots | F172: D:/Drone Imagery/2025 summer/20250704/shapefiles/7-04 reg plot files.gpkg|layername=registrationtrialdatarows | G172: 5421.455 | H172: 53540993 | I172: 14167.997 | J172: 48300047 | K172: 0.094088651 | L172: 0.015754049 | M172: -0.025627619 | N172: 0.001133869 | O172: 0.30134689 | P172: 0.041298962 | Q172: 0.181922 | R172: 0.14882639 | S172: 0.70323697 | T172: 0.20869473 | U172: 19
A173: 172 | B173: 806 | C173: Registration | D173: 16 | E173: Registration Plots | F173: D:/Drone Imagery/2025 summer/20250704/shapefiles/7-04 reg plot files.gpkg|layername=registrationtrialdatarows | G173: 6049.4435 | H173: 77517554 | I173: 13630.605 | J173: 50932054 | K173: 0.096515175 | L173: 0.015180116 | M173: -0.026255269 | N173: 0.001399527 | O173: 0.31016656 | P173: 0.04506383 | Q173: 0.19982662 | R173: 0.15989594 | S173: 0.46142688 | T173: 0.24851211 | U173: 14
A174: 173 | B174: 807 | C174: Registration | D174: 16 | E174: Registration Plots | F174: D:/Drone Imagery/2025 summer/20250704/shapefiles/7-04 reg plot files.gpkg|layername=registrationtrialdatarows | G174: 6492.347 | H174: 85673486 | I174: 13167.668 | J174: 58979791 | K174: 0.10154556 | L174: 0.016847927 | M174: -0.028115623 | N174: 0.001622862 | O174: 0.32461199 | P174: 0.050108203 | Q174: 0.23062136 | R174: 0.17743515 | S174: 0.50836462 | T174: 0.24993003 | U174: 19
A175: 174 | B175: 808 | C175: Registration | D175: 16 | E175: Registration Plots | F175: D:/Drone Imagery/2025 summer/20250704/shapefiles/7-04 reg plot files.gpkg|layername=registrationtrialdatarows | G175: 6100.838 | H175: 80315503 | I175: 13564.473 | J175: 55690812 | K175: 0.096799378 | L175: 0.016446849 | M175: -0.02793081 | N175: 0.002010103 | O175: 0.31278193 | P175: 0.044411045 | Q175: 0.21429772 | R175: 0.16837421 | S175: 0.78309859 | T175: 0.16985519 | U175: 28
A176: 175 | B176: 809 | C176: Registration | D176: 16 | E176: Registration Plots | F176: D:/Drone Imagery/2025 summer/20250704/shapefiles/7-04 reg plot files.gpkg|layername=registrationtrialdatarows | G176: 4499.9336 | H176: 60708266 | I176: 14352.451 | J176: 35682712 | K176: 0.081006438 | L176: 0.010044505 | M176: -0.024179005 | N176: 0.00158682 | O176: 0.27835214 | P176: 0.029827064 | Q176: 0.13913624 | R176: 0.11977735 | S176: 0.78486947 | T176: 0.16884939 | U176: 27
A177: 176 | B177: 701 | C177: Registration | D177: 16 | E177: Registration Plots | F177: D:/Drone Imagery/2025 summer/20250704/shapefiles/7-04 reg plot files.gpkg|layername=registrationtrialdatarows | G177: 5501.8333 | H177: 52191617 | I177: 13872.089 | J177: 44460921 | K177: 0.090826029 | L177: 0.016001018 | M177: -0.02825153 | N177: 0.001396649 | O177: 0.30014057 | P177: 0.042538647 | Q177: 0.19017338 | R177: 0.15400746 | S177: 0.76928332 | T177: 0.17748649 | U177: 28
A178: 177 | B178: 702 | C178: Registration | D178: 16 | E178: Registration Plots | F178: D:/Drone Imagery/2025 summer/20250704/shapefiles/7-04 reg plot files.gpkg|layername=registrationtrialdatarows | G178: 5431.7728 | H178: 46808640 | I178: 14448.443 | J178: 44815176 | K178: 0.07987678 | L178: 0.016332103 | M178: -0.02747121 | N178: 0.001409732 | O178: 0.28688717 | P178: 0.041580858 | Q178: 0.17852042 | R178: 0.14665088 | S178: 0.59568852 | T178: 0.24084371 | U178: 14
A179: 178 | B179: 703 | C179: Registration | D179: 16 | E179: Registration Plots | F179: D:/Drone Imagery/2025 summer/20250704/shapefiles/7-04 reg plot files.gpkg|layername=registrationtrialdatarows | G179: 7233.2539 | H179: 79754350 | I179: 12570.24 | J179: 61995009 | K179: 0.11657292 | L179: 0.019501451 | M179: -0.02027499 | N179: 0.002020203 | O179: 0.34572399 | P179: 0.052575293 | Q179: 0.26366414 | R179: 0.19414536 | S179: 0.65590234 | T179: 0.22569446 | U179: 21
... A241: 240 | B241: 66666 | C241: Registration | D241: 16 | E241: Registration Plots | F241: D:/Drone Imagery/2025 summer/20250704/shapefiles/7-04 reg plot files.gpkg|layername=registrationtrialdatarows | G241: 485.91671 | H241: 1636130.4 | I241: 15081.277 | J241: 55169251 | K241: -0.060341888 | L241: 0.033362045 | M241: -0.035900225 | N241: 0.01000958 | O241: 0.18159625 | P241: 0.01993072 | Q241: 0 | R241: 0 | S241: 0 | T241: 0 | U241: 0

Sheet 717
A1: fid | B1: id | C1: Trial Name | D1: DAS | E1: layer | F1: path | G1: 717ExG_mean | H1: 717ExG_variance | I1: 717ExR_mean | J1: 717ExR_variance | K1: 717gNDVI_mean | L1: 717gNDVI_variance | M1: 717gNDRE_mean | N1: 717gNDRE_variance | O1: 717THRESH_mean | P1: 717THRESH_variance | Q1: 717HA_mean | R1: 717HA_variance | S1: NUMPOINTS | T1: 717NDV_mean | U1: 717NDV_variance
A2: 1 | B2: 101 | C2: AYT Trial | D2: 23 | E2: 7-04 ayt plot files â€” ayttrialdata_rows_polygons__ayt_plots_dissolved | F2: D:/Drone Imagery/2025 summer/20250704/shapefiles/7-04 ayt plot files.gpkg|layername=ayttrialdata_rows_polygons__ayt_plots_dissolved | G2: 16744.397 | H2: 3.1162435e+08 | I2: 7226.3209 | J2: 1.037187e+08 | K2: 0.57557811 | L2: 0.0084626579 | M2: 0.15874787 | N2: 0.0019811588 | O2: 0.48158203 | P2: 0.24966078 | Q2: 0.63995072 | R2: 0.2304138 | S2: 42 | T2: 0.55285267 | U2: 0.052296972
A3: 2 | B3: 102 | C3: AYT Trial | D3: 23 | E3: 7-04 ayt plot files â€” ayttrialdata_rows_polygons__ayt_plots_dissolved | F3: D:/Drone Imagery/2025 summer/20250704/shapefiles/7-04 ayt plot files.gpkg|layername=ayttrialdata_rows_polygons__ayt_plots_dissolved | G3: 15932.695 | H3: 3.3409323e+08 | I3: 9268.6983 | J3: 79922752 | K3: 0.55808193 | L3: 0.0062948228 | M3: 0.15481794 | N3: 0.0022593594 | O3: 0.43882164 | P3: 0.24625721 | Q3: 0.58490814 | R3: 0.24279061 | S3: 48 | T3: 0.52049476 | U3: 0.046103953
A4: 3 | B4: 103 | C4: AYT Trial | D4: 23 | E4: 7-04 ayt plot files â€” ayttrialdata_rows_polygons__ayt_plots_dissolved | F4: D:/Drone Imagery/2025 summer/20250704/shapefiles/7-04 ayt plot files.gpkg|layername=ayttrialdata_rows_polygons__ayt_plots_dissolved | G4: 15157.851 | H4: 3.1102272e+08 | I4: 9502.2904 | J4: 76931432 | K4: 0.54786933 | L4: 0.0060968942 | M4: 0.15103167 | N4: 0.0018414185 | O4: 0.42559549 | P4: 0.24446397 | Q4: 0.72631215 | R4: 0.19878281 | S4: 39 | T4: 0.52063395 | U4: 0.042616688
A5: 4 | B5: 104 | C5: AYT Trial | D5: 23 | E5: 7-04 ayt plot files â€” ayttrialdata_rows_polygons__ayt_plots_dissolved | F5: D:/Drone Imagery/2025 summer/20250704/shapefiles/7-04 ayt plot files.gpkg|layername=ayttrialdata_rows_polygons__ayt_plots_dissolved | G5: 17782.229 | H5: 3.5006007e+08 | I5: 6710.8659 | J5: 96022093 | K5: 0.5617843 | L5: 0.0077906432 | M5: 0.15264188 | N5: 0.0020511069 | O5: 0.48967157 | P5: 0.24989332 | Q5: 0.62405289 | R5: 0.23461088 | S5: 42 | T5: 0.56552764 | U5: 0.045115307
A6: 5 | B6: 105 | C6: AYT Trial | D6: 23 | E6: 7-04 ayt plot files â€” ayttrialdata_rows_polygons__ayt_plots_dissolved | F6: D:/Drone Imagery/2025 summer/20250704/shapefiles/7-04 ayt plot files.gpkg|layername=ayttrialdata_rows_polygons__ayt_plots_dissolved | G6: 19579.708 | H6: 3.5584881e+08 | I6: 5503.0158 | J6: 86530477 | K6: 0.56958533 | L6: 0.0072342605 | M6: 0.16095841 | N6: 0.0028822875 | O6: 0.59612158 | P6: 0.24076064 | Q6: 0.83248999 | R6: 0.13945041 | S6: 64 | T6: 0.60592747 | U6: 0.041685315
A7: 6 | B7: 106 | C7: AYT Trial | D7: 23 | E7: 7-04 ayt plot files â€” ayttrialdata_rows_polygons__ayt_plots_dissolved | F7: D:/Drone Imagery/2025 summer/20250704/shapefiles/7-04 ayt plot files.gpkg|layername=ayttrialdata_rows_polygons__ayt_plots_dissolved | G7: 11590.345 | H7: 2.1293672e+08 | I7: 12414.68 | J7: 86918614 | K7: 0.51766085 | L7: 0.0083790317 | M7: 0.159976 | N7: 0.0034121105 | O7: 0.37699357 | P7: 0.23486942 | Q7: 0.65377636 | R7: 0.22635283 | S7: 21 | T7: 0.50895416 | U7: 0.040967786
A8: 7 | B8: 107 | C8: AYT Trial | D8: 23 | E8: 7-04 ayt plot files â€” ayttrialdata_rows_polygons__ayt_plots_dissolved | F8: D:/Drone Imagery/2025 summer/20250704/shapefiles/7-04 ayt plot files.gpkg|layername=ayttrialdata_rows_polygons__ayt_plots_dissolved | G8: 13818.956 | H8: 2.5030836e+08 | I8: 10241.243 | J8: 89143336 | K8: 0.54286712 | L8: 0.0090263649 | M8: 0.1676952 | N8: 0.0035886656 | O8: 0.46166577 | P8: 0.24853049 | Q8: 0.87693169 | R8: 0.1079225 | S8: 45 | T8: 0.55965308 | U8: 0.042908278
A9: 8 | B9: 108 | C9: AYT Trial | D9: 23 | E9: 7-04 ayt plot files â€” ayttrialdata_rows_polygons__ayt_plots_dissolved | F9: D:/Drone Imagery/2025 summer/20250704/shapefiles/7-04 ayt plot files.gpkg|layername=ayttrialdata_rows_polygons__ayt_plots_dissolved | G9: 17636.066 | H9: 3.0680477e+08 | I9: 7643.2382 | J9: 97081194 | K9: 0.55983754 | L9: 0.0083485285 | M9: 0.15997606 | N9: 0.0026767574 | O9: 0.53983423 | P9: 0.24841323 | Q9: 0.70954277 | R9: 0.20609183 | S9: 39 | T9: 0.5946809 | U9: 0.044793084
A10: 9 | B10: 109 | C10: AYT Trial | D10: 23 | E10: 7-04 ayt plot files â€” ayttrialdata_rows_polygons__ayt_plots_dissolved | F10: D:/Drone Imagery/2025 summer/20250704/shapefiles/7-04 ayt plot files.gpkg|layername=ayttrialdata_rows_polygons__ayt_plots_dissolved | G10: 13134.35 | H10: 2.7074591e+08 | I10: 10368.253 | J10: 91445075 | K10: 0.52073875 | L10: 0.0074444075 | M10: 0.14211081 | N10: 0.0016677729 | O10: 0.37055819 | P10: 0.23324482 | Q10: 0.66820552 | R10: 0.2217069 | S10: 37 | T10: 0.50060043 | U10: 0.042878447
A11: 10 | B11: 110 | C11: AYT Trial | D11: 23 | E11: 7-04 ayt plot files â€” ayttrialdata_rows_polygons__ayt_plots_dissolved | F11: D:/Drone Imagery/2025 summer/20250704/shapefiles/7-04 ayt plot files.gpkg|layername=ayttrialdata_rows_polygons__ayt_plots_dissolved | G11: 19188.03 | H11: 3.5595842e+08 | I11: 6057.8462 | J11: 90168817 | K11: 0.55838101 | L11: 0.0082002044 | M11: 0.15175706 | N11: 0.0021847088 | O11: 0.54982419 | P11: 0.24751755 | Q11: 0.6853008 | R11: 0.21566361 | S11: 46 | T11: 0.59194911 | U11: 0.046263452
A12: 11 | B12: 201 | C12: AYT Trial | D12: 23 | E12: 7-04 ayt plot files â€” ayttrialdata_rows_polygons__ayt_plots_dissolved | F12: D:/Drone Imagery/2025 summer/20250704/shapefiles/7-04 ayt plot files.gpkg|layername=ayttrialdata_rows_polygons__ayt_plots_dissolved | G12: 14635.739 | H12: 2.7724212e+08 | I12: 8948.8947 | J12: 93610534 | K12: 0.54785545 | L12: 0.0091444039 | M12: 0.1529389 | N12: 0.0016569407 | O12: 0.42363854 | P12: 0.24416893 | Q12: 0.27001401 | R12: 0.19710645 | S12: 7 | T12: 0.51741468 | U12: 0.049457144
A13: 12 | B13: 202 | C13: AYT Trial | D13: 23 | E13: 7-04 ayt plot files â€” ayttrialdata_rows_polygons__ayt_plots_dissolved | F13: D:/Drone Imagery/2025 summer/20250704/shapefiles/7-04 ayt plot files.gpkg|layername=ayttrialdata_rows_polygons__ayt_plots_dissolved | G13: 11139.984 | H13: 1.9108459e+08 | I13: 10402.672 | J13: 90101807 | K13: 0.54823182 | L13: 0.010877284 | M13: 0.16122491 | N13: 0.0015451523 | O13: 0.36715583 | P13: 0.23235243 | Q13: 0.57117057 | R13: 0.24493475 | S13: 31 | T13: 0.49253289 | U13: 0.046827156
... A165: 164 | B165: 612 | C165: PYT Trial | D165: 23 | E165: PYT plots | F165: D:/Drone Imagery/2025 summer/20250704/shapefiles/7-04 reg plot polygons.gpkg|layername=pyt_trial_data_rows_polygons__pyt_trial_data_row_polygons | G165: 4451.2114 | H165: 98097635 | I165: 15270.892 | J165: 38112391 | K165: 0.50864773 | L165: 0.0035968127 | M165: 0.14086731 | N165: 0.0015309656 | O165: 0.13052247 | P165: 0.11348636 | Q165: 0.82336134 | R165: 0.14543744 | S165: 68 | T165: 0.39525042 | U165: 0.016120519
A166: 165 | C166: PYT Trial | D166: 23 | E166: PYT plots | F166: D:/Drone Imagery/2025 summer/20250704/shapefiles/7-04 reg plot polygons.gpkg|layername=pyt_trial_data_rows_polygons__pyt_trial_data_row_polygons | G166: 1494.4664 | H166: 1690126.9 | I166: 12902.674 | J166: 14572177 | K166: 0.44224063 | L166: 0.0020853729 | M166: 0.1298049 | N166: 0.00068399827 | O166: 0.014693878 | P166: 0.014477968 | Q166: 0 | R166: 0 | S166: 0 | T166: 0.33084611 | U166: 0.0028065783
A167: 166 | C167: PYT Trial | D167: 23 | E167: PYT plots | F167: D:/Drone Imagery/2025 summer/20250704/shapefiles/7-04 reg plot polygons.gpkg|layername=pyt_trial_data_rows_polygons__pyt_trial_data_row_polygons | G167: 1229.1814 | H167: 5614367 | I167: 15372.71 | J167: 51026588 | K167: 0.35086735 | L167: 0.026247519 | M167: 0.11071617 | N167: 0.004392619 | O167: 0.07257384 | P167: 0.067306877 | Q167: 0 | R167: 0 | S167: 0 | T167: 0.27105727 | U167: 0.032028407
A168: 167 | B168: 801 | C168: Registration | D168: 23 | E168: Registration Plots | F168: D:/Drone Imagery/2025 summer/20250704/shapefiles/7-04 reg plot files.gpkg|layername=registrationtrialdatarows | G168: 16497.569 | H168: 2.6365578e+08 | I168: 5737.9147 | J168: 1.0271275e+08 | K168: 0.57322859 | L168: 0.0091469477 | M168: 0.15129985 | N168: 0.0014982815 | O168: 0.49701021 | P168: 0.24999106 | Q168: 0.46212909 | R168: 0.24856579 | S168: 16 | T168: 0.56071192 | U168: 0.048321409
A169: 168 | B169: 802 | C169: Registration | D169: 23 | E169: Registration Plots | F169: D:/Drone Imagery/2025 summer/20250704/shapefiles/7-04 reg plot files.gpkg|layername=registrationtrialdatarows | G169: 11486.293 | H169: 1.8966664e+08 | I169: 10008.805 | J169: 79976204 | K169: 0.52513862 | L169: 0.0094918267 | M169: 0.13496506 | N169: 0.0015393196 | O169: 0.34161371 | P169: 0.22491378 | Q169: 0.36758865 | R169: 0.23246723 | S169: 11 | T169: 0.48473833 | U169: 0.043754451
A170: 169 | B170: 803 | C170: Registration | D170: 23 | E170: Registration Plots | F170: D:/Drone Imagery/2025 summer/20250704/shapefiles/7-04 reg plot files.gpkg|layername=registrationtrialdatarows | G170: 19711.587 | H170: 3.253956e+08 | I170: 5630.4223 | J170: 92034635 | K170: 0.55169481 | L170: 0.0096730635 | M170: 0.12639985 | N170: 0.0021923586 | O170: 0.54021228 | P170: 0.24838297 | Q170: 0.63561424 | R170: 0.23160878 | S170: 34 | T170: 0.59262028 | U170: 0.048336931
A171: 170 | B171: 804 | C171: Registration | D171: 23 | E171: Registration Plots | F171: D:/Drone Imagery/2025 summer/20250704/shapefiles/7-04 reg plot files.gpkg|layername=registrationtrialdatarows | G171: 26241.75 | H171: 2.910153e+08 | I171: 2346.4176 | J171: 99339396 | K171: 0.60266422 | L171: 0.0086978176 | M171: 0.12634844 | N171: 0.0041633993 | O171: 0.78713969 | P171: 0.1675508 | Q171: 0.62613427 | R171: 0.23409014 | S171: 23 | T171: 0.71299341 | U171: 0.035952057
A172: 171 | B172: 805 | C172: Registration | D172: 23 | E172: Registration Plots | F172: D:/Drone Imagery/2025 summer/20250704/shapefiles/7-04 reg plot files.gpkg|layername=registrationtrialdatarows | G172: 17057.403 | H172: 3.0056959e+08 | I172: 7832.6103 | J172: 97804015 | K172: 0.5548445 | L172: 0.0087425461 | M172: 0.13059922 | N172: 0.0030999121 | O172: 0.52853041 | P172: 0.24918602 | Q172: 0.86357055 | R172: 0.11781645 | S172: 72 | T172: 0.58682125 | U172: 0.044993739
A173: 172 | B173: 806 | C173: Registration | D173: 23 | E173: Registration Plots | F173: D:/Drone Imagery/2025 summer/20250704/shapefiles/7-04 reg plot files.gpkg|layername=registrationtrialdatarows | G173: 15179.354 | H173: 2.9673208e+08 | I173: 9786.81 | J173: 99140601 | K173: 0.52537441 | L173: 0.0092185563 | M173: 0.13117874 | N173: 0.001945805 | O173: 0.44102851 | P173: 0.24652236 | Q173: 0.79433058 | R173: 0.16336951 | S173: 53 | T173: 0.52407464 | U173: 0.050099964
A174: 173 | B174: 807 | C174: Registration | D174: 23 | E174: Registration Plots | F174: D:/Drone Imagery/2025 summer/20250704/shapefiles/7-04 reg plot files.gpkg|layername=registrationtrialdatarows | G174: 19725.721 | H174: 3.5944433e+08 | I174: 6561.0172 | J174: 1.0271802e+08 | K174: 0.55300297 | L174: 0.008352187 | M174: 0.13971168 | N174: 0.0020368183 | O174: 0.54126523 | P174: 0.24829718 | Q174: 0.55649385 | R174: 0.24680845 | S174: 27 | T174: 0.58468347 | U174: 0.052373945
A175: 174 | B175: 808 | C175: Registration | D175: 23 | E175: Registration Plots | F175: D:/Drone Imagery/2025 summer/20250704/shapefiles/7-04 reg plot files.gpkg|layername=registrationtrialdatarows | G175: 20324.906 | H175: 3.3525222e+08 | I175: 5976.4848 | J175: 93007150 | K175: 0.56212349 | L175: 0.0075742883 | M175: 0.12745696 | N175: 0.0043218735 | O175: 0.61189034 | P175: 0.23748055 | Q175: 0.73258936 | R175: 0.19590219 | S175: 47 | T175: 0.60778579 | U175: 0.045193735
A176: 175 | B176: 809 | C176: Registration | D176: 23 | E176: Registration Plots | F176: D:/Drone Imagery/2025 summer/20250704/shapefiles/7-04 reg plot files.gpkg|layername=registrationtrialdatarows | G176: 12753.047 | H176: 2.8261458e+08 | I176: 10269.384 | J176: 90883643 | K176: 0.5280587 | L176: 0.0070191057 | M176: 0.11707359 | N176: 0.0033917756 | O176: 0.39749324 | P176: 0.23949236 | Q176: 0.90600744 | R176: 0.085157959 | S176: 98 | T176: 0.5110832 | U176: 0.041479981
A177: 176 | B177: 701 | C177: Registration | D177: 23 | E177: Registration Plots | F177: D:/Drone Imagery/2025 summer/20250704/shapefiles/7-04 reg plot files.gpkg|layername=registrationtrialdatarows | G177: 17067.805 | H177: 2.9602438e+08 | I177: 7455.7957 | J177: 91796647 | K177: 0.54498016 | L177: 0.0082794104 | M177: 0.13606735 | N177: 0.0017660807 | O177: 0.46651627 | P177: 0.24887884 | Q177: 0.40349068 | R177: 0.24068595 | S177: 17 | T177: 0.53503317 | U177: 0.047343457
A178: 177 | B178: 702 | C178: Registration | D178: 23 | E178: Registration Plots | F178: D:/Drone Imagery/2025 summer/20250704/shapefiles/7-04 reg plot files.gpkg|layername=registrationtrialdatarows | G178: 14941.696 | H178: 2.703175e+08 | I178: 8921.3837 | J178: 81661193 | K178: 0.52859045 | L178: 0.0082933633 | M178: 0.13555542 | N178: 0.0017827914 | O178: 0.41151485 | P178: 0.24217038 | Q178: 0.47169024 | R178: 0.24919856 | S178: 19 | T178: 0.51834418 | U178: 0.044851339
A179: 178 | B179: 703 | C179: Registration | D179: 23 | E179: Registration Plots | F179: D:/Drone Imagery/2025 summer/20250704/shapefiles/7-04 reg plot files.gpkg|layername=registrationtrialdatarows | G179: 25261.933 | H179: 3.1024392e+08 | I179: 2209.2207 | J179: 85428672 | K179: 0.59255938 | L179: 0.0087418168 | M179: 0.14233195 | N179: 0.0027616894 | O179: 0.74312774 | P179: 0.1908889 | Q179: 0.54312462 | R179: 0.24814027 | S179: 53 | T179: 0.67953406 | U179: 0.039101195
... A241: 240 | B241: 66666 | C241: Registration | D241: 23 | E241: Registration Plots | F241: D:/Drone Imagery/2025 summer/20250704/shapefiles/7-04 reg plot files.gpkg|layername=registrationtrialdatarows | G241: 277.5779 | H241: 2627612.1 | I241: 16652.961 | J241: 41653264 | K241: 0.27680381 | L241: 0.029614312 | M241: 0.078895963 | N241: 0.0073920702 | O241: 0 | P241: 0 | Q241: 0 | R241: 0 | S241: 0 | T241: 0.18578406 | U241: 0.018751956

Sheet 724
A1: fid | B1: id | C1: Trial Name | D1: DAS | E1: layer | F1: path | G1: 724ExG_mean | H1: 724ExG_variance | I1: 724ExR_mean | J1: 724ExR_variance | K1: 724gNDVI_mean | L1: 724gNDVI_variance | M1: 724NDRE_mean | N1: 724NDRE_variance | O1: 724THRESH_mean | P1: 724THRESH_variance | Q1: 724HA_mean | R1: 724HA_variance | S1: NDVI_mean | T1: NDVI_variance | U1: 724PLT_
A2: 1 | B2: 101 | C2: AYT Trial | D2: 30 | E2: 7-04 ayt plot files â€” ayttrialdata_rows_polygons__ayt_plots_dissolved | F2: D:/Drone Imagery/2025 summer/20250704/shapefiles/7-04 ayt plot files.gpkg|layername=ayttrialdata_rows_polygons__ayt_plots_dissolved | G2: 14080.103 | H2: 1.5534008e+08 | I2: 6695.8811 | J2: 82268525 | K2: 0.1745339 | L2: 0.030927931 | M2: -0.029440246 | N2: 0.0018020866 | O2: 0.47798735 | P2: 0.24951544 | Q2: 0.86159016 | R2: 0.11925255 | S2: 0.44310312 | T2: 0.081810312 | U2: 44
A3: 2 | B3: 102 | C3: AYT Trial | D3: 30 | E3: 7-04 ayt plot files â€” ayttrialdata_rows_polygons__ayt_plots_dissolved | F3: D:/Drone Imagery/2025 summer/20250704/shapefiles/7-04 ayt plot files.gpkg|layername=ayttrialdata_rows_polygons__ayt_plots_dissolved | G3: 12007.077 | H3: 1.6816989e+08 | I3: 9752.5858 | J3: 86762604 | K3: 0.11942094 | L3: 0.031363638 | M3: -0.035491387 | N3: 0.0018796154 | O3: 0.3936571 | P3: 0.23869119 | Q3: 0.76461794 | R3: 0.17997734 | S3: 0.36848115 | T3: 0.085904598 | U3: 25
A4: 3 | B4: 103 | C4: AYT Trial | D4: 30 | E4: 7-04 ayt plot files â€” ayttrialdata_rows_polygons__ayt_plots_dissolved | F4: D:/Drone Imagery/2025 summer/20250704/shapefiles/7-04 ayt plot files.gpkg|layername=ayttrialdata_rows_polygons__ayt_plots_dissolved | G4: 13362.195 | H4: 1.9195344e+08 | I4: 8844.4778 | J4: 87585169 | K4: 0.13114313 | L4: 0.026129458 | M4: -0.031232623 | N4: 0.0017442197 | O4: 0.42215768 | P4: 0.24394057 | Q4: 0.70976574 | R4: 0.20599833 | S4: 0.39429276 | T4: 0.079617255 | U4: 20
A5: 4 | B5: 104 | C5: AYT Trial | D5: 30 | E5: 7-04 ayt plot files â€” ayttrialdata_rows_polygons__ayt_plots_dissolved | F5: D:/Drone Imagery/2025 summer/20250704/shapefiles/7-04 ayt plot files.gpkg|layername=ayttrialdata_rows_polygons__ayt_plots_dissolved | G5: 14377.542 | H5: 1.8271338e+08 | I5: 7378.1391 | J5: 86929542 | K5: 0.15197531 | L5: 0.033008439 | M5: -0.030325308 | N5: 0.0019858163 | O5: 0.47314436 | P5: 0.24927877 | Q5: 0.55731039 | R5: 0.24671552 | S5: 0.41810693 | T5: 0.091385641 | U5: 19
A6: 5 | B6: 105 | C6: AYT Trial | D6: 30 | E6: 7-04 ayt plot files â€” ayttrialdata_rows_polygons__ayt_plots_dissolved | F6: D:/Drone Imagery/2025 summer/20250704/shapefiles/7-04 ayt plot files.gpkg|layername=ayttrialdata_rows_polygons__ayt_plots_dissolved | G6: 16661.516 | H6: 2.0679204e+08 | I6: 5826.0036 | J6: 67051797 | K6: 0.16961777 | L6: 0.022596746 | M6: -0.027468448 | N6: 0.0018938438 | O6: 0.51817846 | P6: 0.24966954 | Q6: 0.58465339 | R6: 0.2428338 | S6: 0.45436807 | T6: 0.072561083 | U6: 18
A7: 6 | B7: 106 | C7: AYT Trial | D7: 30 | E7: 7-04 ayt plot files â€” ayttrialdata_rows_polygons__ayt_plots_dissolved | F7: D:/Drone Imagery/2025 summer/20250704/shapefiles/7-04 ayt plot files.gpkg|layername=ayttrialdata_rows_polygons__ayt_plots_dissolved | G7: 14035.735 | H7: 1.7241292e+08 | I7: 7351.2893 | J7: 88068191 | K7: 0.15845704 | L7: 0.02936476 | M7: -0.028403258 | N7: 0.0018835683 | O7: 0.45248113 | P7: 0.24774196 | Q7: 0.66691651 | R7: 0.22213888 | S7: 0.41647561 | T7: 0.083012959 | U7: 24
A8: 7 | B8: 107 | C8: AYT Trial | D8: 30 | E8: 7-04 ayt plot files â€” ayttrialdata_rows_polygons__ayt_plots_dissolved | F8: D:/Drone Imagery/2025 summer/20250704/shapefiles/7-04 ayt plot files.gpkg|layername=ayttrialdata_rows_polygons__ayt_plots_dissolved | G8: 16154.726 | H8: 1.7329647e+08 | I8: 5173.7748 | J8: 75805266 | K8: 0.21094569 | L8: 0.027805847 | M8: -0.013740553 | N8: 0.0019364838 | O8: 0.5374095 | P8: 0.24860053 | Q8: 0.82586689 | R8: 0.14381077 | S8: 0.49100318 | T8: 0.074196925 | U8: 41
A9: 8 | B9: 108 | C9: AYT Trial | D9: 30 | E9: 7-04 ayt plot files â€” ayttrialdata_rows_polygons__ayt_plots_dissolved | F9: D:/Drone Imagery/2025 summer/20250704/shapefiles/7-04 ayt plot files.gpkg|layername=ayttrialdata_rows_polygons__ayt_plots_dissolved | G9: 17553.464 | H9: 1.8288839e+08 | I9: 4706.4171 | J9: 80935379 | K9: 0.23225531 | L9: 0.028099424 | M9: -0.0090537772 | N9: 0.0018859383 | O9: 0.57974238 | P9: 0.24364115 | Q9: 0.5192724 | R9: 0.24962857 | S9: 0.52622038 | T9: 0.073420659 | U9: 23
A10: 9 | B10: 109 | C10: AYT Trial | D10: 30 | E10: 7-04 ayt plot files â€” ayttrialdata_rows_polygons__ayt_plots_dissolved | F10: D:/Drone Imagery/2025 summer/20250704/shapefiles/7-04 ayt plot files.gpkg|layername=ayttrialdata_rows_polygons__ayt_plots_dissolved | G10: 11069.675 | H10: 1.4931482e+08 | I10: 10227.594 | J10: 84015118 | K10: 0.13729395 | L10: 0.029669974 | M10: -0.030998123 | N10: 0.0020150959 | O10: 0.34966691 | P10: 0.22739996 | Q10: 0.69508695 | R10: 0.21194108 | S10: 0.37298298 | T10: 0.076103088 | U10: 40
A11: 10 | B11: 110 | C11: AYT Trial | D11: 30 | E11: 7-04 ayt plot files â€” ayttrialdata_rows_polygons__ayt_plots_dissolved | F11: D:/Drone Imagery/2025 summer/20250704/shapefiles/7-04 ayt plot files.gpkg|layername=ayttrialdata_rows_polygons__ayt_plots_dissolved | G11: 13931.951 | H11: 1.7932585e+08 | I11: 6036.5226 | J11: 72783309 | K11: 0.20845066 | L11: 0.025970352 | M11: -0.0087464002 | N11: 0.0020354989 | O11: 0.47515339 | P11: 0.24938265 | Q11: 0.32442712 | R11: 0.21917416 | S11: 0.46937636 | T11: 0.07234843 | U11: 11
A12: 11 | B12: 201 | C12: AYT Trial | D12: 30 | E12: 7-04 ayt plot files â€” ayttrialdata_rows_polygons__ayt_plots_dissolved | F12: D:/Drone Imagery/2025 summer/20250704/shapefiles/7-04 ayt plot files.gpkg|layername=ayttrialdata_rows_polygons__ayt_plots_dissolved | G12: 13045.239 | H12: 1.5673003e+08 | I12: 8103.0248 | J12: 85041319 | K12: 0.11214859 | L12: 0.032876629 | M12: -0.045431572 | N12: 0.0015220109 | O12: 0.42544581 | P12: 0.24444167 | Q12: 0.84863626 | R12: 0.12845276 | S12: 0.36628876 | T12: 0.091638626 | U12: 53
A13: 12 | B13: 202 | C13: AYT Trial | D13: 30 | E13: 7-04 ayt plot files â€” ayttrialdata_rows_polygons__ayt_plots_dissolved | F13: D:/Drone Imagery/2025 summer/20250704/shapefiles/7-04 ayt plot files.gpkg|layername=ayttrialdata_rows_polygons__ayt_plots_dissolved | G13: 9089.4046 | H13: 96909414 | I13: 9611.2097 | J13: 86203122 | K13: 0.10391809 | L13: 0.044775902 | M13: -0.034928896 | N13: 0.0021538457 | O13: 0.37218953 | P13: 0.23366448 | Q13: 0.73887201 | R13: 0.19294016 | S13: 0.31875177 | T13: 0.10253084 | U13: 38
... A165: 164 | B165: 612 | C165: PYT Trial | D165: 30 | E165: PYT plots | F165: D:/Drone Imagery/2025 summer/20250704/shapefiles/7-04 reg plot polygons.gpkg|layername=pyt_trial_data_rows_polygons__pyt_trial_data_row_polygons | G165: 4602.5079 | H165: 73736096 | I165: 14690.441 | J165: 46283629 | K165: 0.025808796 | L165: 0.012728684 | M165: -0.051473824 | N165: 0.0010469088 | O165: 0.13270267 | P165: 0.11509267 | Q165: 0.62857897 | R165: 0.23346745 | S165: 0.19167654 | T165: 0.040880058 | U165: 33
A166: 165 | C166: PYT Trial | D166: 30 | E166: PYT plots | F166: D:/Drone Imagery/2025 summer/20250704/shapefiles/7-04 reg plot polygons.gpkg|layername=pyt_trial_data_rows_polygons__pyt_trial_data_row_polygons | G166: 3881.7003 | H166: 31314102 | I166: 16203.77 | J166: 23112671 | K166: -0.065753607 | L166: 0.0069135681 | M166: -0.08864252 | N166: 0.00078452857 | O166: 0.049224912 | P166: 0.04680182 | Q166: 0 | R166: 0 | S166: 0.093870436 | T166: 0.022612022 | U166: 0
A167: 166 | C167: PYT Trial | D167: 30 | E167: PYT plots | F167: D:/Drone Imagery/2025 summer/20250704/shapefiles/7-04 reg plot polygons.gpkg|layername=pyt_trial_data_rows_polygons__pyt_trial_data_row_polygons | G167: 794.45385 | H167: 4321586.5 | I167: 12410.023 | J167: 39164801 | K167: -0.053895288 | L167: 0.044763796 | M167: -0.043945139 | N167: 0.0086922288 | O167: 0.059088351 | P167: 0.055596918 | Q167: 0 | R167: 0 | S167: 0.19451876 | T167: 0.035055638 | U167: 0
A168: 167 | B168: 801 | C168: Registration | D168: 30 | E168: Registration Plots | F168: D:/Drone Imagery/2025 summer/20250704/shapefiles/7-04 reg plot files.gpkg|layername=registrationtrialdatarows | G168: 12533.333 | H168: 1.0899488e+08 | I168: 5773.4544 | J168: 81127696 | K168: 0.21980647 | L168: 0.034933533 | M168: -0.015522853 | N168: 0.0017571425 | O168: 0.49965914 | P168: 0.24999988 | Q168: 0.4453082 | R168: 0.24700881 | S168: 0.46911109 | T168: 0.083978925 | U168: 14
A169: 168 | B169: 802 | C169: Registration | D169: 30 | E169: Registration Plots | F169: D:/Drone Imagery/2025 summer/20250704/shapefiles/7-04 reg plot files.gpkg|layername=registrationtrialdatarows | G169: 11538.902 | H169: 1.3291553e+08 | I169: 9232.8006 | J169: 95187062 | K169: 0.1478833 | L169: 0.033632619 | M169: -0.033641363 | N169: 0.0016361972 | O169: 0.38872239 | P169: 0.23761729 | Q169: 0.61183126 | R169: 0.23749377 | S169: 0.38045289 | T169: 0.0880804 | U169: 17
A170: 169 | B170: 803 | C170: Registration | D170: 30 | E170: Registration Plots | F170: D:/Drone Imagery/2025 summer/20250704/shapefiles/7-04 reg plot files.gpkg|layername=registrationtrialdatarows | G170: 18950.725 | H170: 1.9594667e+08 | I170: 3799.7781 | J170: 78300630 | K170: 0.22024475 | L170: 0.025066107 | M170: -0.012842817 | N170: 0.0018279776 | O170: 0.5882167 | P170: 0.24221781 | Q170: 0.63736718 | R170: 0.23113026 | S170: 0.51743847 | T170: 0.071545221 | U170: 24
A171: 170 | B171: 804 | C171: Registration | D171: 30 | E171: Registration Plots | F171: D:/Drone Imagery/2025 summer/20250704/shapefiles/7-04 reg plot files.gpkg|layername=registrationtrialdatarows | G171: 21384.165 | H171: 1.4940787e+08 | I171: 2165.8649 | J171: 59124450 | K171: 0.24558086 | L171: 0.021930643 | M171: -0.015419614 | N171: 0.001845769 | O171: 0.73431368 | P171: 0.1950971 | Q171: 0.91938496 | R171: 0.074116258 | S171: 0.57531858 | T171: 0.059146013 | U171: 63
A172: 171 | B172: 805 | C172: Registration | D172: 30 | E172: Registration Plots | F172: D:/Drone Imagery/2025 summer/20250704/shapefiles/7-04 reg plot files.gpkg|layername=registrationtrialdatarows | G172: 16433.658 | H172: 1.8250612e+08 | I172: 5155.0158 | J172: 84245012 | K172: 0.18031593 | L172: 0.030085057 | M172: -0.017948837 | N172: 0.0019170746 | O172: 0.53508062 | P172: 0.24876935 | Q172: 0.52249301 | R172: 0.24949406 | S172: 0.45469509 | T172: 0.085313519 | U172: 11
A173: 172 | B173: 806 | C173: Registration | D173: 30 | E173: Registration Plots | F173: D:/Drone Imagery/2025 summer/20250704/shapefiles/7-04 reg plot files.gpkg|layername=registrationtrialdatarows | G173: 13771.146 | H173: 1.9344834e+08 | I173: 7987.3574 | J173: 76587759 | K173: 0.10044991 | L173: 0.025620663 | M173: -0.04019354 | N173: 0.0016229581 | O173: 0.39852015 | P173: 0.23970184 | Q173: 0.67382625 | R173: 0.21978443 | S173: 0.35295408 | T173: 0.085120618 | U173: 21
A174: 173 | B174: 807 | C174: Registration | D174: 30 | E174: Registration Plots | F174: D:/Drone Imagery/2025 summer/20250704/shapefiles/7-04 reg plot files.gpkg|layername=registrationtrialdatarows | G174: 18847.241 | H174: 1.8996978e+08 | I174: 3518.0895 | J174: 77715205 | K174: 0.20476579 | L174: 0.030653553 | M174: -0.02259398 | N174: 0.0022192588 | O174: 0.6111867 | P174: 0.23763752 | Q174: 0.72682429 | R174: 0.19855074 | S174: 0.50820305 | T174: 0.080569706 | U174: 32
A175: 174 | B175: 808 | C175: Registration | D175: 30 | E175: Registration Plots | F175: D:/Drone Imagery/2025 summer/20250704/shapefiles/7-04 reg plot files.gpkg|layername=registrationtrialdatarows | G175: 16486.998 | H175: 1.7598477e+08 | I175: 5815.654 | J175: 72311029 | K175: 0.16898214 | L175: 0.027953768 | M175: -0.032351608 | N175: 0.0021047508 | O175: 0.54610569 | P175: 0.24787426 | Q175: 0.83111411 | R175: 0.14036345 | S175: 0.45900863 | T175: 0.078625351 | U175: 44
A176: 175 | B176: 809 | C176: Registration | D176: 30 | E176: Registration Plots | F176: D:/Drone Imagery/2025 summer/20250704/shapefiles/7-04 reg plot files.gpkg|layername=registrationtrialdatarows | G176: 11971.443 | H176: 1.8553474e+08 | I176: 7916.9461 | J176: 66507565 | K176: 0.11190979 | L176: 0.02379366 | M176: -0.038072897 | N176: 0.0015527415 | O176: 0.36682612 | P176: 0.23226472 | Q176: 0.82447706 | R176: 0.14471464 | S176: 0.34611197 | T176: 0.079950023 | U176: 32
A177: 176 | B177: 701 | C177: Registration | D177: 30 | E177: Registration Plots | F177: D:/Drone Imagery/2025 summer/20250704/shapefiles/7-04 reg plot files.gpkg|layername=registrationtrialdatarows | G177: 14081.571 | H177: 1.7422527e+08 | I177: 7557.4761 | J177: 77556147 | K177: 0.12618609 | L177: 0.027416521 | M177: -0.046610695 | N177: 0.0015144859 | O177: 0.44372116 | P177: 0.24683269 | Q177: 0.56292057 | R177: 0.246041 | S177: 0.38155945 | T177: 0.084138745 | U177: 19
A178: 177 | B178: 702 | C178: Registration | D178: 30 | E178: Registration Plots | F178: D:/Drone Imagery/2025 summer/20250704/shapefiles/7-04 reg plot files.gpkg|layername=registrationtrialdatarows | G178: 14786.665 | H178: 1.9117217e+08 | I178: 8348.5654 | J178: 85985786 | K178: 0.11132538 | L178: 0.025951588 | M178: -0.04374367 | N178: 0.0015571139 | O178: 0.42715443 | P178: 0.24469352 | Q178: 0.87939458 | R178: 0.10605975 | S178: 0.36414058 | T178: 0.091081824 | U178: 42
A179: 178 | B179: 703 | C179: Registration | D179: 30 | E179: Registration Plots | F179: D:/Drone Imagery/2025 summer/20250704/shapefiles/7-04 reg plot files.gpkg|layername=registrationtrialdatarows | G179: 21528.204 | H179: 1.6738593e+08 | I179: 2688.0144 | J179: 72112135 | K179: 0.20645281 | L179: 0.027485599 | M179: -0.031325363 | N179: 0.002051842 | O179: 0.69505641 | P179: 0.211953 | Q179: 0.87308207 | R179: 0.11080977 | S179: 0.53140282 | T179: 0.077840884 | U179: 58
... A241: 240 | B241: 66666 | C241: Registration | D241: 30 | E241: Registration Plots | F241: D:/Drone Imagery/2025 summer/20250704/shapefiles/7-04 reg plot files.gpkg|layername=registrationtrialdatarows | G241: 594.37427 | H241: 1674934.4 | I241: 17032.593 | J241: 35327502 | K241: -0.042580644 | L241: 0.016407104 | M241: -0.061714698 | N241: 0.0041226003 | O241: 0 | P241: 0 | Q241: 0 | R241: 0 | S241: 0.1515279 | T241: 0.0083907118 | U241: 0

Sheet 731
A1: fid | B1: id | C1: Trial Name | D1: DAS | E1: layer | F1: path | G1: 724ExG_mean | H1: 724ExG_variance | I1: 724ExR_mean | J1: 724ExR_variance | K1: 724gNDVI_mean | L1: 724gNDVI_variance | M1: 731NDREmean | N1: 731NDREvariance | O1: 731NDVI_mean | P1: 731NDVI_variance | Q1: 731THRESH_mean | R1: 731THRESH_variance | S1: 731HA_mean | T1: 731HA_variance | U1: 731PLT_
A2: 1 | B2: 101 | C2: AYT Trial | D2: 37 | E2: 7-04 ayt plot files â€” ayttrialdata_rows_polygons__ayt_plots_dissolved | F2: D:/Drone Imagery/2025 summer/20250704/shapefiles/7-04 ayt plot files.gpkg|layername=ayttrialdata_rows_polygons__ayt_plots_dissolved | G2: 14885.921 | H2: 1.2841182e+08 | I2: 6270.0539 | J2: 1.1946292e+08 | K2: 0.2136527 | L2: 0.054471822 | M2: -0.020035711 | N2: 0.0029523454 | O2: 0.4708068 | P2: 0.11138805 | Q2: 0.54147631 | R2: 0.24827972 | S2: 0.70672375 | T2: 0.20726529 | U2: 28
A3: 2 | B3: 102 | C3: AYT Trial | D3: 37 | E3: 7-04 ayt plot files â€” ayttrialdata_rows_polygons__ayt_plots_dissolved | F3: D:/Drone Imagery/2025 summer/20250704/shapefiles/7-04 ayt plot files.gpkg|layername=ayttrialdata_rows_polygons__ayt_plots_dissolved | G3: 17006.246 | H3: 1.9833015e+08 | I3: 7749.3463 | J3: 1.3629413e+08 | K3: 0.15057384 | L3: 0.048530858 | M3: -0.039852084 | N3: 0.003120974 | O3: 0.41903021 | P3: 0.11683967 | Q3: 0.5060643 | R3: 0.24996322 | S3: 0.62086742 | T3: 0.23539107 | U3: 18
A4: 3 | B4: 103 | C4: AYT Trial | D4: 37 | E4: 7-04 ayt plot files â€” ayttrialdata_rows_polygons__ayt_plots_dissolved | F4: D:/Drone Imagery/2025 summer/20250704/shapefiles/7-04 ayt plot files.gpkg|layername=ayttrialdata_rows_polygons__ayt_plots_dissolved | G4: 22873.364 | H4: 2.4384897e+08 | I4: 4102.1584 | J4: 1.083657e+08 | K4: 0.18656297 | L4: 0.031758141 | M4: -0.041519542 | N4: 0.0025342149 | O4: 0.50747506 | P4: 0.087298679 | Q4: 0.6392216 | R4: 0.23061735 | S4: 0.52791071 | T4: 0.24922099 | U4: 16
A5: 4 | B5: 104 | C5: AYT Trial | D5: 37 | E5: 7-04 ayt plot files â€” ayttrialdata_rows_polygons__ayt_plots_dissolved | F5: D:/Drone Imagery/2025 summer/20250704/shapefiles/7-04 ayt plot files.gpkg|layername=ayttrialdata_rows_polygons__ayt_plots_dissolved | G5: 26032.367 | H5: 2.0347449e+08 | I5: 506.81072 | J5: 82900304 | K5: 0.2208099 | L5: 0.030532243 | M5: -0.041568218 | N5: 0.0031551325 | O5: 0.57137775 | P5: 0.08099985 | Q5: 0.76285214 | R5: 0.18090875 | S5: 0.73597153 | T5: 0.19431744 | U5: 29
A6: 5 | B6: 105 | C6: AYT Trial | D6: 37 | E6: 7-04 ayt plot files â€” ayttrialdata_rows_polygons__ayt_plots_dissolved | F6: D:/Drone Imagery/2025 summer/20250704/shapefiles/7-04 ayt plot files.gpkg|layername=ayttrialdata_rows_polygons__ayt_plots_dissolved | G6: 27760.22 | H6: 1.8655036e+08 | I6: -467.07884 | J6: 57311501 | K6: 0.23215359 | L6: 0.020171278 | M6: -0.037239319 | N6: 0.0031034688 | O6: 0.59617849 | P6: 0.053700456 | Q6: 0.79423265 | R6: 0.16342715 | S6: 0.70934718 | T6: 0.20617376 | U6: 33
A7: 6 | B7: 106 | C7: AYT Trial | D7: 37 | E7: 7-04 ayt plot files â€” ayttrialdata_rows_polygons__ayt_plots_dissolved | F7: D:/Drone Imagery/2025 summer/20250704/shapefiles/7-04 ayt plot files.gpkg|layername=ayttrialdata_rows_polygons__ayt_plots_dissolved | G7: 25863.981 | H7: 1.9458614e+08 | I7: 795.64105 | J7: 1.0172543e+08 | K7: 0.22951726 | L7: 0.036099233 | M7: -0.032041405 | N7: 0.003222248 | O7: 0.57098013 | P7: 0.087398896 | Q7: 0.7670734 | R7: 0.1786718 | S7: 0.53260841 | T7: 0.24893669 | U7: 23
A8: 7 | B8: 107 | C8: AYT Trial | D8: 37 | E8: 7-04 ayt plot files â€” ayttrialdata_rows_polygons__ayt_plots_dissolved | F8: D:/Drone Imagery/2025 summer/20250704/shapefiles/7-04 ayt plot files.gpkg|layername=ayttrialdata_rows_polygons__ayt_plots_dissolved | G8: 27357.41 | H8: 1.8919893e+08 | I8: 195.44607 | J8: 80894736 | K8: 0.25547541 | L8: 0.02889485 | M8: -0.016845557 | N8: 0.0033907562 | O8: 0.61100096 | P8: 0.065707081 | Q8: 0.81505457 | R8: 0.15074061 | S8: 0.83330697 | T8: 0.13890646 | U8: 55
A9: 8 | B9: 108 | C9: AYT Trial | D9: 37 | E9: 7-04 ayt plot files â€” ayttrialdata_rows_polygons__ayt_plots_dissolved | F9: D:/Drone Imagery/2025 summer/20250704/shapefiles/7-04 ayt plot files.gpkg|layername=ayttrialdata_rows_polygons__ayt_plots_dissolved | G9: 26268.209 | H9: 1.9031389e+08 | I9: 864.7549 | J9: 88363672 | K9: 0.26033691 | L9: 0.032146934 | M9: -0.0092681291 | N9: 0.0028162038 | O9: 0.60256091 | P9: 0.078629348 | Q9: 0.76827124 | R9: 0.17803054 | S9: 0.47206841 | T9: 0.24921983 | U9: 12
A10: 9 | B10: 109 | C10: AYT Trial | D10: 37 | E10: 7-04 ayt plot files â€” ayttrialdata_rows_polygons__ayt_plots_dissolved | F10: D:/Drone Imagery/2025 summer/20250704/shapefiles/7-04 ayt plot files.gpkg|layername=ayttrialdata_rows_polygons__ayt_plots_dissolved | G10: 22658.071 | H10: 2.2239734e+08 | I10: 3862.7651 | J10: 1.1311063e+08 | K10: 0.20691822 | L10: 0.032495201 | M10: -0.026027231 | N10: 0.0024826531 | O10: 0.52766892 | P10: 0.086481032 | Q10: 0.63873175 | R10: 0.2307535 | S10: 0.66650321 | T10: 0.22227668 | U10: 28
A11: 10 | B11: 110 | C11: AYT Trial | D11: 37 | E11: 7-04 ayt plot files â€” ayttrialdata_rows_polygons__ayt_plots_dissolved | F11: D:/Drone Imagery/2025 summer/20250704/shapefiles/7-04 ayt plot files.gpkg|layername=ayttrialdata_rows_polygons__ayt_plots_dissolved | G11: 25664.568 | H11: 2.2112835e+08 | I11: 1175.7114 | J11: 77379061 | K11: 0.23872951 | L11: 0.023038864 | M11: -0.025479131 | N11: 0.0029811564 | O11: 0.59133671 | P11: 0.063119258 | Q11: 0.74319201 | R11: 0.19085765 | S11: 0.624852 | T11: 0.23441198 | U11: 27
A12: 11 | B12: 201 | C12: AYT Trial | D12: 37 | E12: 7-04 ayt plot files â€” ayttrialdata_rows_polygons__ayt_plots_dissolved | F12: D:/Drone Imagery/2025 summer/20250704/shapefiles/7-04 ayt plot files.gpkg|layername=ayttrialdata_rows_polygons__ayt_plots_dissolved | G12: 15782.385 | H12: 1.4505568e+08 | I12: 6565.1861 | J12: 1.1249815e+08 | K12: 0.15188513 | L12: 0.049748902 | M12: -0.048697651 | N12: 0.0021310334 | O12: 0.42181603 | P12: 0.1206019 | Q12: 0.52640815 | R12: 0.24930261 | S12: 0.79479149 | T12: 0.16309798 | U12: 34
A13: 12 | B13: 202 | C13: AYT Trial | D13: 37 | E13: 7-04 ayt plot files â€” ayttrialdata_rows_polygons__ayt_plots_dissolved | F13: D:/Drone Imagery/2025 summer/20250704/shapefiles/7-04 ayt plot files.gpkg|layername=ayttrialdata_rows_polygons__ayt_plots_dissolved | G13: 13521.419 | H13: 1.1645972e+08 | I13: 7371.393 | J13: 1.1908211e+08 | K13: 0.14506563 | L13: 0.058976253 | M13: -0.035044425 | N13: 0.003453341 | O13: 0.37780254 | P13: 0.12920326 | Q13: 0.49367316 | R13: 0.24995997 | S13: 0.48931971 | T13: 0.24988593 | U13: 14
... A165: 164 | B165: 612 | C165: PYT Trial | D165: 37 | E165: PYT plots | F165: D:/Drone Imagery/2025 summer/20250704/shapefiles/7-04 reg plot polygons.gpkg|layername=pyt_trial_data_rows_polygons__pyt_trial_data_row_polygons | G165: 9484.0743 | H165: 1.6722298e+08 | I165: 12473.652 | J165: 99612405 | K165: 0.090839533 | L165: 0.027774501 | M165: -0.042441093 | N165: 0.0017769571 | O165: 0.31813598 | P165: 0.078931771 | Q165: 0.28616877 | R165: 0.2042762 | S165: 0.44535818 | T165: 0.24701427 | U165: 11
A166: 165 | C166: PYT Trial | D166: 37 | E166: PYT plots | F166: D:/Drone Imagery/2025 summer/20250704/shapefiles/7-04 reg plot polygons.gpkg|layername=pyt_trial_data_rows_polygons__pyt_trial_data_row_polygons | G166: 571.22259 | H166: 327893.96 | I166: 17874.508 | J166: 2250744.9 | K166: -0.14540308 | L166: 0.00051770303 | M166: -0.11969554 | N166: 0.00027297016 | O166: -0.088822072 | P166: 0.00035185861 | Q166: 0 | R166: 0 | S166: 0 | T166: 0 | U166: 0
A167: 166 | C167: PYT Trial | D167: 37 | E167: PYT plots | F167: D:/Drone Imagery/2025 summer/20250704/shapefiles/7-04 reg plot polygons.gpkg|layername=pyt_trial_data_rows_polygons__pyt_trial_data_row_polygons | G167: 1950.4414 | H167: 13908286 | I167: 14655.769 | J167: 52529870 | K167: -0.018126989 | L167: 0.047383202 | M167: -0.024319437 | N167: 0.0072731924 | O167: 0.27670582 | P167: 0.038990929 | Q167: 0.13098592 | R167: 0.11382861 | S167: 0 | T167: 0 | U167: 0
A168: 167 | B168: 801 | C168: Registration | D168: 37 | E168: Registration Plots | F168: D:/Drone Imagery/2025 summer/20250704/shapefiles/7-04 reg plot files.gpkg|layername=registrationtrialdatarows | G168: 15299.339 | H168: 1.540963e+08 | I168: 6681.7231 | J168: 1.1888756e+08 | K168: 0.21471223 | L168: 0.044896564 | M168: -0.013093212 | N168: 0.0030396963 | O168: 0.48015622 | P168: 0.098314228 | Q168: 0.51343755 | R168: 0.24981943 | S168: 0.46033322 | T168: 0.24842655 | U168: 19
A169: 168 | B169: 802 | C169: Registration | D169: 37 | E169: Registration Plots | F169: D:/Drone Imagery/2025 summer/20250704/shapefiles/7-04 reg plot files.gpkg|layername=registrationtrialdatarows | G169: 16019.945 | H169: 1.5788783e+08 | I169: 6978.3634 | J169: 1.2368076e+08 | K169: 0.19696427 | L169: 0.046354588 | M169: -0.020307247 | N169: 0.002125752 | O169: 0.45872037 | P169: 0.10513097 | Q169: 0.5068785 | R169: 0.24995269 | S169: 0.34636818 | T169: 0.22639726 | U169: 6
A170: 169 | B170: 803 | C170: Registration | D170: 37 | E170: Registration Plots | F170: D:/Drone Imagery/2025 summer/20250704/shapefiles/7-04 reg plot files.gpkg|layername=registrationtrialdatarows | G170: 24198.526 | H170: 1.8293603e+08 | I170: 3231.6946 | J170: 69965847 | K170: 0.23166343 | L170: 0.02548409 | M170: -0.014906283 | N170: 0.002428384 | O170: 0.56962263 | P170: 0.064308184 | Q170: 0.72233097 | R170: 0.20056894 | S170: 0.89168257 | T170: 0.096584762 | U170: 92
A171: 170 | B171: 804 | C171: Registration | D171: 37 | E171: Registration Plots | F171: D:/Drone Imagery/2025 summer/20250704/shapefiles/7-04 reg plot files.gpkg|layername=registrationtrialdatarows | G171: 28834.12 | H171: 1.5077809e+08 | I171: 372.42078 | J171: 49628711 | K171: 0.2454718 | L171: 0.016223933 | M171: -0.023640011 | N171: 0.0022115682 | O171: 0.63126087 | P171: 0.038757337 | Q171: 0.8545627 | R171: 0.12428529 | S171: 0.9624772 | T171: 0.036114835 | U171: 60
A172: 171 | B172: 805 | C172: Registration | D172: 37 | E172: Registration Plots | F172: D:/Drone Imagery/2025 summer/20250704/shapefiles/7-04 reg plot files.gpkg|layername=registrationtrialdatarows | G172: 23763.357 | H172: 1.7336918e+08 | I172: 1971.1476 | J172: 67583034 | K172: 0.23170013 | L172: 0.02217142 | M172: -0.015872325 | N172: 0.0025605865 | O172: 0.56564459 | P172: 0.058810199 | Q172: 0.71822655 | R172: 0.20237717 | S172: 0.8532476 | T172: 0.12521613 | U172: 35
A173: 172 | B173: 806 | C173: Registration | D173: 37 | E173: Registration Plots | F173: D:/Drone Imagery/2025 summer/20250704/shapefiles/7-04 reg plot files.gpkg|layername=registrationtrialdatarows | G173: 20652.172 | H173: 2.1892397e+08 | I173: 5088.825 | J173: 99079107 | K173: 0.1542769 | L173: 0.030394658 | M173: -0.038061631 | N173: 0.0022418301 | O173: 0.44208375 | P173: 0.096946554 | Q173: 0.56129565 | R173: 0.24624284 | S173: 0.74699244 | T173: 0.18899473 | U173: 23
A174: 173 | B174: 807 | C174: Registration | D174: 37 | E174: Registration Plots | F174: D:/Drone Imagery/2025 summer/20250704/shapefiles/7-04 reg plot files.gpkg|layername=registrationtrialdatarows | G174: 25971.861 | H174: 1.5928848e+08 | I174: 408.75171 | J174: 64378906 | K174: 0.25094192 | L174: 0.024225218 | M174: -0.025204899 | N174: 0.0025602795 | O174: 0.59780622 | P174: 0.058237746 | Q174: 0.78133657 | R174: 0.17084973 | S174: 0.90224787 | T174: 0.088196648 | U174: 81
A175: 174 | B175: 808 | C175: Registration | D175: 37 | E175: Registration Plots | F175: D:/Drone Imagery/2025 summer/20250704/shapefiles/7-04 reg plot files.gpkg|layername=registrationtrialdatarows | G175: 27264.486 | H175: 1.6468479e+08 | I175: 572.85813 | J175: 55088772 | K175: 0.1958075 | L175: 0.019780273 | M175: -0.053571781 | N175: 0.0027012361 | O175: 0.56556565 | P175: 0.055176884 | Q175: 0.7904583 | R175: 0.16563397 | S175: 0.98546956 | T175: 0.014319306 | U175: 127
A176: 175 | B176: 809 | C176: Registration | D176: 37 | E176: Registration Plots | F176: D:/Drone Imagery/2025 summer/20250704/shapefiles/7-04 reg plot files.gpkg|layername=registrationtrialdatarows | G176: 20773.761 | H176: 2.37722e+08 | I176: 4491.3246 | J176: 75741239 | K176: 0.11638786 | L176: 0.022828348 | M176: -0.060540998 | N176: 0.0022106689 | O176: 0.4054408 | P176: 0.088887785 | Q176: 0.54470436 | R176: 0.24800152 | S176: 0.82074005 | T176: 0.14712582 | U176: 51
A177: 176 | B177: 701 | C177: Registration | D177: 37 | E177: Registration Plots | F177: D:/Drone Imagery/2025 summer/20250704/shapefiles/7-04 reg plot files.gpkg|layername=registrationtrialdatarows | G177: 23190.282 | H177: 1.8859377e+08 | I177: 2640.0414 | J177: 68264035 | K177: 0.21446329 | L177: 0.019351966 | M177: -0.035227783 | N177: 0.0022143359 | O177: 0.55903844 | P177: 0.061854885 | Q177: 0.68657351 | R177: 0.21519032 | S177: 0.73306865 | T177: 0.195679 | U177: 27
A178: 177 | B178: 702 | C178: Registration | D178: 37 | E178: Registration Plots | F178: D:/Drone Imagery/2025 summer/20250704/shapefiles/7-04 reg plot files.gpkg|layername=registrationtrialdatarows | G178: 20262.492 | H178: 1.7600875e+08 | I178: 3937.6214 | J178: 94894709 | K178: 0.20017771 | L178: 0.036837037 | M178: -0.027320061 | N178: 0.0026478852 | O178: 0.48980272 | P178: 0.095761906 | Q178: 0.62322612 | R178: 0.23481532 | S178: 0.82493248 | T178: 0.14441888 | U178: 43
A179: 178 | B179: 703 | C179: Registration | D179: 37 | E179: Registration Plots | F179: D:/Drone Imagery/2025 summer/20250704/shapefiles/7-04 reg plot files.gpkg|layername=registrationtrialdatarows | G179: 25389.918 | H179: 1.8720524e+08 | I179: 1938.4908 | J179: 97311950 | K179: 0.19647906 | L179: 0.038366029 | M179: -0.043203591 | N179: 0.0030552121 | O179: 0.53313604 | P179: 0.10420591 | Q179: 0.74555048 | R179: 0.18970496 | S179: 0.92113645 | T179: 0.072644089 | U179: 96
... A241: 240 | B241: 66666 | C241: Registration | D241: 37 | E241: Registration Plots | F241: D:/Drone Imagery/2025 summer/20250704/shapefiles/7-04 reg plot files.gpkg|layername=registrationtrialdatarows | G241: 1853.4946 | H241: 1699651.9 | I241: 18006.509 | J241: 26800891 | K241: 0.005825976 | L241: 0.013529978 | M241: -0.032981225 | N241: 0.0025957097 | O241: 0.21306877 | P241: 0.0067088456 | Q241: 0 | R241: 0 | S241: 0 | T241: 0 | U241: 0

Sheet 805
A1: fid | B1: id | C1: Trial Name | D1: DAS | E1: layer | F1: path | G1: 805ExG_mean | H1: 805ExG_variance | I1: 805ExR_mean | J1: 805ExR_variance | K1: 805gNDVI_mean | L1: 805gNDVI_variance | M1: 805NDRE_mean | N1: 805NDRE_variance | O1: 805NDVI_mean | P1: 805NDVI_variance | Q1: 805THRESH_mean | R1: 805THRESH_variance | S1: 805HA_mean | T1: 805HA_variance | U1: 805PLTCOUNT_
A2: 1 | B2: 101 | C2: AYT Trial | D2: 42 | E2: 7-04 ayt plot files â€” ayttrialdata_rows_polygons__ayt_plots_dissolved | F2: D:/Drone Imagery/2025 summer/20250704/shapefiles/7-04 ayt plot files.gpkg|layername=ayttrialdata_rows_polygons__ayt_plots_dissolved | G2: 15088.483 | H2: 89896628 | I2: 4965.689 | J2: 1.1282894e+08 | K2: 0.27311488 | L2: 0.051341565 | M2: 4965.689 | N2: 1.1282894e+08 | O2: 0.54597452 | P2: 0.096815242 | Q2: 0.63921348 | R2: 0.23061961 | S2: 0.86378805 | T2: 0.11765825 | U2: 80
A3: 2 | B3: 102 | C3: AYT Trial | D3: 42 | E3: 7-04 ayt plot files â€” ayttrialdata_rows_polygons__ayt_plots_dissolved | F3: D:/Drone Imagery/2025 summer/20250704/shapefiles/7-04 ayt plot files.gpkg|layername=ayttrialdata_rows_polygons__ayt_plots_dissolved | G3: 15873.38 | H3: 1.6666785e+08 | I3: 8593.3548 | J3: 1.2050273e+08 | K3: 0.14808904 | L3: 0.042275829 | M3: 8593.3548 | N3: 1.2050273e+08 | O3: 0.41604713 | P3: 0.10402205 | Q3: 0.50544206 | R3: 0.24997038 | S3: 0.83818499 | T3: 0.13563091 | U3: 128
A4: 3 | B4: 103 | C4: AYT Trial | D4: 42 | E4: 7-04 ayt plot files â€” ayttrialdata_rows_polygons__ayt_plots_dissolved | F4: D:/Drone Imagery/2025 summer/20250704/shapefiles/7-04 ayt plot files.gpkg|layername=ayttrialdata_rows_polygons__ayt_plots_dissolved | G4: 19226.093 | H4: 1.7019887e+08 | I4: 4562.9436 | J4: 1.0922434e+08 | K4: 0.22312058 | L4: 0.038150476 | M4: 4562.9436 | N4: 1.0922434e+08 | O4: 0.52191365 | P4: 0.08916761 | Q4: 0.65522869 | R4: 0.22590405 | S4: 0.7477247 | T4: 0.18863248 | U4: 84
A5: 4 | B5: 104 | C5: AYT Trial | D5: 42 | E5: 7-04 ayt plot files â€” ayttrialdata_rows_polygons__ayt_plots_dissolved | F5: D:/Drone Imagery/2025 summer/20250704/shapefiles/7-04 ayt plot files.gpkg|layername=ayttrialdata_rows_polygons__ayt_plots_dissolved | G5: 27089.046 | H5: 1.4437924e+08 | I5: -995.10839 | J5: 73215871 | K5: 0.28368569 | L5: 0.030762563 | M5: -995.10839 | N5: 73215871 | O5: 0.65547518 | P5: 0.062910429 | Q5: 0.87333663 | R5: 0.11061976 | S5: 0.76551999 | T5: 0.17949914 | U5: 86
A6: 5 | B6: 105 | C6: AYT Trial | D6: 42 | E6: 7-04 ayt plot files â€” ayttrialdata_rows_polygons__ayt_plots_dissolved | F6: D:/Drone Imagery/2025 summer/20250704/shapefiles/7-04 ayt plot files.gpkg|layername=ayttrialdata_rows_polygons__ayt_plots_dissolved | G6: 27641.104 | H6: 1.2078136e+08 | I6: -1922.7446 | J6: 43519740 | K6: 0.30070603 | L6: 0.017275681 | M6: -1922.7446 | N6: 43519740 | O6: 0.68126296 | P6: 0.030677349 | Q6: 0.89342757 | R6: 0.095214746 | S6: 0.83555943 | T6: 0.13739987 | U6: 98
A7: 6 | B7: 106 | C7: AYT Trial | D7: 42 | E7: 7-04 ayt plot files â€” ayttrialdata_rows_polygons__ayt_plots_dissolved | F7: D:/Drone Imagery/2025 summer/20250704/shapefiles/7-04 ayt plot files.gpkg|layername=ayttrialdata_rows_polygons__ayt_plots_dissolved | G7: 25495.931 | H7: 1.3853779e+08 | I7: -582.64526 | J7: 82868657 | K7: 0.3033564 | L7: 0.039534666 | M7: -582.64526 | N7: 82868657 | O7: 0.65014312 | P7: 0.071732723 | Q7: 0.86296399 | R7: 0.11825715 | S7: 0.73965921 | T7: 0.19256346 | U7: 68
A8: 7 | B8: 107 | C8: AYT Trial | D8: 42 | E8: 7-04 ayt plot files â€” ayttrialdata_rows_polygons__ayt_plots_dissolved | F8: D:/Drone Imagery/2025 summer/20250704/shapefiles/7-04 ayt plot files.gpkg|layername=ayttrialdata_rows_polygons__ayt_plots_dissolved | G8: 30108.707 | H8: 1.4014946e+08 | I8: -1705.1965 | J8: 57630240 | K8: 0.29583527 | L8: 0.02390379 | M8: -1705.1965 | N8: 57630240 | O8: 0.68430079 | P8: 0.040924688 | Q8: 0.90252598 | R8: 0.087972837 | S8: 0.74906914 | T8: 0.18796456 | U8: 62
A9: 8 | B9: 108 | C9: AYT Trial | D9: 42 | E9: 7-04 ayt plot files â€” ayttrialdata_rows_polygons__ayt_plots_dissolved | F9: D:/Drone Imagery/2025 summer/20250704/shapefiles/7-04 ayt plot files.gpkg|layername=ayttrialdata_rows_polygons__ayt_plots_dissolved | G9: 25124.622 | H9: 1.4421082e+08 | I9: 791.29318 | J9: 82332368 | K9: 0.30345308 | L9: 0.027932544 | M9: 791.29318 | N9: 82332368 | O9: 0.64569132 | P9: 0.061035 | Q9: 0.80795082 | R9: 0.15516629 | S9: 0.70374711 | T9: 0.20848711 | U9: 50
A10: 9 | B10: 109 | C10: AYT Trial | D10: 42 | E10: 7-04 ayt plot files â€” ayttrialdata_rows_polygons__ayt_plots_dissolved | F10: D:/Drone Imagery/2025 summer/20250704/shapefiles/7-04 ayt plot files.gpkg|layername=ayttrialdata_rows_polygons__ayt_plots_dissolved | G10: 24807.97 | H10: 1.6774115e+08 | I10: 1374.2328 | J10: 1.0296178e+08 | K10: 0.28126991 | L10: 0.034722311 | M10: 1374.2328 | N10: 1.0296178e+08 | O10: 0.62571754 | P10: 0.075103194 | Q10: 0.78055665 | R10: 0.17128797 | S10: 0.65656807 | T10: 0.22548644 | U10: 66
A11: 10 | B11: 110 | C11: AYT Trial | D11: 42 | E11: 7-04 ayt plot files â€” ayttrialdata_rows_polygons__ayt_plots_dissolved | F11: D:/Drone Imagery/2025 summer/20250704/shapefiles/7-04 ayt plot files.gpkg|layername=ayttrialdata_rows_polygons__ayt_plots_dissolved | G11: 25596.663 | H11: 1.8331329e+08 | I11: 476.47921 | J11: 89604374 | K11: 0.26871181 | L11: 0.032236482 | M11: 476.47921 | N11: 89604374 | O11: 0.63282151 | P11: 0.069339369 | Q11: 0.82046498 | R11: 0.14730219 | S11: 0.63991245 | T11: 0.23042451 | U11: 56
A12: 11 | B12: 201 | C12: AYT Trial | D12: 42 | E12: 7-04 ayt plot files â€” ayttrialdata_rows_polygons__ayt_plots_dissolved | F12: D:/Drone Imagery/2025 summer/20250704/shapefiles/7-04 ayt plot files.gpkg|layername=ayttrialdata_rows_polygons__ayt_plots_dissolved | G12: 19776.9 | H12: 1.0605674e+08 | I12: 1647.5986 | J12: 86006589 | K12: 0.28907701 | L12: 0.035378545 | M12: 1647.5986 | N12: 86006589 | O12: 0.60155792 | P12: 0.07618412 | Q12: 0.73810772 | R12: 0.19330472 | S12: 0.78326102 | T12: 0.1697632 | U12: 50
A13: 12 | B13: 202 | C13: AYT Trial | D13: 42 | E13: 7-04 ayt plot files â€” ayttrialdata_rows_polygons__ayt_plots_dissolved | F13: D:/Drone Imagery/2025 summer/20250704/shapefiles/7-04 ayt plot files.gpkg|layername=ayttrialdata_rows_polygons__ayt_plots_dissolved | G13: 15869.022 | H13: 1.1814465e+08 | I13: 5478.8097 | J13: 1.1485841e+08 | K13: 0.19958707 | L13: 0.051810755 | M13: 5478.8097 | N13: 1.1485841e+08 | O13: 0.45974174 | P13: 0.11711523 | Q13: 0.59069923 | R13: 0.24177365 | S13: 0.78726662 | T13: 0.16747789 | U13: 102
... A165: 164 | B165: 612 | C165: PYT Trial | D165: 42 | E165: PYT plots | F165: D:/Drone Imagery/2025 summer/20250704/shapefiles/7-04 reg plot polygons.gpkg|layername=pyt_trial_data_rows_polygons__pyt_trial_data_row_polygons | G165: 10120.392 | H165: 1.2931322e+08 | I165: 12425.24 | J165: 1.1978368e+08 | K165: 0.13721544 | L165: 0.035397393 | M165: 12425.24 | N165: 1.1978368e+08 | O165: 0.38252003 | P165: 0.084408684 | Q165: 0.3479999 | R165: 0.22689597 | S165: 0.49794115 | T165: 0.24999576 | U165: 28
A166: 165 | C166: PYT Trial | D166: 42 | E166: PYT plots | F166: D:/Drone Imagery/2025 summer/20250704/shapefiles/7-04 reg plot polygons.gpkg|layername=pyt_trial_data_rows_polygons__pyt_trial_data_row_polygons | G166: 1606.3197 | H166: 533187.48 | I166: 17920.527 | J166: 3643431.1 | K166: -0.20132494 | L166: 0.00085759731 | M166: 17920.527 | N166: 3643431.1 | O166: -0.1327942 | P166: 0.00054077523 | Q166: 0 | R166: 0 | S166: 0 | T166: 0 | U166: 0
A167: 166 | C167: PYT Trial | D167: 42 | E167: PYT plots | F167: D:/Drone Imagery/2025 summer/20250704/shapefiles/7-04 reg plot polygons.gpkg|layername=pyt_trial_data_rows_polygons__pyt_trial_data_row_polygons | G167: 1532.863 | H167: 2619068.7 | I167: 14610.477 | J167: 52975332 | K167: -0.00036808382 | L167: 0.040597041 | M167: 14610.477 | N167: 52975332 | O167: 0.26934283 | P167: 0.022625844 | Q167: 0.067510549 | R167: 0.062952874 | S167: 0 | T167: 0 | U167: 0
A168: 167 | B168: 801 | C168: Registration | D168: 42 | E168: Registration Plots | F168: D:/Drone Imagery/2025 summer/20250704/shapefiles/7-04 reg plot files.gpkg|layername=registrationtrialdatarows | G168: 19497.673 | H168: 84236531 | I168: 951.37521 | J168: 77903702 | K168: 0.38900521 | L168: 0.03339358 | M168: 951.37521 | N168: 77903702 | O168: 0.68149197 | P168: 0.059525029 | Q168: 0.78906072 | R168: 0.1664439 | S168: 0.83867148 | T168: 0.13530163 | U168: 74
A169: 168 | B169: 802 | C169: Registration | D169: 42 | E169: Registration Plots | F169: D:/Drone Imagery/2025 summer/20250704/shapefiles/7-04 reg plot files.gpkg|layername=registrationtrialdatarows | G169: 17175.819 | H169: 1.0312926e+08 | I169: 4771.3567 | J169: 1.2108704e+08 | K169: 0.29879662 | L169: 0.042897876 | M169: 4771.3567 | N169: 1.2108704e+08 | O169: 0.57195974 | P169: 0.085656229 | Q169: 0.64391641 | R169: 0.22928807 | S169: 0.77941601 | T169: 0.17192669 | U169: 92
A170: 169 | B170: 803 | C170: Registration | D170: 42 | E170: Registration Plots | F170: D:/Drone Imagery/2025 summer/20250704/shapefiles/7-04 reg plot files.gpkg|layername=registrationtrialdatarows | G170: 27152.621 | H170: 1.3021183e+08 | I170: -224.13369 | J170: 52839797 | K170: 0.30984691 | L170: 0.019788987 | M170: -224.13369 | N170: 52839797 | O170: 0.6737396 | P170: 0.035901029 | Q170: 0.87296956 | R170: 0.11089371 | S170: 0.90815359 | T170: 0.083410649 | U170: 176
A171: 170 | B171: 804 | C171: Registration | D171: 42 | E171: Registration Plots | F171: D:/Drone Imagery/2025 summer/20250704/shapefiles/7-04 reg plot files.gpkg|layername=registrationtrialdatarows | G171: 30625.541 | H171: 1.5012484e+08 | I171: -876.36057 | J171: 47608734 | K171: 0.25421031 | L171: 0.022320407 | M171: -876.36057 | N171: 47608734 | O171: 0.6537184 | P171: 0.046837193 | Q171: 0.89469691 | R171: 0.094214346 | S171: 0.87448028 | T171: 0.10976452 | U171: 104
A172: 171 | B172: 805 | C172: Registration | D172: 42 | E172: Registration Plots | F172: D:/Drone Imagery/2025 summer/20250704/shapefiles/7-04 reg plot files.gpkg|layername=registrationtrialdatarows | G172: 25406.355 | H172: 1.4737011e+08 | I172: -301.75418 | J172: 58217613 | K172: 0.27706313 | L172: 0.022380394 | M172: -301.75418 | N172: 58217613 | O172: 0.61811269 | P172: 0.050311922 | Q172: 0.80746058 | R172: 0.15546799 | S172: 0.85388061 | T172: 0.12476852 | U172: 92
A173: 172 | B173: 806 | C173: Registration | D173: 42 | E173: Registration Plots | F173: D:/Drone Imagery/2025 summer/20250704/shapefiles/7-04 reg plot files.gpkg|layername=registrationtrialdatarows | G173: 23030.327 | H173: 2.0608229e+08 | I173: 3545.6924 | J173: 95108711 | K173: 0.17796349 | L173: 0.028148768 | M173: 3545.6924 | N173: 95108711 | O173: 0.49570837 | P173: 0.089324127 | Q173: 0.65630406 | R173: 0.22556904 | S173: 0.78963897 | T173: 0.16610926 | U173: 52
A174: 173 | B174: 807 | C174: Registration | D174: 42 | E174: Registration Plots | F174: D:/Drone Imagery/2025 summer/20250704/shapefiles/7-04 reg plot files.gpkg|layername=registrationtrialdatarows | G174: 26665.693 | H174: 1.1636288e+08 | I174: -1474.2524 | J174: 46631427 | K174: 0.30508865 | L174: 0.018968177 | M174: -1474.2524 | N174: 46631427 | O174: 0.66619289 | P174: 0.034862138 | Q174: 0.88711774 | R174: 0.10013985 | S174: 0.95289815 | T174: 0.044883262 | U174: 140
A175: 174 | B175: 808 | C175: Registration | D175: 42 | E175: Registration Plots | F175: D:/Drone Imagery/2025 summer/20250704/shapefiles/7-04 reg plot files.gpkg|layername=registrationtrialdatarows | G175: 28932.035 | H175: 1.310474e+08 | I175: -286.95881 | J175: 44389429 | K175: 0.23553723 | L175: 0.017697977 | M175: -286.95881 | N175: 44389429 | O175: 0.62644046 | P175: 0.035152143 | Q175: 0.87328454 | R175: 0.11065865 | S175: 0.99922947 | T175: 0.00076993362 | U175: 314
A176: 175 | B176: 809 | C176: Registration | D176: 42 | E176: Registration Plots | F176: D:/Drone Imagery/2025 summer/20250704/shapefiles/7-04 reg plot files.gpkg|layername=registrationtrialdatarows | G176: 24096.667 | H176: 2.2593588e+08 | I176: 2821.293 | J176: 81287358 | K176: 0.16052573 | L176: 0.025811131 | M176: 2821.293 | N176: 81287358 | O176: 0.48877549 | P176: 0.087326403 | Q176: 0.67314914 | R176: 0.22001937 | S176: 0.94846742 | T176: 0.048876976 | U176: 156
A177: 176 | B177: 701 | C177: Registration | D177: 42 | E177: Registration Plots | F177: D:/Drone Imagery/2025 summer/20250704/shapefiles/7-04 reg plot files.gpkg|layername=registrationtrialdatarows | G177: 23175.087 | H177: 1.4064755e+08 | I177: 1954.6306 | J177: 69132385 | K177: 0.2690885 | L177: 0.022281991 | M177: 1954.6306 | N177: 69132385 | O177: 0.60989796 | P177: 0.054610825 | Q177: 0.76417356 | R177: 0.18021233 | S177: 0.85733622 | T177: 0.12231083 | U177: 108
A178: 177 | B178: 702 | C178: Registration | D178: 42 | E178: Registration Plots | F178: D:/Drone Imagery/2025 summer/20250704/shapefiles/7-04 reg plot files.gpkg|layername=registrationtrialdatarows | G178: 18397.68 | H178: 1.2512964e+08 | I178: 5071.7944 | J178: 98318177 | K178: 0.22691995 | L178: 0.036997352 | M178: 5071.7944 | N178: 98318177 | O178: 0.52007754 | P178: 0.091193223 | Q178: 0.65016757 | R178: 0.2274497 | S178: 0.83940387 | T178: 0.13480501 | U178: 146
A179: 178 | B179: 703 | C179: Registration | D179: 42 | E179: Registration Plots | F179: D:/Drone Imagery/2025 summer/20250704/shapefiles/7-04 reg plot files.gpkg|layername=registrationtrialdatarows | G179: 26864.772 | H179: 1.1360568e+08 | I179: -1344.142 | J179: 46416189 | K179: 0.2889402 | L179: 0.018488414 | M179: -1344.142 | N179: 46416189 | O179: 0.66031078 | P179: 0.032811852 | Q179: 0.87971552 | R179: 0.10581612 | S179: 0.97309422 | T179: 0.026181854 | U179: 220
... A241: 240 | B241: 66666 | C241: Registration | D241: 42 | E241: Registration Plots | F241: D:/Drone Imagery/2025 summer/20250704/shapefiles/7-04 reg plot files.gpkg|layername=registrationtrialdatarows | G241: 2186.5439 | H241: 942580.25 | I241: 17845.15 | J241: 6891322.4 | K241: 0.049334978 | L241: 0.0074772215 | M241: 17845.15 | N241: 6891322.4 | O241: 0.24351616 | P241: 0.0032784332 | Q241: 0 | R241: 0 | S241: 0 | T241: 0 | U241: 0

Sheet ConsolidatedAllTimings
A1: fid | B1: id | C1: Trial Name | D1: TrialCode | E1: ComboCode | F1: Treatment | G1: Block | H1: DAS | I1: layer | J1: path | K1: 704ExG_mean | L1: 704ExG_variance | M1: 704ExR_mean | N1: 704ExR_variance | O1: 704gNDVI_mean | P1: 704gNDVI_variance | Q1: 704gNDRE_mean | R1: 704gNDRE_variance | S1: 704NDVI_mean | T1: 704NDVI_variance | U1: 704THRESH_mean | V1: 704THRESH_variance | W1: 704HA_mean | X1: 704HA_variance | Y1: 704PLT_ | Z1: PlotYield | AA1: PeakStand
A2: 1 | B2: 101 | C2: AYT Trial | D2: 25111 | E2: =D2*1000+B2 -> 25111101 | F2: =VLOOKUP($E2,YieldData!$D:$F,2,FALSE) -> 1 | G2: =VLOOKUP($E2,YieldData!$D:$F,3,FALSE) -> 1 | H2: 10 | I2: 7-04 ayt plot files â€” ayttrialdata_rows_polygons__ayt_plots_dissolved | J2: D:/Drone Imagery/2025 summer/20250704/shapefiles/7-04 ayt plot files.gpkg|layername=ayttrialdata_rows_polygons__ayt_plots_dissolved | K2: 2704.6762 | L2: 10293556 | M2: 2704.6762 | N2: 10293556 | O2: 0.063690008 | P2: 0.0090996723 | Q2: -0.033861884 | R2: 0.00073684243 | S2: 0.25585097 | T2: 0.018101762 | U2: 0.091019998 | V2: 0.082735358 | W2: 0.96994594 | X2: 0.02915081 | Y2: 72 | Z2: =VLOOKUP(E2,YieldData!T:U,2,FALSE) -> 2712.5032 | AA2: =_xlfn.MAXIFS(U:U,E:E,E2) -> 0.63921348
A3: 2 | B3: 102 | C3: AYT Trial | D3: 25111 | E3: =D3*1000+B3 -> 25111102 | F3: =VLOOKUP(E3,YieldData!D:F,2,FALSE) -> 2 | G3: =VLOOKUP($E3,YieldData!$D:$F,3,FALSE) -> 1 | H3: 10 | I3: 7-04 ayt plot files â€” ayttrialdata_rows_polygons__ayt_plots_dissolved | J3: D:/Drone Imagery/2025 summer/20250704/shapefiles/7-04 ayt plot files.gpkg|layername=ayttrialdata_rows_polygons__ayt_plots_dissolved | K3: 3744.3685 | L3: 40554902 | M3: 3744.3685 | N3: 40554902 | O3: 0.072802684 | P3: 0.0069335091 | Q3: -0.030261519 | R3: 0.00077486177 | S3: 0.27532694 | T3: 0.020750776 | U3: 0.11319875 | V3: 0.10038479 | W3: 0.90491395 | X3: 0.086044689 | Y3: 57 | Z3: =VLOOKUP(E3,YieldData!T:U,2,FALSE) -> 2630.8777 | AA3: =_xlfn.MAXIFS(U:U,E:E,E3) -> 0.5060643
A4: 3 | B4: 103 | C4: AYT Trial | D4: 25111 | E4: =D4*1000+B4 -> 25111103 | F4: =VLOOKUP(E4,YieldData!D:F,2,FALSE) -> 3 | G4: =VLOOKUP($E4,YieldData!$D:$F,3,FALSE) -> 1 | H4: 10 | I4: 7-04 ayt plot files â€” ayttrialdata_rows_polygons__ayt_plots_dissolved | J4: D:/Drone Imagery/2025 summer/20250704/shapefiles/7-04 ayt plot files.gpkg|layername=ayttrialdata_rows_polygons__ayt_plots_dissolved | K4: 3370.7805 | L4: 27904618 | M4: 3370.7805 | N4: 27904618 | O4: 0.078040029 | P4: 0.0079329347 | Q4: -0.025044146 | R4: 0.00070578081 | S4: 0.28121831 | T4: 0.019766732 | U4: 0.10325035 | V4: 0.092589712 | W4: 0.94013334 | X4: 0.056282639 | Y4: 84 | Z4: =VLOOKUP(E4,YieldData!T:U,2,FALSE) -> 2507.2144 | AA4: =_xlfn.MAXIFS(U:U,E:E,E4) -> 0.65522869
A5: 4 | B5: 104 | C5: AYT Trial | D5: 25111 | E5: =D5*1000+B5 -> 25111104 | F5: =VLOOKUP(E5,YieldData!D:F,2,FALSE) -> 4 | G5: =VLOOKUP($E5,YieldData!$D:$F,3,FALSE) -> 1 | H5: 10 | I5: 7-04 ayt plot files â€” ayttrialdata_rows_polygons__ayt_plots_dissolved | J5: D:/Drone Imagery/2025 summer/20250704/shapefiles/7-04 ayt plot files.gpkg|layername=ayttrialdata_rows_polygons__ayt_plots_dissolved | K5: 3920.1302 | L5: 39937947 | M5: 3920.1302 | N5: 39937947 | O5: 0.068368519 | P5: 0.0089967866 | Q5: -0.030878627 | R5: 0.00084212816 | S5: 0.27670967 | T5: 0.023543382 | U5: 0.11446292 | V5: 0.10136116 | W5: 0.93327381 | X5: 0.062273808 | Y5: 59 | Z5: =VLOOKUP(E5,YieldData!T:U,2,FALSE) -> 1929.1656 | AA5: =_xlfn.MAXIFS(U:U,E:E,E5) -> 0.87333663
A6: 5 | B6: 105 | C6: AYT Trial | D6: 25111 | E6: =D6*1000+B6 -> 25111105 | F6: =VLOOKUP(E6,YieldData!D:F,2,FALSE) -> 5 | G6: =VLOOKUP($E6,YieldData!$D:$F,3,FALSE) -> 1 | H6: 10 | I6: 7-04 ayt plot files â€” ayttrialdata_rows_polygons__ayt_plots_dissolved | J6: D:/Drone Imagery/2025 summer/20250704/shapefiles/7-04 ayt plot files.gpkg|layername=ayttrialdata_rows_polygons__ayt_plots_dissolved | K6: 4852.085 | L6: 54276747 | M6: 4852.085 | N6: 54276747 | O6: 0.090191458 | P6: 0.0091880314 | Q6: -0.026284081 | R6: 0.0012883554 | S6: 0.30446813 | T6: 0.026882291 | U6: 0.14608241 | V6: 0.12474234 | W6: 0.94198074 | X6: 0.054653026 | Y6: 63 | Z6: =VLOOKUP(E6,YieldData!T:U,2,FALSE) -> 2572.6669 | AA6: =_xlfn.MAXIFS(U:U,E:E,E6) -> 0.89342757
A7: 6 | B7: 106 | C7: AYT Trial | D7: 25111 | E7: =D7*1000+B7 -> 25111106 | F7: =VLOOKUP(E7,YieldData!D:F,2,FALSE) -> 6 | G7: =VLOOKUP($E7,YieldData!$D:$F,3,FALSE) -> 1 | H7: 10 | I7: 7-04 ayt plot files â€” ayttrialdata_rows_polygons__ayt_plots_dissolved | J7: D:/Drone Imagery/2025 summer/20250704/shapefiles/7-04 ayt plot files.gpkg|layername=ayttrialdata_rows_polygons__ayt_plots_dissolved | K7: 2843.6147 | L7: 19437533 | M7: 2843.6147 | N7: 19437533 | O7: 0.071526475 | P7: 0.0054133348 | Q7: -0.026268315 | R7: 0.0013123126 | S7: 0.26059313 | T7: 0.012870042 | U7: 0.063626681 | V7: 0.059578327 | W7: 0.94314641 | X7: 0.053621262 | Y7: 48 | Z7: =VLOOKUP(E7,YieldData!T:U,2,FALSE) -> 1598.742 | AA7: =_xlfn.MAXIFS(U:U,E:E,E7) -> 0.86296399
A8: 7 | B8: 107 | C8: AYT Trial | D8: 25111 | E8: =D8*1000+B8 -> 25111107 | F8: =VLOOKUP(E8,YieldData!D:F,2,FALSE) -> 7 | G8: =VLOOKUP($E8,YieldData!$D:$F,3,FALSE) -> 1 | H8: 10 | I8: 7-04 ayt plot files â€” ayttrialdata_rows_polygons__ayt_plots_dissolved | J8: D:/Drone Imagery/2025 summer/20250704/shapefiles/7-04 ayt plot files.gpkg|layername=ayttrialdata_rows_polygons__ayt_plots_dissolved | K8: 3078.0814 | L8: 33247213 | M8: 3078.0814 | N8: 33247213 | O8: 0.083826089 | P8: 0.0055260245 | Q8: -0.026677735 | R8: 0.00160842 | S8: 0.28082221 | T8: 0.015883089 | U8: 0.092593945 | V8: 0.084020306 | W8: 0.94130173 | X8: 0.055252784 | Y8: 59 | Z8: =VLOOKUP(E8,YieldData!T:U,2,FALSE) -> 1100.0449 | AA8: =_xlfn.MAXIFS(U:U,E:E,E8) -> 0.90252598
A9: 8 | B9: 108 | C9: AYT Trial | D9: 25111 | E9: =D9*1000+B9 -> 25111108 | F9: =VLOOKUP(E9,YieldData!D:F,2,FALSE) -> 8 | G9: =VLOOKUP($E9,YieldData!$D:$F,3,FALSE) -> 1 | H9: 10 | I9: 7-04 ayt plot files â€” ayttrialdata_rows_polygons__ayt_plots_dissolved | J9: D:/Drone Imagery/2025 summer/20250704/shapefiles/7-04 ayt plot files.gpkg|layername=ayttrialdata_rows_polygons__ayt_plots_dissolved | K9: 3965.4551 | L9: 62353202 | M9: 3965.4551 | N9: 62353202 | O9: 0.090750941 | P9: 0.00529848 | Q9: -0.026935347 | R9: 0.0007690851 | S9: 0.29691723 | T9: 0.021248439 | U9: 0.12999952 | V9: 0.11309965 | W9: 0.89432139 | X9: 0.094510642 | Y9: 64 | Z9: =VLOOKUP(E9,YieldData!T:U,2,FALSE) -> 1751.404 | AA9: =_xlfn.MAXIFS(U:U,E:E,E9) -> 0.80795082
A10: 9 | B10: 109 | C10: AYT Trial | D10: 25111 | E10: =D10*1000+B10 -> 25111109 | F10: =VLOOKUP(E10,YieldData!D:F,2,FALSE) -> 9 | G10: =VLOOKUP($E10,YieldData!$D:$F,3,FALSE) -> 1 | H10: 10 | I10: 7-04 ayt plot files â€” ayttrialdata_rows_polygons__ayt_plots_dissolved | J10: D:/Drone Imagery/2025 summer/20250704/shapefiles/7-04 ayt plot files.gpkg|layername=ayttrialdata_rows_polygons__ayt_plots_dissolved | K10: 2630.6495 | L10: 32894378 | M10: 2630.6495 | N10: 32894378 | O10: 0.088685699 | P10: 0.0060005275 | Q10: -0.027021156 | R10: 0.00063429453 | S10: 0.28583664 | T10: 0.016629933 | U10: 0.092424714 | V10: 0.083882386 | W10: 0.96895294 | X10: 0.030083141 | Y10: 92 | Z10: =VLOOKUP(E10,YieldData!T:U,2,FALSE) -> 2836.1072 | AA10: =_xlfn.MAXIFS(U:U,E:E,E10) -> 0.78055665
A11: 10 | B11: 110 | C11: AYT Trial | D11: 25111 | E11: =D11*1000+B11 -> 25111110 | F11: =VLOOKUP(E11,YieldData!D:F,2,FALSE) -> 10 | G11: =VLOOKUP($E11,YieldData!$D:$F,3,FALSE) -> 1 | H11: 10 | I11: 7-04 ayt plot files â€” ayttrialdata_rows_polygons__ayt_plots_dissolved | J11: D:/Drone Imagery/2025 summer/20250704/shapefiles/7-04 ayt plot files.gpkg|layername=ayttrialdata_rows_polygons__ayt_plots_dissolved | K11: 3965.0876 | L11: 72572676 | M11: 3965.0876 | N11: 72572676 | O11: 0.091703269 | P11: 0.0064920963 | Q11: -0.026150972 | R11: 0.00066916756 | S11: 0.30760704 | T11: 0.023522844 | U11: 0.13520786 | V11: 0.1169267 | W11: 0.90340365 | X11: 0.087265491 | Y11: 67 | Z11: =VLOOKUP(E11,YieldData!T:U,2,FALSE) -> 1890.828 | AA11: =_xlfn.MAXIFS(U:U,E:E,E11) -> 0.82046498
A12: 11 | B12: 201 | C12: AYT Trial | D12: 25111 | E12: =D12*1000+B12 -> 25111201 | F12: =VLOOKUP(E12,YieldData!D:F,2,FALSE) -> 14 | G12: =VLOOKUP($E12,YieldData!$D:$F,3,FALSE) -> 2 | H12: 10 | I12: 7-04 ayt plot files â€” ayttrialdata_rows_polygons__ayt_plots_dissolved | J12: D:/Drone Imagery/2025 summer/20250704/shapefiles/7-04 ayt plot files.gpkg|layername=ayttrialdata_rows_polygons__ayt_plots_dissolved | K12: 2822.0601 | L12: 9746082.1 | M12: 2822.0601 | N12: 9746082.1 | O12: 0.035246088 | P12: 0.0090884552 | Q12: -0.044973045 | R12: 0.00066445409 | S12: 0.22418679 | T12: 0.017570649 | U12: 0.079701136 | V12: 0.073348865 | W12: 0.946111 | X12: 0.050984979 | Y12: 83 | Z12: =VLOOKUP(E12,YieldData!T:U,2,FALSE) -> 2873.0103 | AA12: =_xlfn.MAXIFS(U:U,E:E,E12) -> 0.73810772
A13: 12 | B13: 202 | C13: AYT Trial | D13: 25111 | E13: =D13*1000+B13 -> 25111202 | F13: =VLOOKUP(E13,YieldData!D:F,2,FALSE) -> 5 | G13: =VLOOKUP($E13,YieldData!$D:$F,3,FALSE) -> 2 | H13: 10 | I13: 7-04 ayt plot files â€” ayttrialdata_rows_polygons__ayt_plots_dissolved | J13: D:/Drone Imagery/2025 summer/20250704/shapefiles/7-04 ayt plot files.gpkg|layername=ayttrialdata_rows_polygons__ayt_plots_dissolved | K13: 2482.2425 | L13: 7680483.2 | M13: 2482.2425 | N13: 7680483.2 | O13: 0.027306101 | P13: 0.0059068889 | Q13: -0.045049368 | R13: 0.00056085006 | S13: 0.21203048 | T13: 0.011734199 | U13: 0.051638982 | V13: 0.048972397 | W13: 0.95119297 | X13: 0.046424906 | Y13: 76 | Z13: =VLOOKUP(E13,YieldData!T:U,2,FALSE) -> 2254.9278 | AA13: =_xlfn.MAXIFS(U:U,E:E,E13) -> 0.59069923
A14: 13 | B14: 203 | C14: AYT Trial | D14: 25111 | E14: =D14*1000+B14 -> 25111203 | F14: =VLOOKUP(E14,YieldData!D:F,2,FALSE) -> 7 | G14: =VLOOKUP($E14,YieldData!$D:$F,3,FALSE) -> 2 | H14: 10 | I14: 7-04 ayt plot files â€” ayttrialdata_rows_polygons__ayt_plots_dissolved | J14: D:/Drone Imagery/2025 summer/20250704/shapefiles/7-04 ayt plot files.gpkg|layername=ayttrialdata_rows_polygons__ayt_plots_dissolved | K14: 2765.4051 | L14: 9280919.2 | M14: 2765.4051 | N14: 9280919.2 | O14: 0.055043039 | P14: 0.0083746522 | Q14: -0.033521889 | R14: 0.0007041901 | S14: 0.24524512 | T14: 0.016850563 | U14: 0.080002392 | V14: 0.073602009 | W14: 0.96153984 | X14: 0.036980975 | Y14: 82 | Z14: =VLOOKUP(E14,YieldData!T:U,2,FALSE) -> 1622.7969 | AA14: =_xlfn.MAXIFS(U:U,E:E,E14) -> 0.52829038
... A30: 29 | B30: 309 | C30: AYT Trial | D30: 25111 | E30: =D30*1000+B30 -> 25111309 | F30: =VLOOKUP(E30,YieldData!D:F,2,FALSE) -> 5 | G30: =VLOOKUP($E30,YieldData!$D:$F,3,FALSE) -> 3 | H30: 10 | I30: 7-04 ayt plot files â€” ayttrialdata_rows_polygons__ayt_plots_dissolved | J30: D:/Drone Imagery/2025 summer/20250704/shapefiles/7-04 ayt plot files.gpkg|layername=ayttrialdata_rows_polygons__ayt_plots_dissolved | K30: 2349.5137 | L30: 24730109 | M30: 2349.5137 | N30: 24730109 | O30: 0.087194456 | P30: 0.0069724138 | Q30: -0.030881416 | R30: 0.00058156481 | S30: 0.27939426 | T30: 0.018122083 | U30: 0.09639923 | V30: 0.087106418 | W30: 0.83682158 | X30: 0.13655122 | Y30: 34 | Z30: =VLOOKUP(E30,YieldData!T:U,2,FALSE) -> 3449.2298 | AA30: =_xlfn.MAXIFS(U:U,E:E,E30) -> 0.94319582
A31: 30 | B31: 310 | C31: AYT Trial | D31: 25111 | E31: =D31*1000+B31 -> 25111310 | H31: 10 | I31: 7-04 ayt plot files â€” ayttrialdata_rows_polygons__ayt_plots_dissolved | J31: D:/Drone Imagery/2025 summer/20250704/shapefiles/7-04 ayt plot files.gpkg|layername=ayttrialdata_rows_polygons__ayt_plots_dissolved | K31: 2469.5377 | L31: 25639367 | M31: 2469.5377 | N31: 25639367 | O31: 0.081937779 | P31: 0.0067730835 | Q31: -0.0299707 | R31: 0.00060236888 | S31: 0.2772393 | T31: 0.018458837 | U31: 0.096013674 | V31: 0.086795049 | W31: 0.86854861 | X31: 0.11417192 | Y31: 30 | Z31: =VLOOKUP(E31,YieldData!T:U,2,FALSE) -> 0 | AA31: =_xlfn.MAXIFS(U:U,E:E,E31) -> 0.87222249
A32: 31 | B32: 401 | C32: AYT Trial | D32: 25111 | E32: =D32*1000+B32 -> 25111401 | F32: =VLOOKUP(E32,YieldData!D:F,2,FALSE) -> 1 | G32: =VLOOKUP($E32,YieldData!$D:$F,3,FALSE) -> 3 | H32: 10 | I32: 7-04 ayt plot files â€” ayttrialdata_rows_polygons__ayt_plots_dissolved | J32: D:/Drone Imagery/2025 summer/20250704/shapefiles/7-04 ayt plot files.gpkg|layername=ayttrialdata_rows_polygons__ayt_plots_dissolved | K32: 3137.5521 | L32: 20411004 | M32: 3137.5521 | N32: 20411004 | O32: 0.04964027 | P32: 0.0054974965 | Q32: -0.033585093 | R32: 0.00070007325 | S32: 0.23862028 | T32: 0.01533388 | U32: 0.07748517 | V32: 0.071481219 | W32: 0.94613213 | X32: 0.050966119 | Y32: 78 | Z32: =VLOOKUP(E32,YieldData!T:U,2,FALSE) -> 1960.5167 | AA32: =_xlfn.MAXIFS(U:U,E:E,E32) -> 0.70643113
A33: 32 | B33: 402 | C33: AYT Trial | D33: 25111 | E33: =D33*1000+B33 -> 25111402 | F33: =VLOOKUP(E33,YieldData!D:F,2,FALSE) -> 14 | G33: =VLOOKUP($E33,YieldData!$D:$F,3,FALSE) -> 3 | H33: 10 | I33: 7-04 ayt plot files â€” ayttrialdata_rows_polygons__ayt_plots_dissolved | J33: D:/Drone Imagery/2025 summer/20250704/shapefiles/7-04 ayt plot files.gpkg|layername=ayttrialdata_rows_polygons__ayt_plots_dissolved | K33: 1970.873 | L33: 2424672.1 | M33: 1970.873 | N33: 2424672.1 | O33: 0.0026880171 | P33: 0.0015871539 | Q33: -0.04895829 | R33: 0.00028443749 | S33: 0.18407473 | T33: 0.002942086 | U33: 0.010154652 | V33: 0.010051535 | W33: 0.67304173 | X33: 0.22005656 | Y33: 35 | Z33: =VLOOKUP(E33,YieldData!T:U,2,FALSE) -> 2271.8405 | AA33: =_xlfn.MAXIFS(U:U,E:E,E33) -> 0.39816997
A34: 33 | B34: 403 | C34: AYT Trial | D34: 25111 | E34: =D34*1000+B34 -> 25111403 | F34: =VLOOKUP(E34,YieldData!D:F,2,FALSE) -> 9 | G34: =VLOOKUP($E34,YieldData!$D:$F,3,FALSE) -> 3 | H34: 10 | I34: 7-04 ayt plot files â€” ayttrialdata_rows_polygons__ayt_plots_dissolved | J34: D:/Drone Imagery/2025 summer/20250704/shapefiles/7-04 ayt plot files.gpkg|layername=ayttrialdata_rows_polygons__ayt_plots_dissolved | K34: 3512.6786 | L34: 27875223 | M34: 3512.6786 | N34: 27875223 | O34: 0.064723178 | P34: 0.0060372556 | Q34: -0.032246386 | R34: 0.00083692829 | S34: 0.26271667 | T34: 0.018393437 | U34: 0.10212327 | V34: 0.091694106 | W34: 0.87159024 | X34: 0.1119207 | Y34: 67 | Z34: =VLOOKUP(E34,YieldData!T:U,2,FALSE) -> 1551.3222 | AA34: =_xlfn.MAXIFS(U:U,E:E,E34) -> 0.79020442
A35: 34 | B35: 404 | C35: AYT Trial | D35: 25111 | E35: =D35*1000+B35 -> 25111404 | F35: =VLOOKUP(E35,YieldData!D:F,2,FALSE) -> 6 | G35: =VLOOKUP($E35,YieldData!$D:$F,3,FALSE) -> 3 | H35: 10 | I35: 7-04 ayt plot files â€” ayttrialdata_rows_polygons__ayt_plots_dissolved | J35: D:/Drone Imagery/2025 summer/20250704/shapefiles/7-04 ayt plot files.gpkg|layername=ayttrialdata_rows_polygons__ayt_plots_dissolved | K35: 2598.1726 | L35: 11236181 | M35: 2598.1726 | N35: 11236181 | O35: 0.022609187 | P35: 0.0041211624 | Q35: -0.044410024 | R35: 0.00053882783 | S35: 0.21642255 | T35: 0.010073949 | U35: 0.045375176 | V35: 0.04331627 | W35: 0.90371965 | X35: 0.087010444 | Y35: 47 | Z35: =VLOOKUP(E35,YieldData!T:U,2,FALSE) -> 2596.1505 | AA35: =_xlfn.MAXIFS(U:U,E:E,E35) -> 0.64427114
A36: 35 | B36: 405 | C36: AYT Trial | D36: 25111 | E36: =D36*1000+B36 -> 25111405 | F36: =VLOOKUP(E36,YieldData!D:F,2,FALSE) -> 13 | G36: =VLOOKUP($E36,YieldData!$D:$F,3,FALSE) -> 3 | H36: 10 | I36: 7-04 ayt plot files â€” ayttrialdata_rows_polygons__ayt_plots_dissolved | J36: D:/Drone Imagery/2025 summer/20250704/shapefiles/7-04 ayt plot files.gpkg|layername=ayttrialdata_rows_polygons__ayt_plots_dissolved | K36: 2175.6694 | L36: 4595921.4 | M36: 2175.6694 | N36: 4595921.4 | O36: 0.015978017 | P36: 0.0029738087 | Q36: -0.044152371 | R36: 0.00084227535 | S36: 0.20611053 | T36: 0.0056283896 | U36: 0.024465866 | V36: 0.023867288 | W36: 0.93297727 | X36: 0.062530684 | Y36: 45 | Z36: =VLOOKUP(E36,YieldData!T:U,2,FALSE) -> 2056.2372 | AA36: =_xlfn.MAXIFS(U:U,E:E,E36) -> 0.39605119
A37: 36 | B37: 406 | C37: AYT Trial | D37: 25111 | E37: =D37*1000+B37 -> 25111406 | F37: =VLOOKUP(E37,YieldData!D:F,2,FALSE) -> 12 | G37: =VLOOKUP($E37,YieldData!$D:$F,3,FALSE) -> 3 | H37: 10 | I37: 7-04 ayt plot files â€” ayttrialdata_rows_polygons__ayt_plots_dissolved | J37: D:/Drone Imagery/2025 summer/20250704/shapefiles/7-04 ayt plot files.gpkg|layername=ayttrialdata_rows_polygons__ayt_plots_dissolved | K37: 3156.5049 | L37: 19613847 | M37: 3156.5049 | N37: 19613847 | O37: 0.065833103 | P37: 0.0099417241 | Q37: -0.029037782 | R37: 0.0021890188 | S37: 0.27069221 | T37: 0.019821199 | U37: 0.10333743 | V37: 0.092658809 | W37: 0.92156266 | X37: 0.072284923 | Y37: 75 | Z37: =VLOOKUP(E37,YieldData!T:U,2,FALSE) -> 1804.3132 | AA37: =_xlfn.MAXIFS(U:U,E:E,E37) -> 0.83448869
A38: 37 | B38: 407 | C38: AYT Trial | D38: 25111 | E38: =D38*1000+B38 -> 25111407 | F38: =VLOOKUP(E38,YieldData!D:F,2,FALSE) -> 11 | G38: =VLOOKUP($E38,YieldData!$D:$F,3,FALSE) -> 3 | H38: 10 | I38: 7-04 ayt plot files â€” ayttrialdata_rows_polygons__ayt_plots_dissolved | J38: D:/Drone Imagery/2025 summer/20250704/shapefiles/7-04 ayt plot files.gpkg|layername=ayttrialdata_rows_polygons__ayt_plots_dissolved | K38: 1832.2882 | L38: 3797538.3 | M38: 1832.2882 | N38: 3797538.3 | O38: 0.034168639 | P38: 0.0034807839 | Q38: -0.037828604 | R38: 0.00093621481 | S38: 0.21934169 | T38: 0.0050325812 | U38: 0.018867925 | V38: 0.018511926 | W38: 0.7430426 | X38: 0.19093029 | Y38: 36 | Z38: =VLOOKUP(E38,YieldData!T:U,2,FALSE) -> 2259.0404 | AA38: =_xlfn.MAXIFS(U:U,E:E,E38) -> 0.33240484
A39: 38 | B39: 408 | C39: AYT Trial | D39: 25111 | E39: =D39*1000+B39 -> 25111408 | F39: =VLOOKUP(E39,YieldData!D:F,2,FALSE) -> 4 | G39: =VLOOKUP($E39,YieldData!$D:$F,3,FALSE) -> 3 | H39: 10 | I39: 7-04 ayt plot files â€” ayttrialdata_rows_polygons__ayt_plots_dissolved | J39: D:/Drone Imagery/2025 summer/20250704/shapefiles/7-04 ayt plot files.gpkg|layername=ayttrialdata_rows_polygons__ayt_plots_dissolved | K39: 2622.4978 | L39: 26449595 | M39: 2622.4978 | N39: 26449595 | O39: 0.06262306 | P39: 0.0050707541 | Q39: -0.03392551 | R39: 0.00065330535 | S39: 0.26172395 | T39: 0.014715505 | U39: 0.081742729 | V39: 0.075060855 | W39: 0.93123161 | X39: 0.064039297 | Y39: 54 | Z39: =VLOOKUP(E39,YieldData!T:U,2,FALSE) -> 2716.4634 | AA39: =_xlfn.MAXIFS(U:U,E:E,E39) -> 0.91196699
A40: 39 | B40: 410 | C40: AYT Trial | D40: 25111 | E40: =D40*1000+B40 -> 25111410 | F40: =VLOOKUP(E40,YieldData!D:F,2,FALSE) -> 7 | G40: =VLOOKUP($E40,YieldData!$D:$F,3,FALSE) -> 3 | H40: 10 | I40: 7-04 ayt plot files â€” ayttrialdata_rows_polygons__ayt_plots_dissolved | J40: D:/Drone Imagery/2025 summer/20250704/shapefiles/7-04 ayt plot files.gpkg|layername=ayttrialdata_rows_polygons__ayt_plots_dissolved | K40: 1785.1943 | L40: 13058490 | M40: 1785.1943 | N40: 13058490 | O40: 0.06912403 | P40: 0.0032967305 | Q40: -0.029695197 | R40: 0.00058047164 | S40: 0.25481574 | T40: 0.0078255344 | U40: 0.041605649 | V40: 0.039874619 | W40: 0.92323182 | X40: 0.070874825 | Y40: 52 | Z40: =VLOOKUP(E40,YieldData!T:U,2,FALSE) -> 3008.4724 | AA40: =_xlfn.MAXIFS(U:U,E:E,E40) -> 0.76582808
A41: 40 | B41: 409 | C41: AYT Trial | D41: 25111 | E41: =D41*1000+B41 -> 25111409 | F41: =VLOOKUP(E41,YieldData!D:F,2,FALSE) -> 8 | G41: =VLOOKUP($E41,YieldData!$D:$F,3,FALSE) -> 3 | H41: 10 | I41: 7-04 ayt plot files â€” ayttrialdata_rows_polygons__ayt_plots_dissolved | J41: D:/Drone Imagery/2025 summer/20250704/shapefiles/7-04 ayt plot files.gpkg|layername=ayttrialdata_rows_polygons__ayt_plots_dissolved | K41: 2781.2176 | L41: 36993191 | M41: 2781.2176 | N41: 36993191 | O41: 0.090143802 | P41: 0.005436941 | Q41: -0.025923469 | R41: 0.00072060231 | S41: 0.29029159 | T41: 0.017095735 | U41: 0.10773444 | V41: 0.096127733 | W41: 0.95311566 | X41: 0.044686202 | Y41: 64 | Z41: =VLOOKUP(E41,YieldData!T:U,2,FALSE) -> 2987.8306 | AA41: =_xlfn.MAXIFS(U:U,E:E,E41) -> 0.97096145
A42: 41 | B42: 501 | C42: AYT Trial | D42: 25111 | E42: =D42*1000+B42 -> 25111501 | F42: =VLOOKUP(E42,YieldData!D:F,2,FALSE) -> 10 | G42: =VLOOKUP($E42,YieldData!$D:$F,3,FALSE) -> 3 | H42: 10 | I42: 7-04 ayt plot files â€” ayttrialdata_rows_polygons__ayt_plots_dissolved | J42: D:/Drone Imagery/2025 summer/20250704/shapefiles/7-04 ayt plot files.gpkg|layername=ayttrialdata_rows_polygons__ayt_plots_dissolved | K42: 2760.2331 | L42: 11212269 | M42: 2760.2331 | N42: 11212269 | O42: 0.073433021 | P42: 0.0072102637 | Q42: -0.027954789 | R42: 0.00079403427 | S42: 0.26148261 | T42: 0.014882567 | U42: 0.081838404 | V42: 0.07514088 | W42: 0.94796264 | X42: 0.049329476 | Y42: 90 | Z42: =VLOOKUP(E42,YieldData!T:U,2,FALSE) -> 3019.9519 | AA42: =_xlfn.MAXIFS(U:U,E:E,E42) -> 0.71092479
A43: 42 | B43: 502 | C43: AYT Trial | D43: 25111 | E43: =D43*1000+B43 -> 25111502 | F43: =VLOOKUP(E43,YieldData!D:F,2,FALSE) -> 2 | G43: =VLOOKUP($E43,YieldData!$D:$F,3,FALSE) -> 3 | H43: 10 | I43: 7-04 ayt plot files â€” ayttrialdata_rows_polygons__ayt_plots_dissolved | J43: D:/Drone Imagery/2025 summer/20250704/shapefiles/7-04 ayt plot files.gpkg|layername=ayttrialdata_rows_polygons__ayt_plots_dissolved | K43: 2891.9522 | L43: 15299922 | M43: 2891.9522 | N43: 15299922 | O43: 0.073203299 | P43: 0.0078909304 | Q43: -0.032049434 | R43: 0.00061028512 | S43: 0.2689763 | T43: 0.019121258 | U43: 0.10123433 | V43: 0.090985942 | W43: 0.94254757 | X43: 0.05415165 | Y43: 88 | Z43: =VLOOKUP(E43,YieldData!T:U,2,FALSE) -> 3292.9252 | AA43: =_xlfn.MAXIFS(U:U,E:E,E43) -> 0.77927017
A44: 43 | B44: 503 | C44: AYT Trial | D44: FILL | E44: =D44*1000+B44 -> #VALUE! | H44: 10 | I44: 7-04 ayt plot files â€” ayttrialdata_rows_polygons__ayt_plots_dissolved | J44: D:/Drone Imagery/2025 summer/20250704/shapefiles/7-04 ayt plot files.gpkg|layername=ayttrialdata_rows_polygons__ayt_plots_dissolved | K44: 2800.7602 | L44: 11371483 | M44: 2800.7602 | N44: 11371483 | O44: 0.078629356 | P44: 0.007605502 | Q44: -0.026689826 | R44: 0.00082724133 | S44: 0.27178165 | T44: 0.017227229 | U44: 0.092162537 | V44: 0.083668604 | W44: 0.88101417 | X44: 0.1048282 | Y44: 69 | Z44: =VLOOKUP(E44,YieldData!T:U,2,FALSE) -> #VALUE! | AA44: =_xlfn.MAXIFS(U:U,E:E,E44) -> 0.91353433
A45: 44 | B45: 504 | C45: AYT Trial | D45: FILL | E45: =D45*1000+B45 -> #VALUE! | H45: 10 | I45: 7-04 ayt plot files â€” ayttrialdata_rows_polygons__ayt_plots_dissolved | J45: D:/Drone Imagery/2025 summer/20250704/shapefiles/7-04 ayt plot files.gpkg|layername=ayttrialdata_rows_polygons__ayt_plots_dissolved | K45: 2769.5311 | L45: 8537545.1 | M45: 2769.5311 | N45: 8537545.1 | O45: 0.058926375 | P45: 0.0084928441 | Q45: -0.037158994 | R45: 0.00084759787 | S45: 0.25744415 | T45: 0.016875062 | U45: 0.088304281 | V45: 0.080506635 | W45: 0.96383609 | X45: 0.034856082 | Y45: 70 | Z45: =VLOOKUP(E45,YieldData!T:U,2,FALSE) -> #VALUE! | AA45: =_xlfn.MAXIFS(U:U,E:E,E45) -> 0.91353433
A46: 45 | B46: 505 | C46: AYT Trial | D46: FILL | E46: =D46*1000+B46 -> #VALUE! | H46: 10 | I46: 7-04 ayt plot files â€” ayttrialdata_rows_polygons__ayt_plots_dissolved | J46: D:/Drone Imagery/2025 summer/20250704/shapefiles/7-04 ayt plot files.gpkg|layername=ayttrialdata_rows_polygons__ayt_plots_dissolved | K46: 3095.6296 | L46: 13598078 | M46: 3095.6296 | N46: 13598078 | O46: 0.066624075 | P46: 0.010591799 | Q46: -0.03278656 | R46: 0.0021894926 | S46: 0.27312914 | T46: 0.020124621 | U46: 0.10788089 | V46: 0.096242605 | W46: 0.97215805 | X46: 0.02706678 | Y46: 61 | Z46: =VLOOKUP(E46,YieldData!T:U,2,FALSE) -> #VALUE! | AA46: =_xlfn.MAXIFS(U:U,E:E,E46) -> 0.91353433
A47: 46 | B47: 506 | C47: AYT Trial | D47: FILL | E47: =D47*1000+B47 -> #VALUE! | H47: 10 | I47: 7-04 ayt plot files â€” ayttrialdata_rows_polygons__ayt_plots_dissolved | J47: D:/Drone Imagery/2025 summer/20250704/shapefiles/7-04 ayt plot files.gpkg|layername=ayttrialdata_rows_polygons__ayt_plots_dissolved | K47: 2398.0426 | L47: 5570090.8 | M47: 2398.0426 | N47: 5570090.8 | O47: 0.049921859 | P47: 0.0074537194 | Q47: -0.033729075 | R47: 0.0016594264 | S47: 0.25117787 | T47: 0.01193075 | U47: 0.063937586 | V47: 0.059849571 | W47: 0.96768143 | X47: 0.031274084 | Y47: 59 | Z47: =VLOOKUP(E47,YieldData!T:U,2,FALSE) -> #VALUE! | AA47: =_xlfn.MAXIFS(U:U,E:E,E47) -> 0.91353433
A48: 47 | B48: 510 | C48: AYT Trial | D48: FILL | E48: =D48*1000+B48 -> #VALUE! | H48: 10 | I48: 7-04 ayt plot files â€” ayttrialdata_rows_polygons__ayt_plots_dissolved | J48: D:/Drone Imagery/2025 summer/20250704/shapefiles/7-04 ayt plot files.gpkg|layername=ayttrialdata_rows_polygons__ayt_plots_dissolved | K48: 2727.993 | L48: 26259732 | M48: 2727.993 | N48: 26259732 | O48: 0.071484048 | P48: 0.0079178523 | Q48: -0.0379356 | R48: 0.00078349186 | S48: 0.27827569 | T48: 0.020120413 | U48: 0.11201793 | V48: 0.09946991 | W48: 0.86523262 | X48: 0.11660513 | Y48: 35 | Z48: =VLOOKUP(E48,YieldData!T:U,2,FALSE) -> #VALUE! | AA48: =_xlfn.MAXIFS(U:U,E:E,E48) -> 0.91353433
A49: 48 | B49: 509 | C49: AYT Trial | D49: FILL | E49: =D49*1000+B49 -> #VALUE! | H49: 10 | I49: 7-04 ayt plot files â€” ayttrialdata_rows_polygons__ayt_plots_dissolved | J49: D:/Drone Imagery/2025 summer/20250704/shapefiles/7-04 ayt plot files.gpkg|layername=ayttrialdata_rows_polygons__ayt_plots_dissolved | K49: 2128.3159 | L49: 14443195 | M49: 2128.3159 | N49: 14443195 | O49: 0.072159644 | P49: 0.008374859 | Q49: -0.03654741 | R49: 0.00066659581 | S49: 0.27105871 | T49: 0.016924396 | U49: 0.090861586 | V49: 0.082605758 | W49: 0.94971636 | X49: 0.047755194 | Y49: 63 | Z49: =VLOOKUP(E49,YieldData!T:U,2,FALSE) -> #VALUE! | AA49: =_xlfn.MAXIFS(U:U,E:E,E49) -> 0.91353433
A50: 49 | B50: 508 | C50: AYT Trial | D50: FILL | E50: =D50*1000+B50 -> #VALUE! | H50: 10 | I50: 7-04 ayt plot files â€” ayttrialdata_rows_polygons__ayt_plots_dissolved | J50: D:/Drone Imagery/2025 summer/20250704/shapefiles/7-04 ayt plot files.gpkg|layername=ayttrialdata_rows_polygons__ayt_plots_dissolved | K50: 2312.5332 | L50: 14390835 | M50: 2312.5332 | N50: 14390835 | O50: 0.048629419 | P50: 0.0080579667 | Q50: -0.040068499 | R50: 0.00064887106 | S50: 0.2517338 | T50: 0.016658893 | U50: 0.079745503 | V50: 0.073386158 | W50: 0.93480757 | X50: 0.060942379 | Y50: 53 | Z50: =VLOOKUP(E50,YieldData!T:U,2,FALSE) -> #VALUE! | AA50: =_xlfn.MAXIFS(U:U,E:E,E50) -> 0.91353433
A51: 50 | B51: 507 | C51: AYT Trial | D51: FILL | E51: =D51*1000+B51 -> #VALUE! | H51: 10 | I51: 7-04 ayt plot files â€” ayttrialdata_rows_polygons__ayt_plots_dissolved | J51: D:/Drone Imagery/2025 summer/20250704/shapefiles/7-04 ayt plot files.gpkg|layername=ayttrialdata_rows_polygons__ayt_plots_dissolved | K51: 2693.4878 | L51: 13962706 | M51: 2693.4878 | N51: 13962706 | O51: 0.077503309 | P51: 0.011755416 | Q51: -0.030473149 | R51: 0.0010255672 | S51: 0.2829414 | T51: 0.02192104 | U51: 0.11924295 | V51: 0.10502407 | W51: 0.8800238 | X51: 0.10558191 | Y51: 44 | Z51: =VLOOKUP(E51,YieldData!T:U,2,FALSE) -> #VALUE! | AA51: =_xlfn.MAXIFS(U:U,E:E,E51) -> 0.91353433
A52: 51 | B52: 601 | C52: AYT Trial | D52: 25112 | E52: =D52*1000+B52 -> 25112601 | F52: =VLOOKUP(E52,YieldData!D:F,2,FALSE) -> 1 | G52: =VLOOKUP($E52,YieldData!$D:$F,3,FALSE) -> 1 | H52: 10 | I52: 7-04 ayt plot files â€” ayttrialdata_rows_polygons__ayt_plots_dissolved | J52: D:/Drone Imagery/2025 summer/20250704/shapefiles/7-04 ayt plot files.gpkg|layername=ayttrialdata_rows_polygons__ayt_plots_dissolved | K52: 2487.1484 | L52: 9611491.4 | M52: 2487.1484 | N52: 9611491.4 | O52: 0.062299181 | P52: 0.0031054108 | Q52: -0.024099465 | R52: 0.00056910783 | S52: 0.25123803 | T52: 0.0072185554 | U52: 0.041042813 | V52: 0.0393583 | W52: 0.89218184 | X52: 0.096193406 | Y52: 63 | Z52: =VLOOKUP(E52,YieldData!T:U,2,FALSE) -> 2181.5918 | AA52: =_xlfn.MAXIFS(U:U,E:E,E52) -> 0.56725629
A53: 52 | B53: 602 | C53: AYT Trial | D53: 25112 | E53: =D53*1000+B53 -> 25112602 | F53: =VLOOKUP(E53,YieldData!D:F,2,FALSE) -> 2 | G53: =VLOOKUP($E53,YieldData!$D:$F,3,FALSE) -> 1 | H53: 10 | I53: 7-04 ayt plot files â€” ayttrialdata_rows_polygons__ayt_plots_dissolved | J53: D:/Drone Imagery/2025 summer/20250704/shapefiles/7-04 ayt plot files.gpkg|layername=ayttrialdata_rows_polygons__ayt_plots_dissolved | K53: 2408.6671 | L53: 6765228.5 | M53: 2408.6671 | N53: 6765228.5 | O53: 0.046281316 | P53: 0.0023850021 | Q53: -0.033122625 | R53: 0.00041818631 | S53: 0.2367578 | T53: 0.0062091392 | U53: 0.032692505 | V53: 0.031623705 | W53: 0.89635674 | X53: 0.092901332 | Y53: 64 | Z53: =VLOOKUP(E53,YieldData!T:U,2,FALSE) -> 2508.2317 | AA53: =_xlfn.MAXIFS(U:U,E:E,E53) -> 0.55694771
A54: 53 | B54: 603 | C54: AYT Trial | D54: 25112 | E54: =D54*1000+B54 -> 25112603 | F54: =VLOOKUP(E54,YieldData!D:F,2,FALSE) -> 3 | G54: =VLOOKUP($E54,YieldData!$D:$F,3,FALSE) -> 1 | H54: 10 | I54: 7-04 ayt plot files â€” ayttrialdata_rows_polygons__ayt_plots_dissolved | J54: D:/Drone Imagery/2025 summer/20250704/shapefiles/7-04 ayt plot files.gpkg|layername=ayttrialdata_rows_polygons__ayt_plots_dissolved | K54: 3284.7927 | L54: 14722318 | M54: 3284.7927 | N54: 14722318 | O54: 0.073223031 | P54: 0.0073838705 | Q54: -0.028458523 | R54: 0.00087731233 | S54: 0.27132733 | T54: 0.017279868 | U54: 0.09741799 | V54: 0.087927725 | W54: 0.9395797 | X54: 0.056769691 | Y54: 75 | Z54: =VLOOKUP(E54,YieldData!T:U,2,FALSE) -> 2318.1354 | AA54: =_xlfn.MAXIFS(U:U,E:E,E54) -> 0.77373398
A55: 54 | B55: 604 | C55: AYT Trial | D55: 25112 | E55: =D55*1000+B55 -> 25112604 | F55: =VLOOKUP(E55,YieldData!D:F,2,FALSE) -> 4 | G55: =VLOOKUP($E55,YieldData!$D:$F,3,FALSE) -> 1 | H55: 10 | I55: 7-04 ayt plot files â€” ayttrialdata_rows_polygons__ayt_plots_dissolved | J55: D:/Drone Imagery/2025 summer/20250704/shapefiles/7-04 ayt plot files.gpkg|layername=ayttrialdata_rows_polygons__ayt_plots_dissolved | K55: 3328.5373 | L55: 16213673 | M55: 3328.5373 | N55: 16213673 | O55: 0.057284457 | P55: 0.0073331807 | Q55: -0.036880033 | R55: 0.00081301151 | S55: 0.26077783 | T55: 0.017470104 | U55: 0.094732668 | V55: 0.08575839 | W55: 0.92429389 | X55: 0.069974695 | Y55: 64 | Z55: =VLOOKUP(E55,YieldData!T:U,2,FALSE) -> 634.45924 | AA55: =_xlfn.MAXIFS(U:U,E:E,E55) -> 0.83857877
A56: 55 | B56: 605 | C56: AYT Trial | D56: 25112 | E56: =D56*1000+B56 -> 25112605 | F56: =VLOOKUP(E56,YieldData!D:F,2,FALSE) -> 3 | G56: =VLOOKUP($E56,YieldData!$D:$F,3,FALSE) -> 2 | H56: 10 | I56: 7-04 ayt plot files â€” ayttrialdata_rows_polygons__ayt_plots_dissolved | J56: D:/Drone Imagery/2025 summer/20250704/shapefiles/7-04 ayt plot files.gpkg|layername=ayttrialdata_rows_polygons__ayt_plots_dissolved | K56: 2587.5011 | L56: 9109392.4 | M56: 2587.5011 | N56: 9109392.4 | O56: 0.05383538 | P56: 0.0069024815 | Q56: -0.032114881 | R56: 0.0016562851 | S56: 0.25425637 | T56: 0.012564585 | U56: 0.067915847 | V56: 0.063303285 | W56: 0.9564095 | X56: 0.041690367 | Y56: 77 | Z56: =VLOOKUP(E56,YieldData!T:U,2,FALSE) -> 1653.121 | AA56: =_xlfn.MAXIFS(U:U,E:E,E56) -> 0.73001204
A57: 56 | B57: 606 | C57: AYT Trial | D57: 25112 | E57: =D57*1000+B57 -> 25112606 | F57: =VLOOKUP(E57,YieldData!D:F,2,FALSE) -> 4 | G57: =VLOOKUP($E57,YieldData!$D:$F,3,FALSE) -> 2 | H57: 10 | I57: 7-04 ayt plot files â€” ayttrialdata_rows_polygons__ayt_plots_dissolved | J57: D:/Drone Imagery/2025 summer/20250704/shapefiles/7-04 ayt plot files.gpkg|layername=ayttrialdata_rows_polygons__ayt_plots_dissolved | K57: 2959.088 | L57: 18423288 | M57: 2959.088 | N57: 18423288 | O57: 0.095498662 | P57: 0.012232118 | Q57: -0.022437653 | R57: 0.0027432996 | S57: 0.30720127 | T57: 0.022513025 | U57: 0.13803963 | V57: 0.11898469 | W57: 0.94201168 | X57: 0.054625676 | Y57: 116 | Z57: =VLOOKUP(E57,YieldData!T:U,2,FALSE) -> 258.99551 | AA57: =_xlfn.MAXIFS(U:U,E:E,E57) -> 0.83590551
A58: 57 | B58: 607 | C58: AYT Trial | D58: 25112 | E58: =D58*1000+B58 -> 25112607 | F58: =VLOOKUP(E58,YieldData!D:F,2,FALSE) -> 1 | G58: =VLOOKUP($E58,YieldData!$D:$F,3,FALSE) -> 2 | H58: 10 | I58: 7-04 ayt plot files â€” ayttrialdata_rows_polygons__ayt_plots_dissolved | J58: D:/Drone Imagery/2025 summer/20250704/shapefiles/7-04 ayt plot files.gpkg|layername=ayttrialdata_rows_polygons__ayt_plots_dissolved | K58: 2090.9008 | L58: 13351151 | M58: 2090.9008 | N58: 13351151 | O58: 0.049365844 | P58: 0.0041006121 | Q58: -0.036279285 | R58: 0.00058033829 | S58: 0.25049367 | T58: 0.0097150244 | U58: 0.052404803 | V58: 0.049658539 | W58: 0.90854077 | X58: 0.08309444 | Y58: 65 | Z58: =VLOOKUP(E58,YieldData!T:U,2,FALSE) -> 1494.5315 | AA58: =_xlfn.MAXIFS(U:U,E:E,E58) -> 0.50546797
A59: 58 | B59: 608 | C59: AYT Trial | D59: 25112 | E59: =D59*1000+B59 -> 25112608 | F59: =VLOOKUP(E59,YieldData!D:F,2,FALSE) -> 2 | G59: =VLOOKUP($E59,YieldData!$D:$F,3,FALSE) -> 2 | H59: 10 | I59: 7-04 ayt plot files â€” ayttrialdata_rows_polygons__ayt_plots_dissolved | J59: D:/Drone Imagery/2025 summer/20250704/shapefiles/7-04 ayt plot files.gpkg|layername=ayttrialdata_rows_polygons__ayt_plots_dissolved | K59: 2288.5306 | L59: 20014765 | M59: 2288.5306 | N59: 20014765 | O59: 0.034198025 | P59: 0.0056789518 | Q59: -0.043063351 | R59: 0.00057416115 | S59: 0.24870513 | T59: 0.014359902 | U59: 0.073459113 | V59: 0.068062872 | W59: 0.92246158 | X59: 0.071526217 | Y59: 65 | Z59: =VLOOKUP(E59,YieldData!T:U,2,FALSE) -> 1636.449 | AA59: =_xlfn.MAXIFS(U:U,E:E,E59) -> 0.63237323
A60: 59 | B60: 609 | C60: AYT Trial | D60: 25112 | E60: =D60*1000+B60 -> 25112609 | F60: =VLOOKUP(E60,YieldData!D:F,2,FALSE) -> 4 | G60: =VLOOKUP($E60,YieldData!$D:$F,3,FALSE) -> 3 | H60: 10 | I60: 7-04 ayt plot files â€” ayttrialdata_rows_polygons__ayt_plots_dissolved | J60: D:/Drone Imagery/2025 summer/20250704/shapefiles/7-04 ayt plot files.gpkg|layername=ayttrialdata_rows_polygons__ayt_plots_dissolved | K60: 1938.3327 | L60: 12691647 | M60: 1938.3327 | N60: 12691647 | O60: 0.063021159 | P60: 0.007611321 | Q60: -0.037461139 | R60: 0.00059785036 | S60: 0.27100428 | T60: 0.015838473 | U60: 0.087313605 | V60: 0.07968994 | W60: 0.97791381 | X60: 0.021598389 | Y60: 83 | Z60: =VLOOKUP(E60,YieldData!T:U,2,FALSE) -> 428.16431 | AA60: =_xlfn.MAXIFS(U:U,E:E,E60) -> 0.74996471
A61: 60 | B61: 610 | C61: AYT Trial | D61: 25112 | E61: =D61*1000+B61 -> 25112610 | F61: =VLOOKUP(E61,YieldData!D:F,2,FALSE) -> 3 | G61: =VLOOKUP($E61,YieldData!$D:$F,3,FALSE) -> 3 | H61: 10 | I61: 7-04 ayt plot files â€” ayttrialdata_rows_polygons__ayt_plots_dissolved | J61: D:/Drone Imagery/2025 summer/20250704/shapefiles/7-04 ayt plot files.gpkg|layername=ayttrialdata_rows_polygons__ayt_plots_dissolved | K61: 1779.5238 | L61: 7596317.8 | M61: 1779.5238 | N61: 7596317.8 | O61: 0.046642681 | P61: 0.0048916802 | Q61: -0.035801824 | R61: 0.00066314776 | S61: 0.24771214 | T61: 0.0094173985 | U61: 0.047157495 | V61: 0.044933666 | W61: 0.95598338 | X61: 0.042079153 | Y61: 85 | Z61: =VLOOKUP(E61,YieldData!T:U,2,FALSE) -> 2054.9422 | AA61: =_xlfn.MAXIFS(U:U,E:E,E61) -> 0.57715333
A62: 61 | B62: 701 | C62: AYT Trial | D62: FILL | E62: =D62*1000+B62 -> #VALUE! | H62: 10 | I62: 7-04 ayt plot files â€” ayttrialdata_rows_polygons__ayt_plots_dissolved | J62: D:/Drone Imagery/2025 summer/20250704/shapefiles/7-04 ayt plot files.gpkg|layername=ayttrialdata_rows_polygons__ayt_plots_dissolved | K62: 2373.079 | L62: 8317936.8 | M62: 2373.079 | N62: 8317936.8 | O62: 0.077800024 | P62: 0.007292906 | Q62: -0.020960408 | R62: 0.00077091846 | S62: 0.27473606 | T62: 0.01428536 | U62: 0.080548712 | V62: 0.074060617 | W62: 0.94938949 | X62: 0.048049084 | Y62: 128 | Z62: =VLOOKUP(E62,YieldData!T:U,2,FALSE) -> #VALUE! | AA62: =_xlfn.MAXIFS(U:U,E:E,E62) -> 0.91353433
A63: 62 | B63: 702 | C63: AYT Trial | D63: FILL | E63: =D63*1000+B63 -> #VALUE! | H63: 10 | I63: 7-04 ayt plot files â€” ayttrialdata_rows_polygons__ayt_plots_dissolved | J63: D:/Drone Imagery/2025 summer/20250704/shapefiles/7-04 ayt plot files.gpkg|layername=ayttrialdata_rows_polygons__ayt_plots_dissolved | K63: 2840.9389 | L63: 14831690 | M63: 2840.9389 | N63: 14831690 | O63: 0.067674707 | P63: 0.0047049733 | Q63: -0.025628326 | R63: 0.00061497416 | S63: 0.26462741 | T63: 0.012986432 | U63: 0.075263042 | V63: 0.069598517 | W63: 0.97104775 | X63: 0.028114018 | Y63: 95 | Z63: =VLOOKUP(E63,YieldData!T:U,2,FALSE) -> #VALUE! | AA63: =_xlfn.MAXIFS(U:U,E:E,E63) -> 0.91353433
A64: 63 | B64: 703 | C64: AYT Trial | D64: FILL | E64: =D64*1000+B64 -> #VALUE! | H64: 10 | I64: 7-04 ayt plot files â€” ayttrialdata_rows_polygons__ayt_plots_dissolved | J64: D:/Drone Imagery/2025 summer/20250704/shapefiles/7-04 ayt plot files.gpkg|layername=ayttrialdata_rows_polygons__ayt_plots_dissolved | K64: 2766.0332 | L64: 8794298.9 | M64: 2766.0332 | N64: 8794298.9 | O64: 0.063368684 | P64: 0.0056529046 | Q64: -0.027159256 | R64: 0.00066517367 | S64: 0.25641597 | T64: 0.011862242 | U64: 0.062633052 | V64: 0.058710153 | W64: 0.91935137 | X64: 0.074144431 | Y64: 42 | Z64: =VLOOKUP(E64,YieldData!T:U,2,FALSE) -> #VALUE! | AA64: =_xlfn.MAXIFS(U:U,E:E,E64) -> 0.91353433
A65: 64 | B65: 704 | C65: AYT Trial | D65: FILL | E65: =D65*1000+B65 -> #VALUE! | H65: 10 | I65: 7-04 ayt plot files â€” ayttrialdata_rows_polygons__ayt_plots_dissolved | J65: D:/Drone Imagery/2025 summer/20250704/shapefiles/7-04 ayt plot files.gpkg|layername=ayttrialdata_rows_polygons__ayt_plots_dissolved | K65: 2883.6569 | L65: 5643630.9 | M65: 2883.6569 | N65: 5643630.9 | O65: 0.038689764 | P65: 0.0039360978 | Q65: -0.038879683 | R65: 0.00089221566 | S65: 0.22936879 | T65: 0.0075698419 | U65: 0.036339147 | V65: 0.035018613 | W65: 0.94701686 | X65: 0.050175923 | Y65: 78 | Z65: =VLOOKUP(E65,YieldData!T:U,2,FALSE) -> #VALUE! | AA65: =_xlfn.MAXIFS(U:U,E:E,E65) -> 0.91353433
A66: 65 | B66: 705 | C66: AYT Trial | D66: FILL | E66: =D66*1000+B66 -> #VALUE! | H66: 10 | I66: 7-04 ayt plot files â€” ayttrialdata_rows_polygons__ayt_plots_dissolved | J66: D:/Drone Imagery/2025 summer/20250704/shapefiles/7-04 ayt plot files.gpkg|layername=ayttrialdata_rows_polygons__ayt_plots_dissolved | K66: 3485.8436 | L66: 19614703 | M66: 3485.8436 | N66: 19614703 | O66: 0.074145341 | P66: 0.0096868455 | Q66: -0.029554412 | R66: 0.0022845916 | S66: 0.27774776 | T66: 0.02042898 | U66: 0.11164916 | V66: 0.099183624 | W66: 0.97052544 | X66: 0.028605812 | Y66: 74 | Z66: =VLOOKUP(E66,YieldData!T:U,2,FALSE) -> #VALUE! | AA66: =_xlfn.MAXIFS(U:U,E:E,E66) -> 0.91353433
A67: 66 | B67: 706 | C67: AYT Trial | D67: FILL | E67: =D67*1000+B67 -> #VALUE! | H67: 10 | I67: 7-04 ayt plot files â€” ayttrialdata_rows_polygons__ayt_plots_dissolved | J67: D:/Drone Imagery/2025 summer/20250704/shapefiles/7-04 ayt plot files.gpkg|layername=ayttrialdata_rows_polygons__ayt_plots_dissolved | K67: 2777.9801 | L67: 16732731 | M67: 2777.9801 | N67: 16732731 | O67: 0.073804879 | P67: 0.0078158736 | Q67: -0.028930402 | R67: 0.0020902093 | S67: 0.27184018 | T67: 0.016227611 | U67: 0.088485371 | V67: 0.08065571 | W67: 0.93759424 | X67: 0.058511279 | Y67: 68 | Z67: =VLOOKUP(E67,YieldData!T:U,2,FALSE) -> #VALUE! | AA67: =_xlfn.MAXIFS(U:U,E:E,E67) -> 0.91353433
A68: 67 | B68: 707 | C68: AYT Trial | D68: FILL | E68: =D68*1000+B68 -> #VALUE! | H68: 10 | I68: 7-04 ayt plot files â€” ayttrialdata_rows_polygons__ayt_plots_dissolved | J68: D:/Drone Imagery/2025 summer/20250704/shapefiles/7-04 ayt plot files.gpkg|layername=ayttrialdata_rows_polygons__ayt_plots_dissolved | K68: 2113.4964 | L68: 8914507.8 | M68: 2113.4964 | N68: 8914507.8 | O68: 0.057192054 | P68: 0.0029521407 | Q68: -0.032505777 | R68: 0.00045312051 | S68: 0.24841562 | T68: 0.0073203698 | U68: 0.039946409 | V68: 0.038350693 | W68: 0.952376 | X68: 0.045355958 | Y68: 88 | Z68: =VLOOKUP(E68,YieldData!T:U,2,FALSE) -> #VALUE! | AA68: =_xlfn.MAXIFS(U:U,E:E,E68) -> 0.91353433
A69: 68 | B69: 708 | C69: AYT Trial | D69: FILL | E69: =D69*1000+B69 -> #VALUE! | H69: 10 | I69: 7-04 ayt plot files â€” ayttrialdata_rows_polygons__ayt_plots_dissolved | J69: D:/Drone Imagery/2025 summer/20250704/shapefiles/7-04 ayt plot files.gpkg|layername=ayttrialdata_rows_polygons__ayt_plots_dissolved | K69: 1917.7402 | L69: 10882741 | M69: 1917.7402 | N69: 10882741 | O69: 0.043879798 | P69: 0.0033289323 | Q69: -0.034356484 | R69: 0.00040939047 | S69: 0.24472409 | T69: 0.0084437114 | U69: 0.045052803 | V69: 0.043023048 | W69: 0.91044133 | X69: 0.081537911 | Y69: 59 | Z69: =VLOOKUP(E69,YieldData!T:U,2,FALSE) -> #VALUE! | AA69: =_xlfn.MAXIFS(U:U,E:E,E69) -> 0.91353433
A70: 69 | B70: 709 | C70: AYT Trial | D70: 25112 | E70: =D70*1000+B70 -> 25112709 | F70: =VLOOKUP(E70,YieldData!D:F,2,FALSE) -> 2 | G70: =VLOOKUP($E70,YieldData!$D:$F,3,FALSE) -> 3 | H70: 10 | I70: 7-04 ayt plot files â€” ayttrialdata_rows_polygons__ayt_plots_dissolved | J70: D:/Drone Imagery/2025 summer/20250704/shapefiles/7-04 ayt plot files.gpkg|layername=ayttrialdata_rows_polygons__ayt_plots_dissolved | K70: 1754.9337 | L70: 6193279.2 | M70: 1754.9337 | N70: 6193279.2 | O70: 0.061878373 | P70: 0.0056882377 | Q70: -0.027566533 | R70: 0.00047835656 | S70: 0.26485751 | T70: 0.01093063 | U70: 0.064413833 | V70: 0.060264691 | W70: 0.96782442 | X70: 0.031140313 | Y70: 103 | Z70: =VLOOKUP(E70,YieldData!T:U,2,FALSE) -> 1822.0876 | AA70: =_xlfn.MAXIFS(U:U,E:E,E70) -> 0.67412449
A71: 70 | B71: 710 | C71: AYT Trial | D71: 25112 | E71: =D71*1000+B71 -> 25112710 | F71: =VLOOKUP(E71,YieldData!D:F,2,FALSE) -> 1 | G71: =VLOOKUP($E71,YieldData!$D:$F,3,FALSE) -> 3 | H71: 10 | I71: 7-04 ayt plot files â€” ayttrialdata_rows_polygons__ayt_plots_dissolved | J71: D:/Drone Imagery/2025 summer/20250704/shapefiles/7-04 ayt plot files.gpkg|layername=ayttrialdata_rows_polygons__ayt_plots_dissolved | K71: 2316.2024 | L71: 13581781 | M71: 2316.2024 | N71: 13581781 | O71: 0.059900902 | P71: 0.0067075584 | Q71: -0.026203973 | R71: 0.00065690442 | S71: 0.26799229 | T71: 0.014248296 | U71: 0.080969018 | V71: 0.074413036 | W71: 0.96534603 | X71: 0.033453074 | Y71: 74 | Z71: =VLOOKUP(E71,YieldData!T:U,2,FALSE) -> 1640.6418 | AA71: =_xlfn.MAXIFS(U:U,E:E,E71) -> 0.55894962
A72: 71 | B72: 801 | C72: AYT Trial | D72: 25113 | E72: =D72*1000+B72 -> 25113801 | F72: =VLOOKUP(E72,YieldData!D:F,2,FALSE) -> 1 | G72: =VLOOKUP($E72,YieldData!$D:$F,3,FALSE) -> 1 | H72: 10 | I72: 7-04 ayt plot files â€” ayttrialdata_rows_polygons__ayt_plots_dissolved | J72: D:/Drone Imagery/2025 summer/20250704/shapefiles/7-04 ayt plot files.gpkg|layername=ayttrialdata_rows_polygons__ayt_plots_dissolved | K72: 2681.8927 | L72: 19051465 | M72: 2681.8927 | N72: 19051465 | O72: 0.064608802 | P72: 0.0055113969 | Q72: -0.023467574 | R72: 0.00077101442 | S72: 0.26704232 | T72: 0.014217759 | U72: 0.081321928 | V72: 0.074708672 | W72: 0.93922462 | X72: 0.057081737 | Y72: 100 | Z72: =VLOOKUP(E72,YieldData!T:U,2,FALSE) -> 2262.7551 | AA72: =_xlfn.MAXIFS(U:U,E:E,E72) -> 0.68267077
A73: 72 | B73: 802 | C73: AYT Trial | D73: 25113 | E73: =D73*1000+B73 -> 25113802 | F73: =VLOOKUP(E73,YieldData!D:F,2,FALSE) -> 2 | G73: =VLOOKUP($E73,YieldData!$D:$F,3,FALSE) -> 1 | H73: 10 | I73: 7-04 ayt plot files â€” ayttrialdata_rows_polygons__ayt_plots_dissolved | J73: D:/Drone Imagery/2025 summer/20250704/shapefiles/7-04 ayt plot files.gpkg|layername=ayttrialdata_rows_polygons__ayt_plots_dissolved | K73: 2219.8133 | L73: 7797461.2 | M73: 2219.8133 | N73: 7797461.2 | O73: 0.050840808 | P73: 0.0057893514 | Q73: -0.029410708 | R73: 0.00058916164 | S73: 0.2435238 | T73: 0.012396264 | U73: 0.057616593 | V73: 0.054296921 | W73: 0.91913208 | X73: 0.074328303 | Y73: 67 | Z73: =VLOOKUP(E73,YieldData!T:U,2,FALSE) -> 1414.4737 | AA73: =_xlfn.MAXIFS(U:U,E:E,E73) -> 0.6810984
A74: 73 | B74: 803 | C74: AYT Trial | D74: 25113 | E74: =D74*1000+B74 -> 25113803 | F74: =VLOOKUP(E74,YieldData!D:F,2,FALSE) -> 3 | G74: =VLOOKUP($E74,YieldData!$D:$F,3,FALSE) -> 1 | H74: 10 | I74: 7-04 ayt plot files â€” ayttrialdata_rows_polygons__ayt_plots_dissolved | J74: D:/Drone Imagery/2025 summer/20250704/shapefiles/7-04 ayt plot files.gpkg|layername=ayttrialdata_rows_polygons__ayt_plots_dissolved | K74: 3158.4922 | L74: 17695590 | M74: 3158.4922 | N74: 17695590 | O74: 0.074770484 | P74: 0.0057876495 | Q74: -0.022711492 | R74: 0.00086017464 | S74: 0.27153758 | T74: 0.01501722 | U74: 0.086522904 | V74: 0.079036691 | W74: 0.96840123 | X74: 0.030600289 | Y74: 95 | Z74: =VLOOKUP(E74,YieldData!T:U,2,FALSE) -> 1660.9901 | AA74: =_xlfn.MAXIFS(U:U,E:E,E74) -> 0.78146566
A75: 74 | B75: 804 | C75: AYT Trial | D75: 25113 | E75: =D75*1000+B75 -> 25113804 | F75: =VLOOKUP(E75,YieldData!D:F,2,FALSE) -> 3 | G75: =VLOOKUP($E75,YieldData!$D:$F,3,FALSE) -> 2 | H75: 10 | I75: 7-04 ayt plot files â€” ayttrialdata_rows_polygons__ayt_plots_dissolved | J75: D:/Drone Imagery/2025 summer/20250704/shapefiles/7-04 ayt plot files.gpkg|layername=ayttrialdata_rows_polygons__ayt_plots_dissolved | K75: 2949.4429 | L75: 10218551 | M75: 2949.4429 | N75: 10218551 | O75: 0.065574351 | P75: 0.0061972887 | Q75: -0.03014134 | R75: 0.0020547711 | S75: 0.25611915 | T75: 0.0120943 | U75: 0.064679963 | V75: 0.060496466 | W75: 0.96854923 | X75: 0.03046162 | Y75: 85 | Z75: =VLOOKUP(E75,YieldData!T:U,2,FALSE) -> 1550.276 | AA75: =_xlfn.MAXIFS(U:U,E:E,E75) -> 0.78450725
A76: 75 | B76: 805 | C76: AYT Trial | D76: 25113 | E76: =D76*1000+B76 -> 25113805 | F76: =VLOOKUP(E76,YieldData!D:F,2,FALSE) -> 2 | G76: =VLOOKUP($E76,YieldData!$D:$F,3,FALSE) -> 2 | H76: 10 | I76: 7-04 ayt plot files â€” ayttrialdata_rows_polygons__ayt_plots_dissolved | J76: D:/Drone Imagery/2025 summer/20250704/shapefiles/7-04 ayt plot files.gpkg|layername=ayttrialdata_rows_polygons__ayt_plots_dissolved | K76: 3301.4773 | L76: 18767077 | M76: 3301.4773 | N76: 18767077 | O76: 0.092948768 | P76: 0.0077568314 | Q76: -0.02040847 | R76: 0.0030049473 | S76: 0.28772333 | T76: 0.016170997 | U76: 0.10083771 | V76: 0.090669464 | W76: 0.91805597 | X76: 0.075229205 | Y76: 71 | Z76: =VLOOKUP(E76,YieldData!T:U,2,FALSE) -> 1315.7815 | AA76: =_xlfn.MAXIFS(U:U,E:E,E76) -> 0.77694369
A77: 76 | B77: 806 | C77: AYT Trial | D77: 25113 | E77: =D77*1000+B77 -> 25113806 | F77: =VLOOKUP(E77,YieldData!D:F,2,FALSE) -> 1 | G77: =VLOOKUP($E77,YieldData!$D:$F,3,FALSE) -> 2 | H77: 10 | I77: 7-04 ayt plot files â€” ayttrialdata_rows_polygons__ayt_plots_dissolved | J77: D:/Drone Imagery/2025 summer/20250704/shapefiles/7-04 ayt plot files.gpkg|layername=ayttrialdata_rows_polygons__ayt_plots_dissolved | K77: 2494.4446 | L77: 9216668.4 | M77: 2494.4446 | N77: 9216668.4 | O77: 0.093576728 | P77: 0.0084414461 | Q77: -0.022181134 | R77: 0.002510532 | S77: 0.28071502 | T77: 0.014993052 | U77: 0.083284029 | V77: 0.0763478 | W77: 0.93197553 | X77: 0.063397142 | Y77: 86 | Z77: =VLOOKUP(E77,YieldData!T:U,2,FALSE) -> 1287.3668 | AA77: =_xlfn.MAXIFS(U:U,E:E,E77) -> 0.81061417
A78: 77 | B78: 807 | C78: AYT Trial | D78: 25113 | E78: =D78*1000+B78 -> 25113807 | F78: =VLOOKUP(E78,YieldData!D:F,2,FALSE) -> 1 | G78: =VLOOKUP($E78,YieldData!$D:$F,3,FALSE) -> 3 | H78: 10 | I78: 7-04 ayt plot files â€” ayttrialdata_rows_polygons__ayt_plots_dissolved | J78: D:/Drone Imagery/2025 summer/20250704/shapefiles/7-04 ayt plot files.gpkg|layername=ayttrialdata_rows_polygons__ayt_plots_dissolved | K78: 2998.239 | L78: 22532988 | M78: 2998.239 | N78: 22532988 | O78: 0.072700449 | P78: 0.004457971 | Q78: -0.029333139 | R78: 0.00055507904 | S78: 0.26843117 | T78: 0.013054477 | U78: 0.076911643 | V78: 0.070996242 | W78: 0.94412854 | X78: 0.052749839 | Y78: 79 | Z78: =VLOOKUP(E78,YieldData!T:U,2,FALSE) -> 1015.1348 | AA78: =_xlfn.MAXIFS(U:U,E:E,E78) -> 0.75823454
A79: 78 | B79: 808 | C79: AYT Trial | D79: 25113 | E79: =D79*1000+B79 -> 25113808 | F79: =VLOOKUP(E79,YieldData!D:F,2,FALSE) -> 2 | G79: =VLOOKUP($E79,YieldData!$D:$F,3,FALSE) -> 3 | H79: 10 | I79: 7-04 ayt plot files â€” ayttrialdata_rows_polygons__ayt_plots_dissolved | J79: D:/Drone Imagery/2025 summer/20250704/shapefiles/7-04 ayt plot files.gpkg|layername=ayttrialdata_rows_polygons__ayt_plots_dissolved | K79: 2257.9439 | L79: 10565508 | M79: 2257.9439 | N79: 10565508 | O79: 0.040791278 | P79: 0.002901932 | Q79: -0.037231831 | R79: 0.000438908 | S79: 0.23871866 | T79: 0.0074115486 | U79: 0.039535523 | V79: 0.037972466 | W79: 0.89912328 | X79: 0.090700608 | Y79: 59 | Z79: =VLOOKUP(E79,YieldData!T:U,2,FALSE) -> 1853.8318 | AA79: =_xlfn.MAXIFS(U:U,E:E,E79) -> 0.55782939
A80: 79 | B80: 809 | C80: AYT Trial | D80: 25113 | E80: =D80*1000+B80 -> 25113809 | F80: =VLOOKUP(E80,YieldData!D:F,2,FALSE) -> 3 | G80: =VLOOKUP($E80,YieldData!$D:$F,3,FALSE) -> 3 | H80: 10 | I80: 7-04 ayt plot files â€” ayttrialdata_rows_polygons__ayt_plots_dissolved | J80: D:/Drone Imagery/2025 summer/20250704/shapefiles/7-04 ayt plot files.gpkg|layername=ayttrialdata_rows_polygons__ayt_plots_dissolved | K80: 2337.5005 | L80: 15125319 | M80: 2337.5005 | N80: 15125319 | O80: 0.055814526 | P80: 0.0053414535 | Q80: -0.028098081 | R80: 0.00057900577 | S80: 0.26519681 | T80: 0.012596381 | U80: 0.073634922 | V80: 0.06821282 | W80: 0.93959039 | X80: 0.056760291 | Y80: 70 | Z80: =VLOOKUP(E80,YieldData!T:U,2,FALSE) -> 2012.4262 | AA80: =_xlfn.MAXIFS(U:U,E:E,E80) -> 0.68753069
A81: 80 | B81: 901 | C81: AYT Trial | D81: 25114 | E81: =D81*1000+B81 -> 25114901 | F81: =VLOOKUP(E81,YieldData!D:F,2,FALSE) -> 1 | G81: =VLOOKUP($E81,YieldData!$D:$F,3,FALSE) -> 1 | H81: 10 | I81: 7-04 ayt plot files â€” ayttrialdata_rows_polygons__ayt_plots_dissolved | J81: D:/Drone Imagery/2025 summer/20250704/shapefiles/7-04 ayt plot files.gpkg|layername=ayttrialdata_rows_polygons__ayt_plots_dissolved | K81: 2675.6928 | L81: 17633810 | M81: 2675.6928 | N81: 17633810 | O81: 0.042057301 | P81: 0.0049153921 | Q81: -0.029031036 | R81: 0.00075611638 | S81: 0.24232696 | T81: 0.012664081 | U81: 0.065244953 | V81: 0.060988049 | W81: 0.95791375 | X81: 0.040315001 | Y81: 87 | Z81: =VLOOKUP(E81,YieldData!T:U,2,FALSE) -> 799.50738 | AA81: =_xlfn.MAXIFS(U:U,E:E,E81) -> 0.58475063
... A89: 88 | B89: 909 | C89: AYT Trial | D89: 25114 | E89: =D89*1000+B89 -> 25114909 | F89: =VLOOKUP(E89,YieldData!D:F,2,FALSE) -> 3 | G89: =VLOOKUP($E89,YieldData!$D:$F,3,FALSE) -> 3 | H89: 10 | I89: 7-04 ayt plot files â€” ayttrialdata_rows_polygons__ayt_plots_dissolved | J89: D:/Drone Imagery/2025 summer/20250704/shapefiles/7-04 ayt plot files.gpkg|layername=ayttrialdata_rows_polygons__ayt_plots_dissolved | K89: 2855.9412 | L89: 13866816 | M89: 2855.9412 | N89: 13866816 | O89: 0.12954858 | P89: 0.0073905957 | Q89: -1.0373439e-05 | R89: 0.00080272808 | S89: 0.32836918 | T89: 0.014933493 | U89: 0.11098029 | V89: 0.098663664 | W89: 0.9591506 | X89: 0.039180728 | Y89: 85 | Z89: =VLOOKUP(E89,YieldData!T:U,2,FALSE) -> 1461.7875 | AA89: =_xlfn.MAXIFS(U:U,E:E,E89) -> 0.73401942
A90: 89 | B90: 910 | C90: AYT Trial | D90: FILL | E90: =D90*1000+B90 -> #VALUE! | H90: 10 | I90: 7-04 ayt plot files â€” ayttrialdata_rows_polygons__ayt_plots_dissolved | J90: D:/Drone Imagery/2025 summer/20250704/shapefiles/7-04 ayt plot files.gpkg|layername=ayttrialdata_rows_polygons__ayt_plots_dissolved | K90: 2148.6865 | L90: 8267781.2 | M90: 2148.6865 | N90: 8267781.2 | O90: 0.066639554 | P90: 0.0043968435 | Q90: -0.0091918007 | R90: 0.0006367229 | S90: 0.27352368 | T90: 0.0080663931 | U90: 0.045561868 | V90: 0.043485984 | W90: 0.89722212 | X90: 0.092214588 | Y90: 56 | Z90: =VLOOKUP(E90,YieldData!T:U,2,FALSE) -> #VALUE! | AA90: =_xlfn.MAXIFS(U:U,E:E,E90) -> 0.91353433
A91: 90 | B91: 810 | C91: AYT Trial | D91: FILL | E91: =D91*1000+B91 -> #VALUE! | H91: 10 | I91: 7-04 ayt plot files â€” ayttrialdata_rows_polygons__ayt_plots_dissolved | J91: D:/Drone Imagery/2025 summer/20250704/shapefiles/7-04 ayt plot files.gpkg|layername=ayttrialdata_rows_polygons__ayt_plots_dissolved | K91: 2450.3989 | L91: 12876566 | M91: 2450.3989 | N91: 12876566 | O91: 0.05277858 | P91: 0.0072825763 | Q91: -0.027076919 | R91: 0.00064374023 | S91: 0.26718197 | T91: 0.014511386 | U91: 0.078956307 | V91: 0.072722209 | W91: 0.91797298 | X91: 0.075298591 | Y91: 95 | Z91: =VLOOKUP(E91,YieldData!T:U,2,FALSE) -> #VALUE! | AA91: =_xlfn.MAXIFS(U:U,E:E,E91) -> 0.91353433
A92: 93 | B92: 101 | C92: PYT Trial | D92: 25107 | E92: =D92*1000+B92 -> 25107101 | F92: =VLOOKUP(E92,YieldData!D:F,2,FALSE) -> 1 | G92: =VLOOKUP($E92,YieldData!$D:$F,3,FALSE) -> 1 | H92: 10 | I92: PYT plots | J92: D:/Drone Imagery/2025 summer/20250704/shapefiles/7-04 reg plot polygons.gpkg|layername=pyt_trial_data_rows_polygons__pyt_trial_data_row_polygons | K92: 1432.9968 | L92: 4291568.4 | M92: 1432.9968 | N92: 4291568.4 | O92: 0.034834252 | P92: 0.0042383354 | Q92: -0.050826302 | R92: 0.00083223878 | S92: 0.22485692 | T92: 0.006421423 | U92: 0.023442733 | V92: 0.022893171 | W92: 0.92681497 | X92: 0.067828978 | Y92: 71 | Z92: =VLOOKUP(E92,YieldData!T:U,2,FALSE) -> 1035.2455 | AA92: =_xlfn.MAXIFS(U:U,E:E,E92) -> 0.39007559
A93: 94 | B93: 102 | C93: PYT Trial | D93: 25107 | E93: =D93*1000+B93 -> 25107102 | F93: =VLOOKUP(E93,YieldData!D:F,2,FALSE) -> 2 | G93: =VLOOKUP($E93,YieldData!$D:$F,3,FALSE) -> 1 | H93: 10 | I93: PYT plots | J93: D:/Drone Imagery/2025 summer/20250704/shapefiles/7-04 reg plot polygons.gpkg|layername=pyt_trial_data_rows_polygons__pyt_trial_data_row_polygons | K93: 1213.0006 | L93: 2583685.7 | M93: 1213.0006 | N93: 2583685.7 | O93: 0.038531979 | P93: 0.0026749853 | Q93: -0.045329082 | R93: 0.00055870898 | S93: 0.22602357 | T93: 0.0038121195 | U93: 0.013048834 | V93: 0.012878562 | W93: 0.90210761 | X93: 0.088309474 | Y93: 65 | Z93: =VLOOKUP(E93,YieldData!T:U,2,FALSE) -> 1326.2869 | AA93: =_xlfn.MAXIFS(U:U,E:E,E93) -> 0.56265474
A94: 95 | B94: 103 | C94: PYT Trial | D94: 25107 | E94: =D94*1000+B94 -> 25107103 | F94: =VLOOKUP(E94,YieldData!D:F,2,FALSE) -> 3 | G94: =VLOOKUP($E94,YieldData!$D:$F,3,FALSE) -> 1 | H94: 10 | I94: PYT plots | J94: D:/Drone Imagery/2025 summer/20250704/shapefiles/7-04 reg plot polygons.gpkg|layername=pyt_trial_data_rows_polygons__pyt_trial_data_row_polygons | K94: 1309.0016 | L94: 3644679.5 | M94: 1309.0016 | N94: 3644679.5 | O94: 0.047569624 | P94: 0.0027571696 | Q94: -0.038892888 | R94: 0.00046884508 | S94: 0.24101834 | T94: 0.0045978236 | U94: 0.020130375 | V94: 0.019725143 | W94: 0.89715926 | X94: 0.092264522 | Y94: 80 | Z94: =VLOOKUP(E94,YieldData!T:U,2,FALSE) -> 2390.828 | AA94: =_xlfn.MAXIFS(U:U,E:E,E94) -> 0.45615462
A95: 96 | B95: 104 | C95: PYT Trial | D95: 25107 | E95: =D95*1000+B95 -> 25107104 | F95: =VLOOKUP(E95,YieldData!D:F,2,FALSE) -> 4 | G95: =VLOOKUP($E95,YieldData!$D:$F,3,FALSE) -> 1 | H95: 10 | I95: PYT plots | J95: D:/Drone Imagery/2025 summer/20250704/shapefiles/7-04 reg plot polygons.gpkg|layername=pyt_trial_data_rows_polygons__pyt_trial_data_row_polygons | K95: 1217.4835 | L95: 2646653.4 | M95: 1217.4835 | N95: 2646653.4 | O95: 0.056127619 | P95: 0.0020674541 | Q95: -0.031362856 | R95: 0.00053469812 | S95: 0.24895941 | T95: 0.0029709419 | U95: 0.01270183 | V95: 0.012540493 | W95: 0.91473202 | X95: 0.077997352 | Y95: 69 | Z95: =VLOOKUP(E95,YieldData!T:U,2,FALSE) -> 2488.19 | AA95: =_xlfn.MAXIFS(U:U,E:E,E95) -> 0.44924174
A96: 97 | B96: 105 | C96: PYT Trial | D96: 25107 | E96: =D96*1000+B96 -> 25107105 | F96: =VLOOKUP(E96,YieldData!D:F,2,FALSE) -> 5 | G96: =VLOOKUP($E96,YieldData!$D:$F,3,FALSE) -> 1 | H96: 10 | I96: PYT plots | J96: D:/Drone Imagery/2025 summer/20250704/shapefiles/7-04 reg plot polygons.gpkg|layername=pyt_trial_data_rows_polygons__pyt_trial_data_row_polygons | K96: 999.58349 | L96: 1672752.4 | M96: 999.58349 | N96: 1672752.4 | O96: 0.062619907 | P96: 0.0026760361 | Q96: -0.026459621 | R96: 0.00073738812 | S96: 0.25468908 | T96: 0.0029624145 | U96: 0.011540853 | V96: 0.011407662 | W96: 0.88410061 | X96: 0.10246672 | Y96: 64 | Z96: =VLOOKUP(E96,YieldData!T:U,2,FALSE) -> 2505.2118 | AA96: =_xlfn.MAXIFS(U:U,E:E,E96) -> 0.49696216
A97: 98 | B97: 106 | C97: PYT Trial | D97: 25107 | E97: =D97*1000+B97 -> 25107106 | F97: =VLOOKUP(E97,YieldData!D:F,2,FALSE) -> 6 | G97: =VLOOKUP($E97,YieldData!$D:$F,3,FALSE) -> 1 | H97: 10 | I97: PYT plots | J97: D:/Drone Imagery/2025 summer/20250704/shapefiles/7-04 reg plot polygons.gpkg|layername=pyt_trial_data_rows_polygons__pyt_trial_data_row_polygons | K97: 1201.2137 | L97: 2777635.8 | M97: 1201.2137 | N97: 2777635.8 | O97: 0.090936381 | P97: 0.0036311227 | Q97: -0.017164209 | R97: 0.00097155225 | S97: 0.27848948 | T97: 0.0046799641 | U97: 0.024342121 | V97: 0.023749582 | W97: 0.91328661 | X97: 0.079194177 | Y97: 68 | Z97: =VLOOKUP(E97,YieldData!T:U,2,FALSE) -> 2315.9114 | AA97: =_xlfn.MAXIFS(U:U,E:E,E97) -> 0.39903159
A98: 99 | B98: 107 | C98: PYT Trial | D98: 25107 | E98: =D98*1000+B98 -> 25107107 | F98: =VLOOKUP(E98,YieldData!D:F,2,FALSE) -> 7 | G98: =VLOOKUP($E98,YieldData!$D:$F,3,FALSE) -> 1 | H98: 10 | I98: PYT plots | J98: D:/Drone Imagery/2025 summer/20250704/shapefiles/7-04 reg plot polygons.gpkg|layername=pyt_trial_data_rows_polygons__pyt_trial_data_row_polygons | K98: 1511.4124 | L98: 2143529 | M98: 1511.4124 | N98: 2143529 | O98: 0.07902707 | P98: 0.003245832 | Q98: -0.021797247 | R98: 0.00073682683 | S98: 0.27559686 | T98: 0.00418152 | U98: 0.017573038 | V98: 0.017264227 | W98: 0.91405585 | X98: 0.078557751 | Y98: 66 | Z98: =VLOOKUP(E98,YieldData!T:U,2,FALSE) -> 2008.0359 | AA98: =_xlfn.MAXIFS(U:U,E:E,E98) -> 0.46002398
A99: 100 | B99: 108 | C99: PYT Trial | D99: 25107 | E99: =D99*1000+B99 -> 25107108 | F99: =VLOOKUP(E99,YieldData!D:F,2,FALSE) -> 4 | G99: =VLOOKUP($E99,YieldData!$D:$F,3,FALSE) -> 2 | H99: 10 | I99: PYT plots | J99: D:/Drone Imagery/2025 summer/20250704/shapefiles/7-04 reg plot polygons.gpkg|layername=pyt_trial_data_rows_polygons__pyt_trial_data_row_polygons | K99: 1904.4677 | L99: 2589810.1 | M99: 1904.4677 | N99: 2589810.1 | O99: 0.070461215 | P99: 0.0026671328 | Q99: -0.023529078 | R99: 0.00057370181 | S99: 0.2745271 | T99: 0.003394394 | U99: 0.015728912 | V99: 0.015481514 | W99: 0.92519374 | X99: 0.069210281 | Y99: 58 | Z99: =VLOOKUP(E99,YieldData!T:U,2,FALSE) -> 2547.5979 | AA99: =_xlfn.MAXIFS(U:U,E:E,E99) -> 0.50343838
A100: 101 | B100: 109 | C100: PYT Trial | D100: 25107 | E100: =D100*1000+B100 -> 25107109 | F100: =VLOOKUP(E100,YieldData!D:F,2,FALSE) -> 2 | G100: =VLOOKUP($E100,YieldData!$D:$F,3,FALSE) -> 2 | H100: 10 | I100: PYT plots | J100: D:/Drone Imagery/2025 summer/20250704/shapefiles/7-04 reg plot polygons.gpkg|layername=pyt_trial_data_rows_polygons__pyt_trial_data_row_polygons | K100: 1928.9748 | L100: 3203697.2 | M100: 1928.9748 | N100: 3203697.2 | O100: 0.070399632 | P100: 0.0035358136 | Q100: -0.024713475 | R100: 0.00085821568 | S100: 0.26908216 | T100: 0.004107948 | U100: 0.020653448 | V100: 0.020226883 | W100: 0.89860913 | X100: 0.091110758 | Y100: 67 | Z100: =VLOOKUP(E100,YieldData!T:U,2,FALSE) -> 1584.2105 | AA100: =_xlfn.MAXIFS(U:U,E:E,E100) -> 0.39993303
A101: 102 | B101: 110 | C101: PYT Trial | D101: 25107 | E101: =D101*1000+B101 -> 25107110 | F101: =VLOOKUP(E101,YieldData!D:F,2,FALSE) -> 1 | G101: =VLOOKUP($E101,YieldData!$D:$F,3,FALSE) -> 2 | H101: 10 | I101: PYT plots | J101: D:/Drone Imagery/2025 summer/20250704/shapefiles/7-04 reg plot polygons.gpkg|layername=pyt_trial_data_rows_polygons__pyt_trial_data_row_polygons | K101: 1932.698 | L101: 3184482.6 | M101: 1932.698 | N101: 3184482.6 | O101: 0.055397334 | P101: 0.003114751 | Q101: -0.035128651 | R101: 0.00078687731 | S101: 0.25544061 | T101: 0.0042430305 | U101: 0.020306633 | V101: 0.019894273 | W101: 0.89443029 | X101: 0.094424745 | Y101: 61 | Z101: =VLOOKUP(E101,YieldData!T:U,2,FALSE) -> 1585.0449 | AA101: =_xlfn.MAXIFS(U:U,E:E,E101) -> 0.54967767
A102: 103 | B102: 111 | C102: PYT Trial | D102: 25107 | E102: =D102*1000+B102 -> 25107111 | F102: =VLOOKUP(E102,YieldData!D:F,2,FALSE) -> 5 | G102: =VLOOKUP($E102,YieldData!$D:$F,3,FALSE) -> 2 | H102: 10 | I102: PYT plots | J102: D:/Drone Imagery/2025 summer/20250704/shapefiles/7-04 reg plot polygons.gpkg|layername=pyt_trial_data_rows_polygons__pyt_trial_data_row_polygons | K102: 1619.0583 | L102: 1288070.2 | M102: 1619.0583 | N102: 1288070.2 | O102: 0.047861349 | P102: 0.0023293374 | Q102: -0.036622708 | R102: 0.00064587827 | S102: 0.23841667 | T102: 0.0024932479 | U102: 0.0084943673 | V102: 0.0084222131 | W102: 0.86365451 | X102: 0.11775539 | Y102: 59 | Z102: =VLOOKUP(E102,YieldData!T:U,2,FALSE) -> 2037.9974 | AA102: =_xlfn.MAXIFS(U:U,E:E,E102) -> 0.530019
A103: 104 | B103: 112 | C103: PYT Trial | D103: 25107 | E103: =D103*1000+B103 -> 25107112 | F103: =VLOOKUP(E103,YieldData!D:F,2,FALSE) -> 3 | G103: =VLOOKUP($E103,YieldData!$D:$F,3,FALSE) -> 2 | H103: 10 | I103: PYT plots | J103: D:/Drone Imagery/2025 summer/20250704/shapefiles/7-04 reg plot polygons.gpkg|layername=pyt_trial_data_rows_polygons__pyt_trial_data_row_polygons | K103: 1850.1524 | L103: 4086173.9 | M103: 1850.1524 | N103: 4086173.9 | O103: 0.047733198 | P103: 0.0022011939 | Q103: -0.03636364 | R103: 0.00057934707 | S103: 0.2349798 | T103: 0.003758867 | U103: 0.014244945 | V103: 0.014042027 | W103: 0.85856974 | X103: 0.12142774 | Y103: 75 | Z103: =VLOOKUP(E103,YieldData!T:U,2,FALSE) -> 3938.1739 | AA103: =_xlfn.MAXIFS(U:U,E:E,E103) -> 0.4712406
A104: 105 | B104: 201 | C104: PYT Trial | D104: FILL | E104: =D104*1000+B104 -> #VALUE! | H104: 10 | I104: PYT plots | J104: D:/Drone Imagery/2025 summer/20250704/shapefiles/7-04 reg plot polygons.gpkg|layername=pyt_trial_data_rows_polygons__pyt_trial_data_row_polygons | K104: 1618.2789 | L104: 3130545.9 | M104: 1618.2789 | N104: 3130545.9 | O104: 0.048069435 | P104: 0.0035893607 | Q104: -0.043220694 | R104: 0.00087741078 | S104: 0.22284347 | T104: 0.004006613 | U104: 0.0094850786 | V104: 0.0093951119 | W104: 0.86567557 | X104: 0.11628138 | Y104: 56 | Z104: =VLOOKUP(E104,YieldData!T:U,2,FALSE) -> #VALUE! | AA104: =_xlfn.MAXIFS(U:U,E:E,E104) -> 0.91353433
A105: 106 | B105: 202 | C105: PYT Trial | D105: FILL | E105: =D105*1000+B105 -> #VALUE! | H105: 10 | I105: PYT plots | J105: D:/Drone Imagery/2025 summer/20250704/shapefiles/7-04 reg plot polygons.gpkg|layername=pyt_trial_data_rows_polygons__pyt_trial_data_row_polygons | K105: 1618.4415 | L105: 4844284 | M105: 1618.4415 | N105: 4844284 | O105: 0.049316944 | P105: 0.0033329265 | Q105: -0.041212636 | R105: 0.00072421737 | S105: 0.22817984 | T105: 0.0044825336 | U105: 0.01283324 | V105: 0.012668548 | W105: 0.87574148 | X105: 0.10881834 | Y105: 66 | Z105: =VLOOKUP(E105,YieldData!T:U,2,FALSE) -> #VALUE! | AA105: =_xlfn.MAXIFS(U:U,E:E,E105) -> 0.91353433
A106: 107 | B106: 203 | C106: PYT Trial | D106: FILL | E106: =D106*1000+B106 -> #VALUE! | H106: 10 | I106: PYT plots | J106: D:/Drone Imagery/2025 summer/20250704/shapefiles/7-04 reg plot polygons.gpkg|layername=pyt_trial_data_rows_polygons__pyt_trial_data_row_polygons | K106: 1464.7977 | L106: 3251848.1 | M106: 1464.7977 | N106: 3251848.1 | O106: 0.048745975 | P106: 0.0021109466 | Q106: -0.03697947 | R106: 0.00055670127 | S106: 0.23425357 | T106: 0.0030145491 | U106: 0.010026277 | V106: 0.0099257504 | W106: 0.85832435 | X106: 0.12160366 | Y106: 60 | Z106: =VLOOKUP(E106,YieldData!T:U,2,FALSE) -> #VALUE! | AA106: =_xlfn.MAXIFS(U:U,E:E,E106) -> 0.91353433
A107: 108 | B107: 204 | C107: PYT Trial | D107: 25107 | E107: =D107*1000+B107 -> 25107204 | F107: =VLOOKUP(E107,YieldData!D:F,2,FALSE) -> 5 | G107: =VLOOKUP($E107,YieldData!$D:$F,3,FALSE) -> 3 | H107: 10 | I107: PYT plots | J107: D:/Drone Imagery/2025 summer/20250704/shapefiles/7-04 reg plot polygons.gpkg|layername=pyt_trial_data_rows_polygons__pyt_trial_data_row_polygons | K107: 1259.1003 | L107: 1573755.6 | M107: 1259.1003 | N107: 1573755.6 | O107: 0.048687374 | P107: 0.0022057874 | Q107: -0.034998807 | R107: 0.00060388059 | S107: 0.23670163 | T107: 0.0026370206 | U107: 0.0094595726 | V107: 0.0093700891 | W107: 0.85341322 | X107: 0.12509909 | Y107: 71 | Z107: =VLOOKUP(E107,YieldData!T:U,2,FALSE) -> 2665.7028 | AA107: =_xlfn.MAXIFS(U:U,E:E,E107) -> 0.44989834
A108: 109 | B108: 205 | C108: PYT Trial | D108: 25107 | E108: =D108*1000+B108 -> 25107205 | F108: =VLOOKUP(E108,YieldData!D:F,2,FALSE) -> 2 | G108: =VLOOKUP($E108,YieldData!$D:$F,3,FALSE) -> 3 | H108: 10 | I108: PYT plots | J108: D:/Drone Imagery/2025 summer/20250704/shapefiles/7-04 reg plot polygons.gpkg|layername=pyt_trial_data_rows_polygons__pyt_trial_data_row_polygons | K108: 1294.3744 | L108: 5558213.8 | M108: 1294.3744 | N108: 5558213.8 | O108: 0.078786535 | P108: 0.003473156 | Q108: -0.02296368 | R108: 0.00088808101 | S108: 0.27306875 | T108: 0.0057082694 | U108: 0.031028953 | V108: 0.030066157 | W108: 0.91333913 | X108: 0.07915076 | Y108: 76 | Z108: =VLOOKUP(E108,YieldData!T:U,2,FALSE) -> 2740.9949 | AA108: =_xlfn.MAXIFS(U:U,E:E,E108) -> 0.47171805
A109: 110 | B109: 206 | C109: PYT Trial | D109: 25107 | E109: =D109*1000+B109 -> 25107206 | F109: =VLOOKUP(E109,YieldData!D:F,2,FALSE) -> 1 | G109: =VLOOKUP($E109,YieldData!$D:$F,3,FALSE) -> 3 | H109: 10 | I109: PYT plots | J109: D:/Drone Imagery/2025 summer/20250704/shapefiles/7-04 reg plot polygons.gpkg|layername=pyt_trial_data_rows_polygons__pyt_trial_data_row_polygons | K109: 1336.5078 | L109: 2465476.9 | M109: 1336.5078 | N109: 2465476.9 | O109: 0.083263514 | P109: 0.0037502967 | Q109: -0.019749013 | R109: 0.0010243959 | S109: 0.27364101 | T109: 0.004602805 | U109: 0.022543263 | V109: 0.022035064 | W109: 0.8121173 | X109: 0.15258279 | Y109: 68 | Z109: =VLOOKUP(E109,YieldData!T:U,2,FALSE) -> 1823.4339 | AA109: =_xlfn.MAXIFS(U:U,E:E,E109) -> 0.46218889
A110: 111 | B110: 207 | C110: PYT Trial | D110: 25107 | E110: =D110*1000+B110 -> 25107207 | F110: =VLOOKUP(E110,YieldData!D:F,2,FALSE) -> 3 | G110: =VLOOKUP($E110,YieldData!$D:$F,3,FALSE) -> 3 | H110: 10 | I110: PYT plots | J110: D:/Drone Imagery/2025 summer/20250704/shapefiles/7-04 reg plot polygons.gpkg|layername=pyt_trial_data_rows_polygons__pyt_trial_data_row_polygons | K110: 1830.9739 | L110: 2519731.3 | M110: 1830.9739 | N110: 2519731.3 | O110: 0.072527685 | P110: 0.0028221012 | Q110: -0.024184203 | R110: 0.00058011567 | S110: 0.27170563 | T110: 0.0041092754 | U110: 0.019998787 | V110: 0.019598836 | W110: 0.83837833 | X110: 0.13550011 | Y110: 70 | Z110: =VLOOKUP(E110,YieldData!T:U,2,FALSE) -> 2319.6341 | AA110: =_xlfn.MAXIFS(U:U,E:E,E110) -> 0.40240116
A111: 112 | B111: 208 | C111: PYT Trial | D111: 25107 | E111: =D111*1000+B111 -> 25107208 | F111: =VLOOKUP(E111,YieldData!D:F,2,FALSE) -> 4 | G111: =VLOOKUP($E111,YieldData!$D:$F,3,FALSE) -> 3 | H111: 10 | I111: PYT plots | J111: D:/Drone Imagery/2025 summer/20250704/shapefiles/7-04 reg plot polygons.gpkg|layername=pyt_trial_data_rows_polygons__pyt_trial_data_row_polygons | K111: 2387.2989 | L111: 2355766.9 | M111: 2387.2989 | N111: 2355766.9 | O111: 0.05854203 | P111: 0.0023406377 | Q111: -0.029588172 | R111: 0.00045035436 | S111: 0.25815581 | T111: 0.0032903528 | U111: 0.015766673 | V111: 0.015518085 | W111: 0.87494661 | X111: 0.10941504 | Y111: 53 | Z111: =VLOOKUP(E111,YieldData!T:U,2,FALSE) -> 1785.5488 | AA111: =_xlfn.MAXIFS(U:U,E:E,E111) -> 0.41079927
A112: 113 | B112: 209 | C112: PYT Trial | D112: 25107 | E112: =D112*1000+B112 -> 25107209 | F112: =VLOOKUP(E112,YieldData!D:F,2,FALSE) -> 6 | G112: =VLOOKUP($E112,YieldData!$D:$F,3,FALSE) -> 3 | H112: 10 | I112: PYT plots | J112: D:/Drone Imagery/2025 summer/20250704/shapefiles/7-04 reg plot polygons.gpkg|layername=pyt_trial_data_rows_polygons__pyt_trial_data_row_polygons | K112: 2421.1083 | L112: 1403836.5 | M112: 2421.1083 | N112: 1403836.5 | O112: 0.061297396 | P112: 0.0028704963 | Q112: -0.029411666 | R112: 0.00073045097 | S112: 0.2533958 | T112: 0.0028265813 | U112: 0.012102368 | V112: 0.011955901 | W112: 0.87813453 | X112: 0.10701428 | Y112: 59 | Z112: =VLOOKUP(E112,YieldData!T:U,2,FALSE) -> 1467.1454 | AA112: =_xlfn.MAXIFS(U:U,E:E,E112) -> 0.45786634
A113: 114 | B113: 210 | C113: PYT Trial | D113: 25107 | E113: =D113*1000+B113 -> 25107210 | F113: =VLOOKUP(E113,YieldData!D:F,2,FALSE) -> 7 | G113: =VLOOKUP($E113,YieldData!$D:$F,3,FALSE) -> 3 | H113: 10 | I113: PYT plots | J113: D:/Drone Imagery/2025 summer/20250704/shapefiles/7-04 reg plot polygons.gpkg|layername=pyt_trial_data_rows_polygons__pyt_trial_data_row_polygons | K113: 2647.7528 | L113: 1936011.5 | M113: 2647.7528 | N113: 1936011.5 | O113: 0.046607352 | P113: 0.002124339 | Q113: -0.043276091 | R113: 0.00051788562 | S113: 0.2383482 | T113: 0.0030644359 | U113: 0.013259557 | V113: 0.013083741 | W113: 0.91217545 | X113: 0.080111401 | Y113: 51 | Z113: =VLOOKUP(E113,YieldData!T:U,2,FALSE) -> 1599.6951 | AA113: =_xlfn.MAXIFS(U:U,E:E,E113) -> 0.55738738
A114: 115 | B114: 211 | C114: PYT Trial | D114: 25107 | E114: =D114*1000+B114 -> 25107211 | F114: =VLOOKUP(E114,YieldData!D:F,2,FALSE) -> 7 | G114: =VLOOKUP($E114,YieldData!$D:$F,3,FALSE) -> 2 | H114: 10 | I114: PYT plots | J114: D:/Drone Imagery/2025 summer/20250704/shapefiles/7-04 reg plot polygons.gpkg|layername=pyt_trial_data_rows_polygons__pyt_trial_data_row_polygons | K114: 2217.2721 | L114: 1433344.1 | M114: 2217.2721 | N114: 1433344.1 | O114: 0.05190143 | P114: 0.0018724436 | Q114: -0.039021204 | R114: 0.00058268577 | S114: 0.23595219 | T114: 0.0020043298 | U114: 0.0063281789 | V114: 0.006288133 | W114: 0.90410824 | X114: 0.08669653 | Y114: 61 | Z114: =VLOOKUP(E114,YieldData!T:U,2,FALSE) -> 1675.2696 | AA114: =_xlfn.MAXIFS(U:U,E:E,E114) -> 0.44863414
A115: 116 | B115: 212 | C115: PYT Trial | D115: 25107 | E115: =D115*1000+B115 -> 25107212 | F115: =VLOOKUP(E115,YieldData!D:F,2,FALSE) -> 6 | G115: =VLOOKUP($E115,YieldData!$D:$F,3,FALSE) -> 2 | H115: 10 | I115: PYT plots | J115: D:/Drone Imagery/2025 summer/20250704/shapefiles/7-04 reg plot polygons.gpkg|layername=pyt_trial_data_rows_polygons__pyt_trial_data_row_polygons | K115: 2250.8877 | L115: 2803638.3 | M115: 2250.8877 | N115: 2803638.3 | O115: 0.061380784 | P115: 0.0034729285 | Q115: -0.034107556 | R115: 0.00067470757 | S115: 0.24586874 | T115: 0.005151779 | U115: 0.024711145 | V115: 0.024100504 | W115: 0.90272346 | X115: 0.087813818 | Y115: 81 | Z115: =VLOOKUP(E115,YieldData!T:U,2,FALSE) -> 2312.837 | AA115: =_xlfn.MAXIFS(U:U,E:E,E115) -> 0.36414733
A116: 117 | B116: 301 | C116: PYT Trial | D116: 25110 | E116: =D116*1000+B116 -> 25110301 | F116: =VLOOKUP(E116,YieldData!D:F,2,FALSE) -> 1 | G116: =VLOOKUP($E116,YieldData!$D:$F,3,FALSE) -> 1 | H116: 10 | I116: PYT plots | J116: D:/Drone Imagery/2025 summer/20250704/shapefiles/7-04 reg plot polygons.gpkg|layername=pyt_trial_data_rows_polygons__pyt_trial_data_row_polygons | K116: 2097.0619 | L116: 6312095.6 | M116: 2097.0619 | N116: 6312095.6 | O116: 0.026494767 | P116: 0.0028640686 | Q116: -0.052354309 | R116: 0.00049464818 | S116: 0.20041623 | T116: 0.005355033 | U116: 0.019667426 | V116: 0.019280619 | W116: 0.91134722 | X116: 0.080793466 | Y116: 56 | Z116: =VLOOKUP(E116,YieldData!T:U,2,FALSE) -> 1782.9894 | AA116: =_xlfn.MAXIFS(U:U,E:E,E116) -> 0.52055802
A117: 118 | B117: 302 | C117: PYT Trial | D117: 25110 | E117: =D117*1000+B117 -> 25110302 | F117: =VLOOKUP(E117,YieldData!D:F,2,FALSE) -> 2 | G117: =VLOOKUP($E117,YieldData!$D:$F,3,FALSE) -> 1 | H117: 10 | I117: PYT plots | J117: D:/Drone Imagery/2025 summer/20250704/shapefiles/7-04 reg plot polygons.gpkg|layername=pyt_trial_data_rows_polygons__pyt_trial_data_row_polygons | K117: 1948.7141 | L117: 8237877 | M117: 1948.7141 | N117: 8237877 | O117: 0.041902455 | P117: 0.0025351132 | Q117: -0.045893206 | R117: 0.00042449851 | S117: 0.2180642 | T117: 0.0058207903 | U117: 0.025232594 | V117: 0.02459591 | W117: 0.87446633 | X117: 0.10977497 | Y117: 49 | Z117: =VLOOKUP(E117,YieldData!T:U,2,FALSE) -> 1480.0225 | AA117: =_xlfn.MAXIFS(U:U,E:E,E117) -> 0.51252796
A118: 119 | B118: 303 | C118: PYT Trial | D118: 25110 | E118: =D118*1000+B118 -> 25110303 | F118: =VLOOKUP(E118,YieldData!D:F,2,FALSE) -> 3 | G118: =VLOOKUP($E118,YieldData!$D:$F,3,FALSE) -> 1 | H118: 10 | I118: PYT plots | J118: D:/Drone Imagery/2025 summer/20250704/shapefiles/7-04 reg plot polygons.gpkg|layername=pyt_trial_data_rows_polygons__pyt_trial_data_row_polygons | K118: 1832.8017 | L118: 6080799.4 | M118: 1832.8017 | N118: 6080799.4 | O118: 0.054031014 | P118: 0.002759402 | Q118: -0.037783874 | R118: 0.00050722554 | S118: 0.23495444 | T118: 0.0056458259 | U118: 0.025920433 | V118: 0.025248564 | W118: 0.80210975 | X118: 0.1587297 | Y118: 44 | Z118: =VLOOKUP(E118,YieldData!T:U,2,FALSE) -> 1611.0173 | AA118: =_xlfn.MAXIFS(U:U,E:E,E118) -> 0.618072
... A134: 135 | B134: 407 | C134: PYT Trial | D134: 25110 | E134: =D134*1000+B134 -> 25110407 | F134: =VLOOKUP(E134,YieldData!D:F,2,FALSE) -> 11 | G134: =VLOOKUP($E134,YieldData!$D:$F,3,FALSE) -> 2 | H134: 10 | I134: PYT plots | J134: D:/Drone Imagery/2025 summer/20250704/shapefiles/7-04 reg plot polygons.gpkg|layername=pyt_trial_data_rows_polygons__pyt_trial_data_row_polygons | K134: 2931.2883 | L134: 7481376.6 | M134: 2931.2883 | N134: 7481376.6 | O134: 0.056030458 | P134: 0.0034295143 | Q134: -0.036407826 | R134: 0.00055065184 | S134: 0.25037738 | T134: 0.0065796423 | U134: 0.030641168 | V134: 0.029702287 | W134: 0.87611223 | X134: 0.10853959 | Y134: 70 | Z134: =VLOOKUP(E134,YieldData!T:U,2,FALSE) -> 1069.6983 | AA134: =_xlfn.MAXIFS(U:U,E:E,E134) -> 0.54326923
A135: 136 | B135: 408 | C135: PYT Trial | D135: 25110 | E135: =D135*1000+B135 -> 25110408 | H135: 10 | I135: PYT plots | J135: D:/Drone Imagery/2025 summer/20250704/shapefiles/7-04 reg plot polygons.gpkg|layername=pyt_trial_data_rows_polygons__pyt_trial_data_row_polygons | K135: 3156.3852 | L135: 3134148.8 | M135: 3156.3852 | N135: 3134148.8 | O135: 0.057427746 | P135: 0.0023279104 | Q135: -0.034474292 | R135: 0.0005454493 | S135: 0.24307633 | T135: 0.0033312217 | U135: 0.014004118 | V135: 0.013808003 | W135: 0.91826217 | X135: 0.075056759 | Y135: 63 | Z135: =VLOOKUP(E135,YieldData!T:U,2,FALSE) -> 0 | AA135: =_xlfn.MAXIFS(U:U,E:E,E135) -> 0.51172284
A136: 137 | B136: 409 | C136: PYT Trial | D136: 25110 | E136: =D136*1000+B136 -> 25110409 | F136: =VLOOKUP(E136,YieldData!D:F,2,FALSE) -> 10 | G136: =VLOOKUP($E136,YieldData!$D:$F,3,FALSE) -> 2 | H136: 10 | I136: PYT plots | J136: D:/Drone Imagery/2025 summer/20250704/shapefiles/7-04 reg plot polygons.gpkg|layername=pyt_trial_data_rows_polygons__pyt_trial_data_row_polygons | K136: 3476.7483 | L136: 3529570.4 | M136: 3476.7483 | N136: 3529570.4 | O136: 0.05077473 | P136: 0.0028875902 | Q136: -0.035480497 | R136: 0.00071577067 | S136: 0.23742743 | T136: 0.0041038262 | U136: 0.016375402 | V136: 0.016107248 | W136: 0.91403933 | X136: 0.078571436 | Y136: 54 | Z136: =VLOOKUP(E136,YieldData!T:U,2,FALSE) -> 402.03947 | AA136: =_xlfn.MAXIFS(U:U,E:E,E136) -> 0.4741966
A137: 138 | B137: 410 | C137: PYT Trial | D137: 25110 | E137: =D137*1000+B137 -> 25110410 | F137: =VLOOKUP(E137,YieldData!D:F,2,FALSE) -> 15 | G137: =VLOOKUP($E137,YieldData!$D:$F,3,FALSE) -> 1 | H137: 10 | I137: PYT plots | J137: D:/Drone Imagery/2025 summer/20250704/shapefiles/7-04 reg plot polygons.gpkg|layername=pyt_trial_data_rows_polygons__pyt_trial_data_row_polygons | K137: 3146.23 | L137: 1950747.8 | M137: 3146.23 | N137: 1950747.8 | O137: 0.052850584 | P137: 0.0024012154 | Q137: -0.034574064 | R137: 0.00075623122 | S137: 0.23156255 | T137: 0.0021961642 | U137: 0.0060878614 | V137: 0.0060507993 | W137: 0.75481494 | X137: 0.18506935 | Y137: 29 | Z137: =VLOOKUP(E137,YieldData!T:U,2,FALSE) -> 837.17747 | AA137: =_xlfn.MAXIFS(U:U,E:E,E137) -> 0.45241142
...

Sheet YieldData
A1: BARCODE_128 | B1: TrialType | C1: PlotNumber | D1: ComboCode | E1: ENTRY | F1: BLOCK | G1: Locn | H1: Check | I1: Experiment Name | J1: Year | K1: Plot | L1: Identity1 | M1: Description1 | N1: Name1 | O1: Plot Range | P1: Plot Column | Q1: 100 Seed weight | R1: Moisture | S1: Plot Weight | T1: ComboCode | U1: Yield | V1: Flowering Date | W1: Maturity Date | X1: 100SW | Y1: Planter
A2: 1AAFF4CFF3 | B2: REG | C2: =O2*100+P2 -> 101 | D2: 25104101 | E2: 1 | F2: 1 | G2: LODS | H2: 0 | I2: 25104 | J2: 2025 | K2: 21 | M2: black | N2: PVBLPI19 1 | O2: 1 | P2: 1 | Q2: 29 | R2: 16.4 | S2: 398 | T2: =I2*1000+C2 -> 25104101 | U2: 534 | V2: 45873 | X2: 29.57 | Y2: 1
A3: 10EF106E84 | B3: REG | C3: =O3*100+P3 -> 102 | D3: 25104102 | E3: 2 | F3: 1 | G3: LODS | H3: 0 | I3: 25104 | J3: 2025 | K3: 22 | M3: black | N3: PVBLPI19 10 | O3: 1 | P3: 2 | Q3: 33 | R3: 17.2 | S3: 1164 | T3: =I3*1000+C3 -> 25104102 | U3: 1547 | V3: 45871 | W3: 45922 | X3: 33.32 | Y3: 16
A4: 129200248F | B4: REG | C4: =O4*100+P4 -> 103 | D4: 25104103 | E4: 3 | F4: 1 | G4: LODS | H4: 1 | I4: 25104 | J4: 2025 | K4: 23 | L4: BC088 | M4: Phaseolus vulgaris | N4: Zorro | O4: 1 | P4: 3 | Q4: 30 | R4: 18.2 | S4: 893 | T4: =I4*1000+C4 -> 25104103 | U4: 1172 | V4: 45872 | W4: 45922 | X4: 29.93 | Y4: 17
A5: 13DCCD360B | B5: REG | C5: =O5*100+P5 -> 104 | D5: 25104104 | E5: 4 | F5: 1 | G5: LODS | H5: 2 | I5: 25104 | J5: 2025 | K5: 24 | L5: black | M5: TV | N5: black bear | O5: 1 | P5: 4 | Q5: 34 | R5: 14.6 | S5: 821 | T5: =I5*1000+C5 -> 25104104 | U5: 1125 | V5: 45870 | W5: 45922 | X5: 35.41 | Y5: 32
A6: 1346D39201 | B6: REG | C6: =O6*100+P6 -> 105 | D6: 25104105 | E6: 5 | F6: 1 | G6: LODS | H6: 3 | I6: 25104 | J6: 2025 | K6: 25 | L6: navy | M6: TV | N6: Blizzard | O6: 1 | P6: 5 | Q6: 30 | R6: 15.8 | S6: 1763 | T6: =I6*1000+C6 -> 25104105 | U6: 2382 | V6: 45869 | W6: 45919 | X6: 30.8 | Y6: 33
A7: 18E3DC5A8E | B7: REG | C7: =O7*100+P7 -> 106 | D7: 25104106 | E7: 4 | F7: 2 | G7: LODS | H7: 2 | I7: 25104 | J7: 2025 | K7: 26 | L7: black | M7: TV | N7: black bear | O7: 1 | P7: 6 | Q7: 36 | R7: 14.9 | S7: 898 | T7: =I7*1000+C7 -> 25104106 | U7: 1226 | V7: 45872 | W7: 45922 | X7: 37.36 | Y7: 48
A8: 1F3234391E | B8: REG | C8: =O8*100+P8 -> 107 | D8: 25104107 | E8: 1 | F8: 2 | G8: LODS | H8: 0 | I8: 25104 | J8: 2025 | K8: 27 | M8: black | N8: PVBLPI19 1 | O8: 1 | P8: 7 | Q8: 26 | R8: 15.1 | S8: 1581 | T8: =I8*1000+C8 -> 25104107 | U8: 2154 | V8: 45872 | W8: 45922 | X8: 26.92 | Y8: 49
A9: 135FB2FF3E | B9: REG | C9: =O9*100+P9 -> 108 | D9: 25104108 | E9: 5 | F9: 2 | G9: LODS | H9: 3 | I9: 25104 | J9: 2025 | K9: 28 | L9: navy | M9: TV | N9: Blizzard | O9: 1 | P9: 8 | Q9: 32 | R9: 12.5 | S9: 1561 | T9: =I9*1000+C9 -> 25104108 | U9: 2192 | V9: 45869 | W9: 45922 | X9: 34.15 | Y9: 64
A10: 1B5771912F | B10: REG | C10: =O10*100+P10 -> 109 | D10: 25104109 | E10: 2 | F10: 2 | G10: LODS | H10: 0 | I10: 25104 | J10: 2025 | K10: 29 | M10: black | N10: PVBLPI19 10 | O10: 1 | P10: 9 | Q10: 31 | R10: 13.2 | S10: 1205 | T10: =I10*1000+C10 -> 25104109 | U10: 1678 | V10: 45873 | W10: 45922 | X10: 32.81 | Y10: 65
A11: 12B2AFE34C | B11: REG | C11: =O11*100+P11 -> 201 | D11: 25104201 | E11: 5 | F11: 4 | G11: LODS | H11: 3 | I11: 25104 | J11: 2025 | K11: 38 | L11: navy | M11: TV | N11: Blizzard | O11: 2 | P11: 1 | Q11: 28 | R11: 12.7 | S11: 1065 | T11: =I11*1000+C11 -> 25104201 | U11: 1492 | V11: 45870 | W11: 45922 | X11: 29.81 | Y11: 2
A12: 1785599F7B | B12: REG | C12: =O12*100+P12 -> 202 | D12: 25104202 | E12: 1 | F12: 4 | G12: LODS | H12: 0 | I12: 25104 | J12: 2025 | K12: 37 | M12: black | N12: PVBLPI19 1 | O12: 2 | P12: 2 | Q12: 30 | R12: 17 | S12: 2333 | T12: =I12*1000+C12 -> 25104202 | U12: 3107 | V12: 45872 | W12: 45922 | X12: 30.37 | Y12: 15
A13: 1649969ECA | B13: REG | C13: =O13*100+P13 -> 203 | D13: 25104203 | E13: 3 | F13: 4 | G13: LODS | H13: 1 | I13: 25104 | J13: 2025 | K13: 36 | L13: BC088 | M13: Phaseolus vulgaris | N13: Zorro | O13: 2 | P13: 3 | Q13: 31 | R13: 18.1 | S13: 1407 | T13: =I13*1000+C13 -> 25104203 | U13: 1849 | V13: 45873 | W13: 45919 | X13: 30.96 | Y13: 18
A14: 1FC56172AF | B14: REG | C14: =O14*100+P14 -> 204 | D14: 25104204 | E14: 4 | F14: 3 | G14: LODS | H14: 2 | I14: 25104 | J14: 2025 | K14: 35 | L14: black | M14: TV | N14: black bear | O14: 2 | P14: 4 | Q14: 29 | R14: 17.2 | S14: 1530 | T14: =I14*1000+C14 -> 25104204 | U14: 2033 | V14: 45872 | W14: 45922 | X14: 29.28 | Y14: 31
A15: 16D48563C6 | B15: REG | C15: =O15*100+P15 -> 205 | D15: 25104205 | E15: 2 | F15: 3 | G15: LODS | H15: 0 | I15: 25104 | J15: 2025 | K15: 34 | M15: black | N15: PVBLPI19 10 | O15: 2 | P15: 5 | Q15: 26 | R15: 14.2 | S15: 1883 | T15: =I15*1000+C15 -> 25104205 | U15: 2592 | V15: 45872 | W15: 45919 | X15: 27.2 | Y15: 34
A16: 18201F0EE4 | B16: REG | C16: =O16*100+P16 -> 206 | D16: 25104206 | E16: 3 | F16: 3 | G16: LODS | H16: 1 | I16: 25104 | J16: 2025 | K16: 33 | L16: BC088 | M16: Phaseolus vulgaris | N16: Zorro | O16: 2 | P16: 6 | Q16: 31 | R16: 13.6 | S16: 1345 | T16: =I16*1000+C16 -> 25104206 | U16: 1865 | V16: 45869 | W16: 45922 | X16: 32.66 | Y16: 47
A17: 157A224D4B | B17: REG | C17: =O17*100+P17 -> 207 | D17: 25104207 | E17: 1 | F17: 3 | G17: LODS | H17: 0 | I17: 25104 | J17: 2025 | K17: 32 | M17: black | N17: PVBLPI19 1 | O17: 2 | P17: 7 | Q17: 29 | R17: 13.6 | S17: 1964 | T17: =I17*1000+C17 -> 25104207 | U17: 2723 | V17: 45873 | W17: 45919 | X17: 30.56 | Y17: 50
A18: 1B611628A4 | B18: REG | C18: =O18*100+P18 -> 208 | D18: 25104208 | E18: 5 | F18: 3 | G18: LODS | H18: 3 | I18: 25104 | J18: 2025 | K18: 31 | L18: navy | M18: TV | N18: Blizzard | O18: 2 | P18: 8 | Q18: 33 | R18: 16.9 | S18: 1756 | T18: =I18*1000+C18 -> 25104208 | U18: 2342 | V18: 45869 | W18: 45919 | X18: 33.44 | Y18: 63
A19: 1E2A42C788 | B19: REG | C19: =O19*100+P19 -> 209 | D19: 25104209 | E19: 3 | F19: 2 | G19: LODS | H19: 1 | I19: 25104 | J19: 2025 | K19: 30 | L19: BC088 | M19: Phaseolus vulgaris | N19: Zorro | O19: 2 | P19: 9 | Q19: 27 | R19: 15.3 | S19: 1662 | T19: =I19*1000+C19 -> 25104209 | U19: 2259 | V19: 45873 | W19: 45922 | X19: 27.89 | Y19: 66
A20: 177CD0AC48 | B20: REG | C20: =O20*100+P20 -> 301 | D20: 25104301 | E20: 2 | F20: 4 | G20: LODS | H20: 0 | I20: 25104 | J20: 2025 | K20: 39 | M20: black | N20: PVBLPI19 10 | O20: 3 | P20: 1 | Q20: 29 | R20: 16.5 | S20: 2060 | T20: =I20*1000+C20 -> 25104301 | U20: 2760 | V20: 45872 | W20: 45919 | X20: 29.53 | Y20: 3
A21: 107E82C871 | B21: REG | C21: =O21*100+P21 -> 302 | D21: 25104302 | E21: 4 | F21: 4 | G21: LODS | H21: 2 | I21: 25104 | J21: 2025 | K21: 40 | L21: black | M21: TV | N21: black bear | O21: 3 | P21: 2 | Q21: 32 | R21: 17.2 | S21: 1594 | T21: =I21*1000+C21 -> 25104302 | U21: 2118 | V21: 45870 | W21: 45922 | X21: 32.31 | Y21: 14
A22: 10EDB7D180 | B22: REG | C22: =O22*100+P22 -> 401 | D22: 25105401 | E22: 1 | F22: 1 | G22: LODS | H22: 0 | I22: 25105 | J22: 2025 | K22: 21 | M22: white kidney | N22: PVKIPI19 4 | O22: 4 | P22: 1 | Q22: 61 | R22: 14.4 | S22: 453 | T22: =I22*1000+C22 -> 25105401 | U22: 622 | V22: 45866 | W22: 45919 | X22: 63.68 | Y22: 4
A23: 1F33742763 | B23: REG | C23: =O23*100+P23 -> 402 | D23: 25105402 | E23: 2 | F23: 1 | G23: LODS | H23: 0 | I23: 25105 | J23: 2025 | K23: 22 | M23: red kidney | N23: PVKIPI19 10 | O23: 4 | P23: 2 | R23: 13 | T23: =I23*1000+C23 -> 25105402 | V23: 45870 | W23: 45937 | X23: -9.55 | Y23: 13
A24: 10CADB6979 | B24: REG | C24: =O24*100+P24 -> 403 | D24: 25105403 | E24: 3 | F24: 1 | G24: LODS | H24: 1 | I24: 25105 | J24: 2025 | K24: 23 | M24: dark red kidney | N24: Redhawk | O24: 4 | P24: 3 | Q24: 68 | R24: 16.4 | S24: 269 | T24: =I24*1000+C24 -> 25105403 | U24: 361 | V24: 45868 | W24: 45922 | X24: 69.33 | Y24: 20
A25: 1C2BE7E1B5 | B25: REG | C25: =O25*100+P25 -> 404 | D25: 25105404 | E25: 4 | F25: 1 | G25: LODS | H25: 2 | I25: 25105 | J25: 2025 | K25: 24 | L25: Snowdon | M25: Control-01 | N25: Snowdon | O25: 4 | P25: 4 | R25: 12 | T25: =I25*1000+C25 -> 25105404 | V25: 45863 | W25: 45922 | X25: -9.66 | Y25: 29
A26: 16B67496BE | B26: REG | C26: =O26*100+P26 -> 405 | D26: 25105405 | E26: 5 | F26: 1 | G26: LODS | H26: 3 | I26: 25105 | J26: 2025 | K26: 25 | M26: red kidney | N26: Coho | O26: 4 | P26: 5 | R26: 15.1 | T26: =I26*1000+C26 -> 25105405 | V26: 45868 | W26: 45929 | X26: -9.32 | Y26: 36
A27: 17542F0075 | B27: REG | C27: =O27*100+P27 -> 406 | D27: 25105406 | E27: 3 | F27: 2 | G27: LODS | H27: 1 | I27: 25105 | J27: 2025 | K27: 26 | M27: dark red kidney | N27: Redhawk | O27: 4 | P27: 6 | Q27: 60 | R27: 15.6 | S27: 446 | T27: =I27*1000+C27 -> 25105406 | U27: 604 | V27: 45866 | W27: 45916 | X27: 61.76 | Y27: 45
A28: 10F210ED64 | B28: REG | C28: =O28*100+P28 -> 407 | D28: 25105407 | E28: 2 | F28: 2 | G28: LODS | H28: 0 | I28: 25105 | J28: 2025 | K28: 27 | M28: red kidney | N28: PVKIPI19 10 | O28: 4 | P28: 7 | Q28: 73 | R28: 17 | S28: 1074 | T28: =I28*1000+C28 -> 25105407 | U28: 1430 | V28: 45870 | W28: 45922 | X28: 73.89 | Y28: 52
A29: 161C4AA1F0 | B29: REG | C29: =O29*100+P29 -> 408 | D29: 25105408 | E29: 4 | F29: 2 | G29: LODS | H29: 2 | I29: 25105 | J29: 2025 | K29: 28 | L29: Snowdon | M29: Control-01 | N29: Snowdon | O29: 4 | P29: 8 | Q29: 74 | R29: 14.9 | S29: 838 | T29: =I29*1000+C29 -> 25105408 | U29: 1144 | V29: 45863 | W29: 45916 | X29: 76.8 | Y29: 61
A30: 1F9DCB83D0 | B30: REG | C30: =O30*100+P30 -> 409 | D30: 25105409 | E30: 1 | F30: 2 | G30: LODS | H30: 0 | I30: 25105 | J30: 2025 | K30: 29 | M30: white kidney | N30: PVKIPI19 4 | O30: 4 | P30: 9 | Q30: 67 | R30: 14.9 | S30: 615 | T30: =I30*1000+C30 -> 25105409 | U30: 840 | V30: 45866 | W30: 45916 | X30: 69.53 | Y30: 68
A31: 1E27EDEAE7 | B31: REG | C31: =O31*100+P31 -> 501 | D31: 25105501 | E31: 4 | F31: 4 | G31: LODS | H31: 2 | I31: 25105 | J31: 2025 | K31: 38 | L31: Snowdon | M31: Control-01 | N31: Snowdon | O31: 5 | P31: 1 | R31: 11.5 | T31: =I31*1000+C31 -> 25105501 | V31: 45863 | W31: 45916 | X31: -9.71 | Y31: 5
A32: 1FC62DE4CA | B32: REG | C32: =O32*100+P32 -> 502 | D32: 25105502 | E32: 2 | F32: 4 | G32: LODS | H32: 0 | I32: 25105 | J32: 2025 | K32: 37 | M32: red kidney | N32: PVKIPI19 10 | O32: 5 | P32: 2 | Q32: 73 | R32: 15.5 | S32: 818 | T32: =I32*1000+C32 -> 25105502 | U32: 1109 | V32: 45868 | W32: 45929 | X32: 75.23 | Y32: 12
A33: 1E63DE7F04 | B33: REG | C33: =O33*100+P33 -> 503 | D33: 25105503 | E33: 5 | F33: 4 | G33: LODS | H33: 3 | I33: 25105 | J33: 2025 | K33: 36 | M33: red kidney | N33: Coho | O33: 5 | P33: 3 | R33: 12.4 | T33: =I33*1000+C33 -> 25105503 | V33: 45868 | W33: 45926 | X33: -9.61 | Y33: 21
A34: 1A953A3EEC | B34: REG | C34: =O34*100+P34 -> 504 | D34: 25105504 | E34: 5 | F34: 3 | G34: LODS | H34: 3 | I34: 25105 | J34: 2025 | K34: 35 | M34: red kidney | N34: Coho | O34: 5 | P34: 4 | Q34: 71 | R34: 17.1 | S34: 964 | T34: =I34*1000+C34 -> 25105504 | U34: 1282 | V34: 45869 | W34: 45926 | X34: 71.78 | Y34: 28
A35: 1AF1CDF148 | B35: REG | C35: =O35*100+P35 -> 505 | D35: 25105505 | E35: 3 | F35: 3 | G35: LODS | H35: 1 | I35: 25105 | J35: 2025 | K35: 34 | M35: dark red kidney | N35: Redhawk | O35: 5 | P35: 5 | Q35: 64 | R35: 16.3 | S35: 932 | T35: =I35*1000+C35 -> 25105505 | U35: 1252 | V35: 45868 | W35: 45917 | X35: 65.33 | Y35: 37
A36: 1E582CF171 | B36: REG | C36: =O36*100+P36 -> 506 | D36: 25105506 | E36: 1 | F36: 3 | G36: LODS | H36: 0 | I36: 25105 | J36: 2025 | K36: 33 | M36: white kidney | N36: PVKIPI19 4 | O36: 5 | P36: 6 | Q36: 69 | R36: 15.3 | S36: 1142 | T36: =I36*1000+C36 -> 25105506 | U36: 1552 | V36: 45866 | W36: 45916 | X36: 71.27 | Y36: 44
A37: 1871BE5911 | B37: REG | C37: =O37*100+P37 -> 507 | D37: 25105507 | E37: 2 | F37: 3 | G37: LODS | H37: 0 | I37: 25105 | J37: 2025 | K37: 32 | M37: red kidney | N37: PVKIPI19 10 | O37: 5 | P37: 7 | Q37: 73 | R37: 16.9 | S37: 1196 | T37: =I37*1000+C37 -> 25105507 | U37: 1595 | V37: 45869 | W37: 45926 | X37: 73.98 | Y37: 53
A38: 1E64EE7C1A | B38: REG | C38: =O38*100+P38 -> 508 | D38: 25105508 | E38: 4 | F38: 3 | G38: LODS | H38: 2 | I38: 25105 | J38: 2025 | K38: 31 | L38: Snowdon | M38: Control-01 | N38: Snowdon | O38: 5 | P38: 8 | R38: 12.5 | T38: =I38*1000+C38 -> 25105508 | V38: 45863 | W38: 45916 | X38: -9.6 | Y38: 60
A39: 1D9E7C3226 | B39: REG | C39: =O39*100+P39 -> 509 | D39: 25105509 | E39: 5 | F39: 2 | G39: LODS | H39: 3 | I39: 25105 | J39: 2025 | K39: 30 | M39: red kidney | N39: Coho | O39: 5 | P39: 9 | R39: 14.2 | T39: =I39*1000+C39 -> 25105509 | V39: 45868 | W39: 45929 | X39: -9.42 | Y39: 69
A40: 1641C41348 | B40: REG | C40: =O40*100+P40 -> 601 | D40: 25105601 | E40: 1 | F40: 4 | G40: LODS | H40: 0 | I40: 25105 | J40: 2025 | K40: 39 | M40: white kidney | N40: PVKIPI19 4 | O40: 6 | P40: 1 | Q40: 64 | R40: 14.7 | S40: 904 | T40: =I40*1000+C40 -> 25105601 | U40: 1237 | V40: 45863 | W40: 45916 | X40: 66.58 | Y40: 6
A41: 18A44C8612 | B41: REG | C41: =O41*100+P41 -> 602 | D41: 25105602 | E41: 3 | F41: 4 | G41: LODS | H41: 1 | I41: 25105 | J41: 2025 | K41: 40 | M41: dark red kidney | N41: Redhawk | O41: 6 | P41: 2 | Q41: 67 | R41: 16.7 | S41: 517 | T41: =I41*1000+C41 -> 25105602 | U41: 691 | V41: 45868 | W41: 45916 | X41: 68.06 | Y41: 11
A42: 125F403BE0 | B42: REG | C42: =O42*100+P42 -> 701 | D42: 25106701 | E42: 1 | F42: 1 | G42: LODS | H42: 0 | I42: 25106 | J42: 2025 | K42: 17 | M42: cran | N42: PVCRPI19 3 | O42: 7 | P42: 1 | Q42: 51 | R42: 14.3 | S42: 1121 | T42: =I42*1000+C42 -> 25106701 | U42: 1542 | V42: 45863 | W42: 45916 | X42: 53.3 | Y42: 7
A43: 1579F9AAA7 | B43: REG | C43: =O43*100+P43 -> 702 | D43: 25106702 | E43: 2 | F43: 1 | G43: LODS | H43: 1 | I43: 25106 | J43: 2025 | K43: 18 | M43: cran | N43: ETNA | O43: 7 | P43: 2 | Q43: 54 | R43: 16.1 | S43: 920 | T43: =I43*1000+C43 -> 25106702 | U43: 1239 | V43: 45866 | W43: 45916 | X43: 55.25 | Y43: 10
A44: 134873E9EF | B44: REG | C44: =O44*100+P44 -> 703 | D44: 25106703 | E44: 3 | F44: 1 | G44: LODS | H44: 2 | I44: 25106 | J44: 2025 | K44: 19 | L44: cran | M44: TV | N44: Krimson | O44: 7 | P44: 3 | Q44: 57 | R44: 14.5 | S44: 711 | T44: =I44*1000+C44 -> 25106703 | U44: 975 | V44: 45863 | W44: 45916 | X44: 59.43 | Y44: 23
A45: 1687A5C509 | B45: REG | C45: =O45*100+P45 -> 704 | D45: 25106704 | E45: 4 | F45: 1 | G45: LODS | H45: 3 | I45: 25106 | J45: 2025 | K45: 20 | M45: Cran | N45: Navabi | O45: 7 | P45: 4 | Q45: 56 | R45: 15.6 | S45: 605 | T45: =I45*1000+C45 -> 25106704 | U45: 819 | V45: 45866 | W45: 45917 | X45: 57.64 | Y45: 26
A46: 1DB881A5AE | B46: REG | C46: =O46*100+P46 -> 705 | D46: 25106705 | E46: 3 | F46: 2 | G46: LODS | H46: 2 | I46: 25106 | J46: 2025 | K46: 21 | L46: cran | M46: TV | N46: Krimson | O46: 7 | P46: 5 | Q46: 57 | R46: 16.4 | S46: 1224 | T46: =I46*1000+C46 -> 25106705 | U46: 1642 | V46: 45866 | W46: 45916 | X46: 58.11 | Y46: 39
A47: 1596C3B0B1 | B47: REG | C47: =O47*100+P47 -> 706 | D47: 25106706 | E47: 2 | F47: 2 | G47: LODS | H47: 1 | I47: 25106 | J47: 2025 | K47: 22 | M47: cran | N47: ETNA | O47: 7 | P47: 6 | Q47: 61 | R47: 15.7 | S47: 934 | T47: =I47*1000+C47 -> 25106706 | U47: 1263 | V47: 45863 | W47: 45916 | X47: 62.71 | Y47: 42
A48: 1EE7BA847D | B48: REG | C48: =O48*100+P48 -> 707 | D48: 25106707 | E48: 1 | F48: 2 | G48: LODS | H48: 0 | I48: 25106 | J48: 2025 | K48: 23 | M48: cran | N48: PVCRPI19 3 | O48: 7 | P48: 7 | Q48: 59 | R48: 17.4 | S48: 1616 | T48: =I48*1000+C48 -> 25106707 | U48: 2142 | V48: 45863 | W48: 45922 | X48: 59.43 | Y48: 55
A49: 1209641F62 | B49: REG | C49: =O49*100+P49 -> 708 | D49: 25106708 | E49: 4 | F49: 2 | G49: LODS | H49: 3 | I49: 25106 | J49: 2025 | K49: 24 | M49: Cran | N49: Navabi | O49: 7 | P49: 8 | Q49: 57 | R49: 15.8 | S49: 1165 | T49: =I49*1000+C49 -> 25106708 | U49: 1574 | V49: 45863 | W49: 45917 | X49: 58.53 | Y49: 58
A50: 142A415719 | B50: REG | C50: =O50*100+P50 -> 709 | D50: 25106709 | E50: 4 | F50: 3 | G50: LODS | H50: 3 | I50: 25106 | J50: 2025 | K50: 25 | M50: Cran | N50: Navabi | O50: 7 | P50: 9 | Q50: 65 | R50: 15.6 | S50: 961 | T50: =I50*1000+C50 -> 25106709 | U50: 1301 | V50: 45866 | W50: 45922 | X50: 66.9 | Y50: 71
A51: 16C478D40B | B51: REG | C51: =O51*100+P51 -> 803 | D51: 25106803 | E51: 1 | F51: 4 | G51: LODS | H51: 0 | I51: 25106 | J51: 2025 | K51: 32 | M51: cran | N51: PVCRPI19 3 | O51: 8 | P51: 3 | Q51: 52 | R51: 12.3 | S51: 974 | T51: =I51*1000+C51 -> 25106803 | U51: 1371 | V51: 45863 | W51: 45917 | X51: 55.61 | Y51: 24
A52: 1F09EB2091 | B52: REG | C52: =O52*100+P52 -> 804 | D52: 25106804 | E52: 3 | F52: 4 | G52: LODS | H52: 2 | I52: 25106 | J52: 2025 | K52: 31 | L52: cran | M52: TV | N52: Krimson | O52: 8 | P52: 4 | Q52: 53 | R52: 11.3 | S52: 454 | T52: =I52*1000+C52 -> 25106804 | U52: 646 | V52: 45866 | W52: 45917 | X52: 57.33 | Y52: 25
A53: 1C94F360A0 | B53: REG | C53: =O53*100+P53 -> 805 | D53: 25106805 | E53: 2 | F53: 4 | G53: LODS | H53: 1 | I53: 25106 | J53: 2025 | K53: 30 | M53: cran | N53: ETNA | O53: 8 | P53: 5 | Q53: 57 | R53: 12 | S53: 1358 | T53: =I53*1000+C53 -> 25106805 | U53: 1918 | V53: 45863 | W53: 45917 | X53: 61.17 | Y53: 40
A54: 14E88BDDF9 | B54: REG | C54: =O54*100+P54 -> 806 | D54: 25106806 | E54: 4 | F54: 4 | G54: LODS | H54: 3 | I54: 25106 | J54: 2025 | K54: 29 | M54: Cran | N54: Navabi | O54: 8 | P54: 6 | Q54: 59 | R54: 14.1 | S54: 1191 | T54: =I54*1000+C54 -> 25106806 | U54: 1642 | V54: 45866 | W54: 45918 | X54: 61.81 | Y54: 41
A55: 1AB6B99611 | B55: REG | C55: =O55*100+P55 -> 807 | D55: 25106807 | E55: 2 | F55: 3 | G55: LODS | H55: 1 | I55: 25106 | J55: 2025 | K55: 28 | M55: cran | N55: ETNA | O55: 8 | P55: 7 | Q55: 61 | R55: 15.4 | S55: 1353 | T55: =I55*1000+C55 -> 25106807 | U55: 1837 | V55: 45866 | W55: 45916 | X55: 62.93 | Y55: 56
A56: 1A2089FC55 | B56: REG | C56: =O56*100+P56 -> 808 | D56: 25106808 | E56: 3 | F56: 3 | G56: LODS | H56: 2 | I56: 25106 | J56: 2025 | K56: 27 | L56: cran | M56: TV | N56: Krimson | O56: 8 | P56: 8 | Q56: 57 | R56: 14 | S56: 698 | T56: =I56*1000+C56 -> 25106808 | U56: 963 | V56: 45866 | W56: 45916 | X56: 59.78 | Y56: 57
A57: 1046AA4F47 | B57: REG | C57: =O57*100+P57 -> 809 | D57: 25106809 | E57: 1 | F57: 3 | G57: LODS | H57: 0 | I57: 25106 | J57: 2025 | K57: 26 | M57: cran | N57: PVCRPI19 3 | O57: 8 | P57: 9 | Q57: 57 | R57: 15.1 | S57: 1129 | T57: =I57*1000+C57 -> 25106809 | U57: 1538 | V57: 45866 | W57: 45922 | X57: 59.02 | Y57: 72
A58: 1A8C69A268 | B58: PYT | C58: =O58*100+P58 -> 101 | D58: 25107101 | E58: 1 | F58: 1 | G58: LODS | H58: 0 | I58: 25107 | J58: 2025 | K58: 1 | L58: B | N58: A19042-002-001-0001 | O58: 1 | P58: 1 | Q58: 32 | R58: 11.5 | S58: 729 | T58: =I58*1000+C58 -> 25107101 | U58: 1035.2455 | V58: 45879 | W58: 45937 | Y58: 1
A59: 104CB5640D | B59: PYT | C59: =O59*100+P59 -> 102 | D59: 25107102 | E59: 2 | F59: 1 | G59: LODS | H59: 0 | I59: 25107 | J59: 2025 | K59: 2 | L59: B | N59: A19042-002-001-0002 | O59: 1 | P59: 2 | Q59: 30 | R59: 15.4 | S59: 977 | T59: =I59*1000+C59 -> 25107102 | U59: 1326.2869 | V59: 45876 | W59: 45933 | Y59: 12
A60: 1E7EFA9CE0 | B60: PYT | C60: =O60*100+P60 -> 103 | D60: 25107103 | E60: 3 | F60: 1 | G60: LODS | H60: 0 | I60: 25107 | J60: 2025 | K60: 3 | L60: N | N60: A19042-002-002-0001 | O60: 1 | P60: 3 | Q60: 29 | R60: 16.2 | S60: 1778 | T60: =I60*1000+C60 -> 25107103 | U60: 2390.828 | V60: 45877 | W60: 45933 | Y60: 13
A61: 15DB02F182 | B61: PYT | C61: =O61*100+P61 -> 104 | D61: 25107104 | E61: 4 | F61: 1 | G61: LODS | H61: 0 | I61: 25107 | J61: 2025 | K61: 4 | L61: N | N61: A19042-002-002-0002 | O61: 1 | P61: 4 | Q61: 29 | R61: 16 | S61: 1846 | T61: =I61*1000+C61 -> 25107104 | U61: 2488.19 | V61: 45882 | W61: 45933 | Y61: 24
A62: 1B03231318 | B62: PYT | C62: =O62*100+P62 -> 105 | D62: 25107105 | E62: 5 | F62: 1 | G62: LODS | H62: 1 | I62: 25107 | J62: 2025 | K62: 5 | N62: PVBLPI19-1 | O62: 1 | P62: 5 | Q62: 28 | R62: 13.6 | S62: 1807 | T62: =I62*1000+C62 -> 25107105 | U62: 2505.2118 | V62: 45876 | W62: 45933 | Y62: 25
A63: 1225D926CA | B63: PYT | C63: =O63*100+P63 -> 106 | D63: 25107106 | E63: 6 | F63: 1 | G63: LODS | H63: 2 | I63: 25107 | J63: 2025 | K63: 6 | L63: BC088 | M63: Phaseolus vulgaris | N63: Zorro | O63: 1 | P63: 6 | Q63: 30 | R63: 15.4 | S63: 1706 | T63: =I63*1000+C63 -> 25107106 | U63: 2315.9114 | V63: 45882 | W63: 45933 | Y63: 36
A64: 158F849074 | B64: PYT | C64: =O64*100+P64 -> 107 | D64: 25107107 | E64: 7 | F64: 1 | G64: LODS | H64: 3 | I64: 25107 | J64: 2025 | K64: 7 | L64: BC354 | M64: Phaseolus vulgaris | N64: T9905 | O64: 1 | P64: 7 | Q64: 30 | R64: 15.9 | S64: 1488 | T64: =I64*1000+C64 -> 25107107 | U64: 2008.0359 | V64: 45877 | W64: 45931 | Y64: 37
A65: 141C05140B | B65: PYT | C65: =O65*100+P65 -> 108 | D65: 25107108 | E65: 4 | F65: 2 | G65: LODS | H65: 0 | I65: 25107 | J65: 2025 | K65: 8 | L65: N | N65: A19042-002-002-0002 | O65: 1 | P65: 8 | Q65: 29 | R65: 13.1 | S65: 1827 | T65: =I65*1000+C65 -> 25107108 | U65: 2547.5979 | V65: 45881 | W65: 45931 | Y65: 48
A66: 128FD8A129 | B66: PYT | C66: =O66*100+P66 -> 109 | D66: 25107109 | E66: 2 | F66: 2 | G66: LODS | H66: 0 | I66: 25107 | J66: 2025 | K66: 9 | L66: B | N66: A19042-002-001-0002 | O66: 1 | P66: 9 | Q66: 27 | R66: 14 | S66: 1148 | T66: =I66*1000+C66 -> 25107109 | U66: 1584.2105 | V66: 45882 | W66: 45931 | Y66: 49
A67: 11E909B137 | B67: PYT | C67: =O67*100+P67 -> 110 | D67: 25107110 | E67: 1 | F67: 2 | G67: LODS | H67: 0 | I67: 25107 | J67: 2025 | K67: 10 | L67: B | N67: A19042-002-001-0001 | O67: 1 | P67: 10 | Q67: 36 | R67: 10.2 | S67: 1100 | T67: =I67*1000+C67 -> 25107110 | U67: 1585.0449 | V67: 45879 | W67: 45931 | Y67: 60
A68: 115C9DFEA2 | B68: PYT | C68: =O68*100+P68 -> 111 | D68: 25107111 | E68: 5 | F68: 2 | G68: LODS | H68: 1 | I68: 25107 | J68: 2025 | K68: 11 | N68: PVBLPI19-1 | O68: 1 | P68: 11 | Q68: 29 | R68: 13.6 | S68: 1470 | T68: =I68*1000+C68 -> 25107111 | U68: 2037.9974 | V68: 45880 | W68: 45931 | Y68: 61
A69: 1E61F12FF6 | B69: PYT | C69: =O69*100+P69 -> 112 | D69: 25107112 | E69: 3 | F69: 2 | G69: LODS | H69: 0 | I69: 25107 | J69: 2025 | K69: 12 | L69: N | N69: A19042-002-002-0001 | O69: 1 | P69: 12 | Q69: 28 | R69: 13 | S69: 2821 | T69: =I69*1000+C69 -> 25107112 | U69: 3938.1739 | V69: 45881 | W69: 45936 | Y69: 72
A70: 13F8719D13 | B70: PYT | C70: =O70*100+P70 -> 204 | D70: 25107204 | E70: 5 | F70: 3 | G70: LODS | H70: 1 | I70: 25107 | J70: 2025 | K70: 21 | N70: PVBLPI19-1 | O70: 2 | P70: 4 | Q70: 28 | R70: 15.8 | S70: 1973 | T70: =I70*1000+C70 -> 25107204 | U70: 2665.7028 | V70: 45880 | W70: 45933 | Y70: 23
A71: 13A34F1A2F | B71: PYT | C71: =O71*100+P71 -> 205 | D71: 25107205 | E71: 2 | F71: 3 | G71: LODS | H71: 0 | I71: 25107 | J71: 2025 | K71: 20 | L71: B | N71: A19042-002-001-0002 | O71: 2 | P71: 5 | Q71: 28 | R71: 15.1 | S71: 2012 | T71: =I71*1000+C71 -> 25107205 | U71: 2740.9949 | V71: 45880 | W71: 45933 | Y71: 26
A72: 1A8CE2F5C5 | B72: PYT | C72: =O72*100+P72 -> 206 | D72: 25107206 | E72: 1 | F72: 3 | G72: LODS | H72: 0 | I72: 25107 | J72: 2025 | K72: 19 | L72: B | N72: A19042-002-001-0001 | O72: 2 | P72: 6 | Q72: 29 | R72: 15.7 | S72: 1348 | T72: =I72*1000+C72 -> 25107206 | U72: 1823.4339 | V72: 45880 | Y72: 35
A73: 1D439360BB | B73: PYT | C73: =O73*100+P73 -> 207 | D73: 25107207 | E73: 3 | F73: 3 | G73: LODS | H73: 0 | I73: 25107 | J73: 2025 | K73: 18 | L73: N | N73: A19042-002-002-0001 | O73: 2 | P73: 7 | Q73: 30 | R73: 17.3 | S73: 1748 | T73: =I73*1000+C73 -> 25107207 | U73: 2319.6341 | V73: 45880 | W73: 45933 | Y73: 38
A74: 163A818A0E | B74: PYT | C74: =O74*100+P74 -> 208 | D74: 25107208 | E74: 4 | F74: 3 | G74: LODS | H74: 0 | I74: 25107 | J74: 2025 | K74: 17 | L74: N | N74: A19042-002-002-0002 | O74: 2 | P74: 8 | Q74: 26 | R74: 18.3 | S74: 1362 | T74: =I74*1000+C74 -> 25107208 | U74: 1785.5488 | V74: 45880 | W74: 45933 | Y74: 47
A75: 1A5E7FEB6B | B75: PYT | C75: =O75*100+P75 -> 209 | D75: 25107209 | E75: 6 | F75: 3 | G75: LODS | H75: 2 | I75: 25107 | J75: 2025 | K75: 16 | L75: BC088 | M75: Phaseolus vulgaris | N75: Zorro | O75: 2 | P75: 9 | Q75: 30 | R75: 16.5 | S75: 1095 | T75: =I75*1000+C75 -> 25107209 | U75: 1467.1454 | V75: 45880 | W75: 45931 | Y75: 50
A76: 133C3A6663 | B76: PYT | C76: =O76*100+P76 -> 210 | D76: 25107210 | E76: 7 | F76: 3 | G76: LODS | H76: 3 | I76: 25107 | J76: 2025 | K76: 15 | L76: BC354 | M76: Phaseolus vulgaris | N76: T9905 | O76: 2 | P76: 10 | Q76: 25 | R76: 14.5 | S76: 1166 | T76: =I76*1000+C76 -> 25107210 | U76: 1599.6951 | V76: 45876 | W76: 45931 | Y76: 59
A77: 1880AE36C1 | B77: PYT | C77: =O77*100+P77 -> 211 | D77: 25107211 | E77: 7 | F77: 2 | G77: LODS | H77: 3 | I77: 25107 | J77: 2025 | K77: 14 | L77: BC354 | M77: Phaseolus vulgaris | N77: T9905 | O77: 2 | P77: 11 | Q77: 30 | R77: 15.6 | S77: 1237 | T77: =I77*1000+C77 -> 25107211 | U77: 1675.2696 | V77: 45880 | W77: 45936 | Y77: 62
A78: 1FA16969B8 | B78: PYT | C78: =O78*100+P78 -> 212 | D78: 25107212 | E78: 6 | F78: 2 | G78: LODS | H78: 2 | I78: 25107 | J78: 2025 | K78: 13 | L78: BC088 | M78: Phaseolus vulgaris | N78: Zorro | O78: 2 | P78: 12 | Q78: 33 | R78: 16.2 | S78: 1720 | T78: =I78*1000+C78 -> 25107212 | U78: 2312.837 | V78: 45879 | W78: 45933 | Y78: 71
A79: 1AA824EAF3 | B79: PYT | C79: =O79*100+P79 -> 301 | D79: 25110301 | E79: 1 | F79: 1 | G79: LODS | H79: 0 | I79: 25110 | J79: 2025 | K79: 1 | L79: C | N79: A19056-003-001-0001 | O79: 3 | P79: 1 | Q79: 56 | R79: 12.3 | S79: 1267 | T79: =I79*1000+C79 -> 25110301 | U79: 1782.9894 | V79: 45870 | W79: 45931 | Y79: 3
A80: 1381ED908B | B80: PYT | C80: =O80*100+P80 -> 302 | D80: 25110302 | E80: 2 | F80: 1 | G80: LODS | H80: 0 | I80: 25110 | J80: 2025 | K80: 2 | L80: C | N80: A19050-003-001-0002 | O80: 3 | P80: 2 | Q80: 57 | R80: 14.2 | S80: 1075 | T80: =I80*1000+C80 -> 25110302 | U80: 1480.0225 | V80: 45873 | W80: 45927 | Y80: 10
A81: 1E82D7917E | B81: PYT | C81: =O81*100+P81 -> 303 | D81: 25110303 | E81: 3 | F81: 1 | G81: LODS | H81: 0 | I81: 25110 | J81: 2025 | K81: 3 | L81: C | N81: A19047-003-001-0001 | O81: 3 | P81: 3 | Q81: 55 | R81: 13.3 | S81: 1158 | T81: =I81*1000+C81 -> 25110303 | U81: 1611.0173 | V81: 45873 | W81: 45927 | Y81: 15
A82: 189CB216BF | B82: PYT | C82: =O82*100+P82 -> 304 | D82: 25110304 | E82: 4 | F82: 1 | G82: LODS | H82: 0 | I82: 25110 | J82: 2025 | K82: 4 | L82: C | N82: A19074-003-001-0002 | O82: 3 | P82: 4 | Q82: 61 | R82: 14.5 | S82: 776 | T82: =I82*1000+C82 -> 25110304 | U82: 1064.6341 | V82: 45873 | W82: 45927 | Y82: 22
A83: 142BBFA1FA | B83: PYT | C83: =O83*100+P83 -> 305 | D83: 25110305 | E83: 5 | F83: 1 | G83: LODS | H83: 0 | I83: 25110 | J83: 2025 | K83: 5 | L83: C | N83: A19074-003-002-0001 | O83: 3 | P83: 5 | Q83: 57 | R83: 15.5 | S83: 1176 | T83: =I83*1000+C83 -> 25110305 | U83: 1594.5443 | V83: 45873 | W83: 45931 | Y83: 27
A84: 177084EC32 | B84: PYT | C84: =O84*100+P84 -> 306 | D84: 25110306 | E84: 6 | F84: 1 | G84: LODS | H84: 0 | I84: 25110 | J84: 2025 | K84: 6 | L84: C | N84: A19074-003-002-0002 | O84: 3 | P84: 6 | Q84: 57 | R84: 13.8 | S84: 633 | T84: =I84*1000+C84 -> 25110306 | U84: 875.5552 | V84: 45872 | W84: 45927 | Y84: 34
A85: 1FF1F386CE | B85: PYT | C85: =O85*100+P85 -> 307 | D85: 25110307 | E85: 7 | F85: 1 | G85: LODS | H85: 0 | I85: 25110 | J85: 2025 | K85: 7 | L85: C | N85: A19074-003-002-0003 | O85: 3 | P85: 7 | Q85: 54 | R85: 11.7 | S85: 1051 | T85: =I85*1000+C85 -> 25110307 | U85: 1489.1415 | V85: 45874 | W85: 45931 | Y85: 39
A86: 1BD5E6AEC2 | B86: PYT | C86: =O86*100+P86 -> 308 | D86: 25110308 | E86: 8 | F86: 1 | G86: LODS | H86: 0 | I86: 25110 | J86: 2025 | K86: 8 | L86: C | N86: A19106-005-001-0001 | O86: 3 | P86: 8 | Q86: 56 | R86: 9 | S86: 918 | T86: =I86*1000+C86 -> 25110308 | U86: 1340.4685 | V86: 45871 | W86: 45927 | Y86: 46
A87: 16D1427F07 | B87: PYT | C87: =O87*100+P87 -> 309 | D87: 25110309 | E87: 9 | F87: 1 | G87: LODS | H87: 0 | I87: 25110 | J87: 2025 | K87: 9 | L87: C | N87: A19106-005-001-0002 | O87: 3 | P87: 9 | Q87: 31 | R87: 10 | S87: 1063 | T87: =I87*1000+C87 -> 25110309 | U87: 1535.1412 | V87: 45880 | W87: 45922 | Y87: 51
A88: 19D681042B | B88: PYT | C88: =O88*100+P88 -> 310 | D88: 25110310 | E88: 10 | F88: 1 | G88: LODS | H88: 0 | I88: 25110 | J88: 2025 | K88: 10 | L88: C | N88: A19051-002-003-0001 | O88: 3 | P88: 10 | Q88: 68 | R88: 11.2 | S88: 748 | T88: =I88*1000+C88 -> 25110310 | U88: 1065.828 | V88: 45875 | W88: 45933 | Y88: 58
A89: 11F22CF42F | B89: PYT | C89: =O89*100+P89 -> 311 | D89: 25110311 | E89: 11 | F89: 1 | G89: LODS | H89: 0 | I89: 25110 | J89: 2025 | K89: 11 | L89: C | N89: A19051-002-003-0002 | O89: 3 | P89: 11 | Q89: 64 | R89: 13.1 | S89: 613 | T89: =I89*1000+C89 -> 25110311 | U89: 854.77696 | V89: 45874 | W89: 45937 | Y89: 63
A90: 111117DBA5 | B90: PYT | C90: =O90*100+P90 -> 312 | D90: 25110312 | E90: 12 | F90: 1 | G90: LODS | H90: 0 | I90: 25110 | J90: 2025 | K90: 12 | L90: C | N90: A19083-006-002-0001 | O90: 3 | P90: 12 | Q90: 53 | R90: 11.2 | S90: 1053 | T90: =I90*1000+C90 -> 25110312 | U90: 1500.4236 | V90: 45874 | W90: 45933 | Y90: 70
A91: 140B64EF77 | B91: PYT | C91: =O91*100+P91 -> 401 | D91: 25110401 | E91: 3 | F91: 2 | G91: LODS | H91: 0 | I91: 25110 | J91: 2025 | K91: 24 | L91: C | N91: A19047-003-001-0001 | O91: 4 | P91: 1 | Q91: 58 | R91: 9.9 | S91: 704 | T91: =I91*1000+C91 -> 25110401 | U91: 1017.8177 | V91: 45870 | W91: 45924 | Y91: 4
A92: 1D52B5C113 | B92: PYT | C92: =O92*100+P92 -> 402 | D92: 25110402 | E92: 15 | F92: 2 | G92: LODS | H92: 1 | I92: 25110 | J92: 2025 | K92: 23 | M92: cran | N92: ETNA | O92: 4 | P92: 2 | Q92: 55 | R92: 14.9 | S92: 655 | T92: =I92*1000+C92 -> 25110402 | U92: 894.42394 | V92: 45870 | W92: 45919 | Y92: 9
A93: 14070E39C2 | B93: PYT | C93: =O93*100+P93 -> 403 | D93: 25110403 | E93: 7 | F93: 2 | G93: LODS | H93: 0 | I93: 25110 | J93: 2025 | K93: 22 | L93: C | N93: A19074-003-002-0003 | O93: 4 | P93: 3 | Q93: 53 | R93: 13.5 | S93: 978 | T93: =I93*1000+C93 -> 25110403 | U93: 1357.4615 | V93: 45870 | W93: 45924 | Y93: 16
A94: 14B3E71372 | B94: PYT | C94: =O94*100+P94 -> 404 | D94: 25110404 | E94: 14 | F94: 2 | G94: LODS | H94: 0 | I94: 25110 | J94: 2025 | K94: 21 | L94: C | N94: A19051-007-002-0001 | O94: 4 | P94: 4 | Q94: 61 | R94: 9.3 | S94: 911 | T94: =I94*1000+C94 -> 25110404 | U94: 1325.8617 | V94: 45875 | W94: 45937 | Y94: 21
A95: 186D87A9FC | B95: PYT | C95: =O95*100+P95 -> 405 | D95: 25110405 | E95: 9 | F95: 2 | G95: LODS | H95: 0 | I95: 25110 | J95: 2025 | K95: 20 | L95: C | N95: A19106-005-001-0002 | O95: 4 | P95: 5 | Q95: 28 | R95: 10 | S95: 1457 | T95: =I95*1000+C95 -> 25110405 | U95: 2104.1399 | V95: 45876 | W95: 45933 | Y95: 28
A96: 15C0D0FC8F | B96: PYT | C96: =O96*100+P96 -> 406 | D96: 25110406 | E96: 8 | F96: 2 | G96: LODS | H96: 0 | I96: 25110 | J96: 2025 | K96: 19 | L96: C | N96: A19106-005-001-0001 | O96: 4 | P96: 6 | Q96: 56 | R96: 9.8 | S96: 984 | T96: =I96*1000+C96 -> 25110406 | U96: 1424.2105 | V96: 45871 | W96: 45922 | Y96: 33
A97: 16800A41FC | B97: PYT | C97: =O97*100+P97 -> 407 | D97: 25110407 | E97: 11 | F97: 2 | G97: LODS | H97: 0 | I97: 25110 | J97: 2025 | K97: 18 | L97: C | N97: A19051-002-003-0002 | O97: 4 | P97: 7 | Q97: 66 | R97: 12.4 | S97: 761 | T97: =I97*1000+C97 -> 25110407 | U97: 1069.6983 | V97: 45875 | W97: 45937 | Y97: 40
A98: 1.115807e+78 | B98: PYT | C98: =O98*100+P98 -> 408 | D98: 25110408 | E98: 1 | F98: 2 | G98: LODS | H98: 0 | I98: 25110 | J98: 2025 | K98: 17 | L98: C | N98: A19056-003-001-0001 | O98: 4 | P98: 8 | T98: =I98*1000+C98 -> 25110408 | V98: 45868 | W98: 45927 | Y98: 45
A99: 197F92CFE7 | B99: PYT | C99: =O99*100+P99 -> 409 | D99: 25110409 | E99: 10 | F99: 2 | G99: LODS | H99: 0 | I99: 25110 | J99: 2025 | K99: 16 | L99: C | N99: A19051-002-003-0001 | O99: 4 | P99: 9 | Q99: 64 | R99: 12.7 | S99: 287 | T99: =I99*1000+C99 -> 25110409 | U99: 402.03947 | V99: 45875 | W99: 45924 | Y99: 52
A100: 11EA6810D4 | B100: PYT | C100: =O100*100+P100 -> 410 | D100: 25110410 | E100: 15 | F100: 1 | G100: LODS | H100: 1 | I100: 25110 | J100: 2025 | K100: 15 | M100: cran | N100: ETNA | O100: 4 | P100: 10 | Q100: 55 | R100: 12.9 | S100: 599 | T100: =I100*1000+C100 -> 25110410 | U100: 837.17747 | V100: 45870 | W100: 45922 | Y100: 57
...
